2025-07-08 17:36:46,221:WARNING:
'cuml' is a soft dependency and not included in the pycaret installation. Please run: `pip install cuml` to install.
2025-07-08 17:36:46,221:WARNING:
'cuml' is a soft dependency and not included in the pycaret installation. Please run: `pip install cuml` to install.
2025-07-08 17:36:46,221:WARNING:
'cuml' is a soft dependency and not included in the pycaret installation. Please run: `pip install cuml` to install.
2025-07-08 17:36:46,221:WARNING:
'cuml' is a soft dependency and not included in the pycaret installation. Please run: `pip install cuml` to install.
2025-07-09 01:14:36,662:WARNING:
'cuml' is a soft dependency and not included in the pycaret installation. Please run: `pip install cuml` to install.
2025-07-09 01:14:36,662:WARNING:
'cuml' is a soft dependency and not included in the pycaret installation. Please run: `pip install cuml` to install.
2025-07-09 01:14:36,662:WARNING:
'cuml' is a soft dependency and not included in the pycaret installation. Please run: `pip install cuml` to install.
2025-07-09 01:14:36,662:WARNING:
'cuml' is a soft dependency and not included in the pycaret installation. Please run: `pip install cuml` to install.
2025-07-09 01:21:36,575:WARNING:
'cuml' is a soft dependency and not included in the pycaret installation. Please run: `pip install cuml` to install.
2025-07-09 01:21:36,575:WARNING:
'cuml' is a soft dependency and not included in the pycaret installation. Please run: `pip install cuml` to install.
2025-07-09 01:21:36,575:WARNING:
'cuml' is a soft dependency and not included in the pycaret installation. Please run: `pip install cuml` to install.
2025-07-09 01:21:36,575:WARNING:
'cuml' is a soft dependency and not included in the pycaret installation. Please run: `pip install cuml` to install.
2025-07-09 01:39:31,251:WARNING:
'cuml' is a soft dependency and not included in the pycaret installation. Please run: `pip install cuml` to install.
2025-07-09 01:39:31,251:WARNING:
'cuml' is a soft dependency and not included in the pycaret installation. Please run: `pip install cuml` to install.
2025-07-09 01:39:31,251:WARNING:
'cuml' is a soft dependency and not included in the pycaret installation. Please run: `pip install cuml` to install.
2025-07-09 01:39:31,251:WARNING:
'cuml' is a soft dependency and not included in the pycaret installation. Please run: `pip install cuml` to install.
2025-07-09 01:41:17,550:INFO:PyCaret ClassificationExperiment
2025-07-09 01:41:17,550:INFO:Logging name: clf-default-name
2025-07-09 01:41:17,550:INFO:ML Usecase: MLUsecase.CLASSIFICATION
2025-07-09 01:41:17,550:INFO:version 3.3.2
2025-07-09 01:41:17,550:INFO:Initializing setup()
2025-07-09 01:41:17,550:INFO:self.USI: 5fdb
2025-07-09 01:41:17,550:INFO:self._variable_keys: {'fix_imbalance', '_ml_usecase', 'target_param', 'seed', 'X_train', 'fold_groups_param', 'USI', '_available_plots', 'memory', 'X', 'fold_shuffle_param', 'y_test', 'logging_param', 'html_param', 'exp_id', 'X_test', 'is_multiclass', 'y_train', 'idx', 'pipeline', 'y', 'gpu_param', 'n_jobs_param', 'log_plots_param', 'exp_name_log', 'gpu_n_jobs_param', 'fold_generator', 'data'}
2025-07-09 01:41:17,550:INFO:Checking environment
2025-07-09 01:41:17,550:INFO:python_version: 3.11.7
2025-07-09 01:41:17,550:INFO:python_build: ('main', 'Dec 15 2023 18:05:47')
2025-07-09 01:41:17,550:INFO:machine: AMD64
2025-07-09 01:41:17,550:INFO:platform: Windows-10-10.0.26100-SP0
2025-07-09 01:41:17,550:INFO:Memory: svmem(total=8265125888, available=1495347200, percent=81.9, used=6769778688, free=1495347200)
2025-07-09 01:41:17,550:INFO:Physical Core: 10
2025-07-09 01:41:17,550:INFO:Logical Core: 12
2025-07-09 01:41:17,550:INFO:Checking libraries
2025-07-09 01:41:17,550:INFO:System:
2025-07-09 01:41:17,550:INFO:    python: 3.11.7 | packaged by Anaconda, Inc. | (main, Dec 15 2023, 18:05:47) [MSC v.1916 64 bit (AMD64)]
2025-07-09 01:41:17,550:INFO:executable: C:\Users\gusta\anaconda3\python.exe
2025-07-09 01:41:17,550:INFO:   machine: Windows-10-10.0.26100-SP0
2025-07-09 01:41:17,550:INFO:PyCaret required dependencies:
2025-07-09 01:41:20,668:INFO:                 pip: 23.3.1
2025-07-09 01:41:20,668:INFO:          setuptools: 68.2.2
2025-07-09 01:41:20,668:INFO:             pycaret: 3.3.2
2025-07-09 01:41:20,668:INFO:             IPython: 8.20.0
2025-07-09 01:41:20,668:INFO:          ipywidgets: 7.6.5
2025-07-09 01:41:20,668:INFO:                tqdm: 4.65.0
2025-07-09 01:41:20,668:INFO:               numpy: 1.26.4
2025-07-09 01:41:20,668:INFO:              pandas: 2.1.4
2025-07-09 01:41:20,668:INFO:              jinja2: 3.1.3
2025-07-09 01:41:20,668:INFO:               scipy: 1.11.4
2025-07-09 01:41:20,668:INFO:              joblib: 1.3.2
2025-07-09 01:41:20,668:INFO:             sklearn: 1.4.2
2025-07-09 01:41:20,668:INFO:                pyod: 2.0.5
2025-07-09 01:41:20,668:INFO:            imblearn: 0.13.0
2025-07-09 01:41:20,668:INFO:   category_encoders: 2.7.0
2025-07-09 01:41:20,668:INFO:            lightgbm: 4.6.0
2025-07-09 01:41:20,668:INFO:               numba: 0.59.0
2025-07-09 01:41:20,668:INFO:            requests: 2.32.3
2025-07-09 01:41:20,668:INFO:          matplotlib: 3.8.0
2025-07-09 01:41:20,668:INFO:          scikitplot: 0.3.7
2025-07-09 01:41:20,668:INFO:         yellowbrick: 1.5
2025-07-09 01:41:20,668:INFO:              plotly: 5.24.1
2025-07-09 01:41:20,668:INFO:    plotly-resampler: Not installed
2025-07-09 01:41:20,668:INFO:             kaleido: 1.0.0
2025-07-09 01:41:20,668:INFO:           schemdraw: 0.15
2025-07-09 01:41:20,668:INFO:         statsmodels: 0.14.0
2025-07-09 01:41:20,668:INFO:              sktime: 0.26.0
2025-07-09 01:41:20,668:INFO:               tbats: 1.1.3
2025-07-09 01:41:20,668:INFO:            pmdarima: 2.0.4
2025-07-09 01:41:20,668:INFO:              psutil: 5.9.0
2025-07-09 01:41:20,668:INFO:          markupsafe: 2.1.3
2025-07-09 01:41:20,668:INFO:             pickle5: Not installed
2025-07-09 01:41:20,668:INFO:         cloudpickle: 2.2.1
2025-07-09 01:41:20,668:INFO:         deprecation: 2.1.0
2025-07-09 01:41:20,668:INFO:              xxhash: 3.5.0
2025-07-09 01:41:20,673:INFO:           wurlitzer: Not installed
2025-07-09 01:41:20,673:INFO:PyCaret optional dependencies:
2025-07-09 01:41:20,679:INFO:                shap: Not installed
2025-07-09 01:41:20,679:INFO:           interpret: Not installed
2025-07-09 01:41:20,679:INFO:                umap: Not installed
2025-07-09 01:41:20,679:INFO:     ydata_profiling: 4.12.2
2025-07-09 01:41:20,679:INFO:  explainerdashboard: Not installed
2025-07-09 01:41:20,679:INFO:             autoviz: Not installed
2025-07-09 01:41:20,679:INFO:           fairlearn: Not installed
2025-07-09 01:41:20,679:INFO:          deepchecks: Not installed
2025-07-09 01:41:20,679:INFO:             xgboost: Not installed
2025-07-09 01:41:20,679:INFO:            catboost: Not installed
2025-07-09 01:41:20,679:INFO:              kmodes: Not installed
2025-07-09 01:41:20,679:INFO:             mlxtend: Not installed
2025-07-09 01:41:20,679:INFO:       statsforecast: Not installed
2025-07-09 01:41:20,679:INFO:        tune_sklearn: Not installed
2025-07-09 01:41:20,679:INFO:                 ray: Not installed
2025-07-09 01:41:20,679:INFO:            hyperopt: Not installed
2025-07-09 01:41:20,679:INFO:              optuna: Not installed
2025-07-09 01:41:20,679:INFO:               skopt: Not installed
2025-07-09 01:41:20,679:INFO:              mlflow: Not installed
2025-07-09 01:41:20,679:INFO:              gradio: Not installed
2025-07-09 01:41:20,679:INFO:             fastapi: Not installed
2025-07-09 01:41:20,679:INFO:             uvicorn: Not installed
2025-07-09 01:41:20,679:INFO:              m2cgen: Not installed
2025-07-09 01:41:20,679:INFO:           evidently: Not installed
2025-07-09 01:41:20,679:INFO:               fugue: Not installed
2025-07-09 01:41:20,679:INFO:           streamlit: 1.30.0
2025-07-09 01:41:20,679:INFO:             prophet: Not installed
2025-07-09 01:41:20,679:INFO:None
2025-07-09 01:41:20,679:INFO:Set up data.
2025-07-09 01:41:21,043:INFO:Set up folding strategy.
2025-07-09 01:41:21,043:INFO:Set up train/test split.
2025-07-09 01:41:21,344:INFO:Set up index.
2025-07-09 01:41:21,356:INFO:Assigning column types.
2025-07-09 01:41:21,399:INFO:Engine successfully changes for model 'lr' to 'sklearn'.
2025-07-09 01:41:21,433:INFO:Engine for model 'knn' has not been set explicitly, hence returning None.
2025-07-09 01:41:21,547:INFO:Engine for model 'rbfsvm' has not been set explicitly, hence returning None.
2025-07-09 01:41:21,572:WARNING:
'xgboost' is a soft dependency and not included in the pycaret installation. Please run: `pip install xgboost` to install.
Alternately, you can install this by running `pip install pycaret[models]`
2025-07-09 01:41:21,572:WARNING:
'catboost' is a soft dependency and not included in the pycaret installation. Please run: `pip install catboost` to install.
Alternately, you can install this by running `pip install pycaret[models]`
2025-07-09 01:41:21,594:INFO:Engine for model 'knn' has not been set explicitly, hence returning None.
2025-07-09 01:41:21,594:INFO:Engine for model 'rbfsvm' has not been set explicitly, hence returning None.
2025-07-09 01:41:21,603:WARNING:
'xgboost' is a soft dependency and not included in the pycaret installation. Please run: `pip install xgboost` to install.
Alternately, you can install this by running `pip install pycaret[models]`
2025-07-09 01:41:21,603:WARNING:
'catboost' is a soft dependency and not included in the pycaret installation. Please run: `pip install catboost` to install.
Alternately, you can install this by running `pip install pycaret[models]`
2025-07-09 01:41:21,603:INFO:Engine successfully changes for model 'knn' to 'sklearn'.
2025-07-09 01:41:21,641:INFO:Engine for model 'rbfsvm' has not been set explicitly, hence returning None.
2025-07-09 01:41:21,650:WARNING:
'xgboost' is a soft dependency and not included in the pycaret installation. Please run: `pip install xgboost` to install.
Alternately, you can install this by running `pip install pycaret[models]`
2025-07-09 01:41:21,650:WARNING:
'catboost' is a soft dependency and not included in the pycaret installation. Please run: `pip install catboost` to install.
Alternately, you can install this by running `pip install pycaret[models]`
2025-07-09 01:41:21,684:INFO:Engine for model 'rbfsvm' has not been set explicitly, hence returning None.
2025-07-09 01:41:21,703:WARNING:
'xgboost' is a soft dependency and not included in the pycaret installation. Please run: `pip install xgboost` to install.
Alternately, you can install this by running `pip install pycaret[models]`
2025-07-09 01:41:21,703:WARNING:
'catboost' is a soft dependency and not included in the pycaret installation. Please run: `pip install catboost` to install.
Alternately, you can install this by running `pip install pycaret[models]`
2025-07-09 01:41:21,703:INFO:Engine successfully changes for model 'rbfsvm' to 'sklearn'.
2025-07-09 01:41:21,746:WARNING:
'xgboost' is a soft dependency and not included in the pycaret installation. Please run: `pip install xgboost` to install.
Alternately, you can install this by running `pip install pycaret[models]`
2025-07-09 01:41:21,746:WARNING:
'catboost' is a soft dependency and not included in the pycaret installation. Please run: `pip install catboost` to install.
Alternately, you can install this by running `pip install pycaret[models]`
2025-07-09 01:41:21,790:WARNING:
'xgboost' is a soft dependency and not included in the pycaret installation. Please run: `pip install xgboost` to install.
Alternately, you can install this by running `pip install pycaret[models]`
2025-07-09 01:41:21,790:WARNING:
'catboost' is a soft dependency and not included in the pycaret installation. Please run: `pip install catboost` to install.
Alternately, you can install this by running `pip install pycaret[models]`
2025-07-09 01:41:21,856:INFO:Preparing preprocessing pipeline...
2025-07-09 01:41:21,862:INFO:Set up simple imputation.
2025-07-09 01:41:21,941:INFO:Set up encoding of ordinal features.
2025-07-09 01:41:22,004:INFO:Set up encoding of categorical features.
2025-07-09 01:41:22,004:INFO:Set up column transformation.
2025-07-09 01:41:22,004:INFO:Set up feature normalization.
2025-07-09 01:41:43,146:INFO:Finished creating preprocessing pipeline.
2025-07-09 01:41:43,167:INFO:Pipeline: Pipeline(memory=FastMemory(location=C:\Users\gusta\AppData\Local\Temp\joblib),
         steps=[('numerical_imputer',
                 TransformerWrapper(exclude=None,
                                    include=['qtd_filhos', 'idade',
                                             'tempo_emprego',
                                             'qt_pessoas_residencia', 'renda'],
                                    transformer=SimpleImputer(add_indicator=False,
                                                              copy=True,
                                                              fill_value=None,
                                                              keep_empty_features=False,
                                                              missing_values=nan,
                                                              strategy='mean')...
                                                              handle_unknown='value',
                                                              return_df=True,
                                                              use_cat_names=True,
                                                              verbose=0))),
                ('transformation',
                 TransformerWrapper(exclude=None, include=None,
                                    transformer=PowerTransformer(copy=True,
                                                                 method='yeo-johnson',
                                                                 standardize=False))),
                ('normalize',
                 TransformerWrapper(exclude=None, include=None,
                                    transformer=StandardScaler(copy=True,
                                                               with_mean=True,
                                                               with_std=True)))],
         verbose=False)
2025-07-09 01:41:43,167:INFO:Creating final display dataframe.
2025-07-09 01:41:47,263:INFO:Setup _display_container:                     Description             Value
0                    Session id               123
1                        Target               mau
2                   Target type            Binary
3           Original data shape      (750000, 13)
4        Transformed data shape      (750000, 30)
5   Transformed train set shape      (600000, 30)
6    Transformed test set shape      (150000, 30)
7              Numeric features                 5
8          Categorical features                 7
9                    Preprocess              True
10              Imputation type            simple
11           Numeric imputation              mean
12       Categorical imputation              mode
13     Maximum one-hot encoding                25
14              Encoding method              None
15               Transformation              True
16        Transformation method       yeo-johnson
17                    Normalize              True
18             Normalize method            zscore
19               Fold Generator   StratifiedKFold
20                  Fold Number                 5
21                     CPU Jobs                -1
22                      Use GPU             False
23               Log Experiment             False
24              Experiment Name  clf-default-name
25                          USI              5fdb
2025-07-09 01:41:47,330:WARNING:
'xgboost' is a soft dependency and not included in the pycaret installation. Please run: `pip install xgboost` to install.
Alternately, you can install this by running `pip install pycaret[models]`
2025-07-09 01:41:47,330:WARNING:
'catboost' is a soft dependency and not included in the pycaret installation. Please run: `pip install catboost` to install.
Alternately, you can install this by running `pip install pycaret[models]`
2025-07-09 01:41:47,397:WARNING:
'xgboost' is a soft dependency and not included in the pycaret installation. Please run: `pip install xgboost` to install.
Alternately, you can install this by running `pip install pycaret[models]`
2025-07-09 01:41:47,397:WARNING:
'catboost' is a soft dependency and not included in the pycaret installation. Please run: `pip install catboost` to install.
Alternately, you can install this by running `pip install pycaret[models]`
2025-07-09 01:41:47,397:INFO:setup() successfully completed in 29.85s...............
2025-07-09 01:41:47,405:INFO:Initializing compare_models()
2025-07-09 01:41:47,405:INFO:compare_models(self=<pycaret.classification.oop.ClassificationExperiment object at 0x000001B975D62850>, include=None, exclude=None, fold=4, round=4, cross_validation=True, sort=Accuracy, n_select=1, budget_time=None, turbo=True, errors=ignore, fit_kwargs=None, groups=None, experiment_custom_tags=None, probability_threshold=None, verbose=True, parallel=None, caller_params={'self': <pycaret.classification.oop.ClassificationExperiment object at 0x000001B975D62850>, 'include': None, 'exclude': None, 'fold': 4, 'round': 4, 'cross_validation': True, 'sort': 'Accuracy', 'n_select': 1, 'budget_time': None, 'turbo': True, 'errors': 'ignore', 'fit_kwargs': None, 'groups': None, 'experiment_custom_tags': None, 'probability_threshold': None, 'engine': None, 'verbose': True, 'parallel': None, '__class__': <class 'pycaret.classification.oop.ClassificationExperiment'>})
2025-07-09 01:41:47,405:INFO:Checking exceptions
2025-07-09 01:41:47,508:INFO:Preparing display monitor
2025-07-09 01:41:47,529:INFO:Initializing Logistic Regression
2025-07-09 01:41:47,529:INFO:Total runtime is 0.0 minutes
2025-07-09 01:41:47,530:INFO:SubProcess create_model() called ==================================
2025-07-09 01:41:47,530:INFO:Initializing create_model()
2025-07-09 01:41:47,535:INFO:create_model(self=<pycaret.classification.oop.ClassificationExperiment object at 0x000001B975D62850>, estimator=lr, fold=StratifiedKFold(n_splits=4, random_state=None, shuffle=False), round=4, cross_validation=True, predict=True, fit_kwargs={}, groups=None, refit=False, probability_threshold=None, experiment_custom_tags=None, verbose=False, system=False, add_to_model_list=True, metrics=None, display=<pycaret.internal.display.display.CommonDisplay object at 0x000001B975CF4DD0>, model_only=True, return_train_score=False, error_score=0.0, kwargs={})
2025-07-09 01:41:47,535:INFO:Checking exceptions
2025-07-09 01:41:47,535:INFO:Importing libraries
2025-07-09 01:41:47,535:INFO:Copying training dataset
2025-07-09 01:41:47,757:INFO:Defining folds
2025-07-09 01:41:47,761:INFO:Declaring metric variables
2025-07-09 01:41:47,765:INFO:Importing untrained model
2025-07-09 01:41:47,768:INFO:Logistic Regression Imported successfully
2025-07-09 01:41:47,774:INFO:Starting cross validation
2025-07-09 01:41:47,776:INFO:Cross validating with StratifiedKFold(n_splits=4, random_state=None, shuffle=False), n_jobs=-1
2025-07-09 01:42:21,309:INFO:Calculating mean and std
2025-07-09 01:42:21,311:INFO:Creating metrics dataframe
2025-07-09 01:42:21,315:INFO:Uploading results into container
2025-07-09 01:42:21,315:INFO:Uploading model into container now
2025-07-09 01:42:21,318:INFO:_master_model_container: 1
2025-07-09 01:42:21,318:INFO:_display_container: 2
2025-07-09 01:42:21,318:INFO:LogisticRegression(C=1.0, class_weight=None, dual=False, fit_intercept=True,
                   intercept_scaling=1, l1_ratio=None, max_iter=1000,
                   multi_class='auto', n_jobs=None, penalty='l2',
                   random_state=123, solver='lbfgs', tol=0.0001, verbose=0,
                   warm_start=False)
2025-07-09 01:42:21,318:INFO:create_model() successfully completed......................................
2025-07-09 01:42:21,517:INFO:SubProcess create_model() end ==================================
2025-07-09 01:42:21,517:INFO:Creating metrics dataframe
2025-07-09 01:42:21,521:INFO:Initializing K Neighbors Classifier
2025-07-09 01:42:21,521:INFO:Total runtime is 0.5665403207143148 minutes
2025-07-09 01:42:21,523:INFO:SubProcess create_model() called ==================================
2025-07-09 01:42:21,523:INFO:Initializing create_model()
2025-07-09 01:42:21,523:INFO:create_model(self=<pycaret.classification.oop.ClassificationExperiment object at 0x000001B975D62850>, estimator=knn, fold=StratifiedKFold(n_splits=4, random_state=None, shuffle=False), round=4, cross_validation=True, predict=True, fit_kwargs={}, groups=None, refit=False, probability_threshold=None, experiment_custom_tags=None, verbose=False, system=False, add_to_model_list=True, metrics=None, display=<pycaret.internal.display.display.CommonDisplay object at 0x000001B975CF4DD0>, model_only=True, return_train_score=False, error_score=0.0, kwargs={})
2025-07-09 01:42:21,523:INFO:Checking exceptions
2025-07-09 01:42:21,523:INFO:Importing libraries
2025-07-09 01:42:21,523:INFO:Copying training dataset
2025-07-09 01:42:21,745:INFO:Defining folds
2025-07-09 01:42:21,745:INFO:Declaring metric variables
2025-07-09 01:42:21,748:INFO:Importing untrained model
2025-07-09 01:42:21,753:INFO:K Neighbors Classifier Imported successfully
2025-07-09 01:42:21,760:INFO:Starting cross validation
2025-07-09 01:42:21,760:INFO:Cross validating with StratifiedKFold(n_splits=4, random_state=None, shuffle=False), n_jobs=-1
2025-07-09 01:55:31,938:INFO:Initializing compare_models()
2025-07-09 01:55:31,938:INFO:compare_models(self=<pycaret.classification.oop.ClassificationExperiment object at 0x000001B975D62850>, include=None, exclude=None, fold=4, round=4, cross_validation=True, sort=Accuracy, n_select=1, budget_time=None, turbo=True, errors=ignore, fit_kwargs=None, groups=None, experiment_custom_tags=None, probability_threshold=None, verbose=True, parallel=None, caller_params={'self': <pycaret.classification.oop.ClassificationExperiment object at 0x000001B975D62850>, 'include': None, 'exclude': None, 'fold': 4, 'round': 4, 'cross_validation': True, 'sort': 'Accuracy', 'n_select': 1, 'budget_time': None, 'turbo': True, 'errors': 'ignore', 'fit_kwargs': None, 'groups': None, 'experiment_custom_tags': None, 'probability_threshold': None, 'engine': None, 'verbose': True, 'parallel': None, '__class__': <class 'pycaret.classification.oop.ClassificationExperiment'>})
2025-07-09 01:55:31,938:INFO:Checking exceptions
2025-07-09 01:55:32,043:INFO:Preparing display monitor
2025-07-09 01:55:32,065:INFO:Initializing Logistic Regression
2025-07-09 01:55:32,065:INFO:Total runtime is 0.0 minutes
2025-07-09 01:55:32,065:INFO:SubProcess create_model() called ==================================
2025-07-09 01:55:32,065:INFO:Initializing create_model()
2025-07-09 01:55:32,065:INFO:create_model(self=<pycaret.classification.oop.ClassificationExperiment object at 0x000001B975D62850>, estimator=lr, fold=StratifiedKFold(n_splits=4, random_state=None, shuffle=False), round=4, cross_validation=True, predict=True, fit_kwargs={}, groups=None, refit=False, probability_threshold=None, experiment_custom_tags=None, verbose=False, system=False, add_to_model_list=True, metrics=None, display=<pycaret.internal.display.display.CommonDisplay object at 0x000001B96F2DEFD0>, model_only=True, return_train_score=False, error_score=0.0, kwargs={})
2025-07-09 01:55:32,065:INFO:Checking exceptions
2025-07-09 01:55:32,065:INFO:Importing libraries
2025-07-09 01:55:32,065:INFO:Copying training dataset
2025-07-09 01:55:32,239:INFO:Defining folds
2025-07-09 01:55:32,239:INFO:Declaring metric variables
2025-07-09 01:55:32,239:INFO:Importing untrained model
2025-07-09 01:55:32,239:INFO:Logistic Regression Imported successfully
2025-07-09 01:55:32,249:INFO:Starting cross validation
2025-07-09 01:55:32,255:INFO:Cross validating with StratifiedKFold(n_splits=4, random_state=None, shuffle=False), n_jobs=-1
2025-07-09 01:56:01,479:INFO:Calculating mean and std
2025-07-09 01:56:01,479:INFO:Creating metrics dataframe
2025-07-09 01:56:01,482:INFO:Uploading results into container
2025-07-09 01:56:01,482:INFO:Uploading model into container now
2025-07-09 01:56:01,482:INFO:_master_model_container: 2
2025-07-09 01:56:01,482:INFO:_display_container: 2
2025-07-09 01:56:01,482:INFO:LogisticRegression(C=1.0, class_weight=None, dual=False, fit_intercept=True,
                   intercept_scaling=1, l1_ratio=None, max_iter=1000,
                   multi_class='auto', n_jobs=None, penalty='l2',
                   random_state=123, solver='lbfgs', tol=0.0001, verbose=0,
                   warm_start=False)
2025-07-09 01:56:01,482:INFO:create_model() successfully completed......................................
2025-07-09 01:56:01,638:INFO:SubProcess create_model() end ==================================
2025-07-09 01:56:01,638:INFO:Creating metrics dataframe
2025-07-09 01:56:01,646:INFO:Initializing K Neighbors Classifier
2025-07-09 01:56:01,646:INFO:Total runtime is 0.49301476081212364 minutes
2025-07-09 01:56:01,652:INFO:SubProcess create_model() called ==================================
2025-07-09 01:56:01,652:INFO:Initializing create_model()
2025-07-09 01:56:01,652:INFO:create_model(self=<pycaret.classification.oop.ClassificationExperiment object at 0x000001B975D62850>, estimator=knn, fold=StratifiedKFold(n_splits=4, random_state=None, shuffle=False), round=4, cross_validation=True, predict=True, fit_kwargs={}, groups=None, refit=False, probability_threshold=None, experiment_custom_tags=None, verbose=False, system=False, add_to_model_list=True, metrics=None, display=<pycaret.internal.display.display.CommonDisplay object at 0x000001B96F2DEFD0>, model_only=True, return_train_score=False, error_score=0.0, kwargs={})
2025-07-09 01:56:01,652:INFO:Checking exceptions
2025-07-09 01:56:01,652:INFO:Importing libraries
2025-07-09 01:56:01,652:INFO:Copying training dataset
2025-07-09 01:56:01,837:INFO:Defining folds
2025-07-09 01:56:01,837:INFO:Declaring metric variables
2025-07-09 01:56:01,843:INFO:Importing untrained model
2025-07-09 01:56:01,848:INFO:K Neighbors Classifier Imported successfully
2025-07-09 01:56:01,855:INFO:Starting cross validation
2025-07-09 01:56:01,855:INFO:Cross validating with StratifiedKFold(n_splits=4, random_state=None, shuffle=False), n_jobs=-1
2025-07-09 02:01:25,725:INFO:Initializing compare_models()
2025-07-09 02:01:25,725:INFO:compare_models(self=<pycaret.classification.oop.ClassificationExperiment object at 0x000001B975D62850>, include=None, exclude=None, fold=4, round=4, cross_validation=True, sort=Accuracy, n_select=1, budget_time=None, turbo=True, errors=ignore, fit_kwargs=None, groups=None, experiment_custom_tags=None, probability_threshold=None, verbose=True, parallel=None, caller_params={'self': <pycaret.classification.oop.ClassificationExperiment object at 0x000001B975D62850>, 'include': None, 'exclude': None, 'fold': 4, 'round': 4, 'cross_validation': True, 'sort': 'Accuracy', 'n_select': 1, 'budget_time': None, 'turbo': True, 'errors': 'ignore', 'fit_kwargs': None, 'groups': None, 'experiment_custom_tags': None, 'probability_threshold': None, 'engine': None, 'verbose': True, 'parallel': None, '__class__': <class 'pycaret.classification.oop.ClassificationExperiment'>})
2025-07-09 02:01:25,725:INFO:Checking exceptions
2025-07-09 02:01:25,827:INFO:Preparing display monitor
2025-07-09 02:01:25,849:INFO:Initializing Logistic Regression
2025-07-09 02:01:25,849:INFO:Total runtime is 0.0 minutes
2025-07-09 02:01:25,861:INFO:SubProcess create_model() called ==================================
2025-07-09 02:01:25,861:INFO:Initializing create_model()
2025-07-09 02:01:25,861:INFO:create_model(self=<pycaret.classification.oop.ClassificationExperiment object at 0x000001B975D62850>, estimator=lr, fold=StratifiedKFold(n_splits=4, random_state=None, shuffle=False), round=4, cross_validation=True, predict=True, fit_kwargs={}, groups=None, refit=False, probability_threshold=None, experiment_custom_tags=None, verbose=False, system=False, add_to_model_list=True, metrics=None, display=<pycaret.internal.display.display.CommonDisplay object at 0x000001B975DAEFD0>, model_only=True, return_train_score=False, error_score=0.0, kwargs={})
2025-07-09 02:01:25,861:INFO:Checking exceptions
2025-07-09 02:01:25,861:INFO:Importing libraries
2025-07-09 02:01:25,861:INFO:Copying training dataset
2025-07-09 02:01:26,026:INFO:Defining folds
2025-07-09 02:01:26,026:INFO:Declaring metric variables
2025-07-09 02:01:26,026:INFO:Importing untrained model
2025-07-09 02:01:26,026:INFO:Logistic Regression Imported successfully
2025-07-09 02:01:26,040:INFO:Starting cross validation
2025-07-09 02:01:26,042:INFO:Cross validating with StratifiedKFold(n_splits=4, random_state=None, shuffle=False), n_jobs=-1
2025-07-09 02:01:30,440:WARNING:C:\Users\gusta\anaconda3\Lib\site-packages\pycaret\internal\pipeline.py:148: UserWarning: Version mismatch:
current: {'deps_info': {'pip': '23.3.1', 'setuptools': '68.2.2', 'pycaret': '3.3.2', 'IPython': '8.20.0', 'ipywidgets': '8.1.7', 'tqdm': '4.65.0', 'numpy': '1.26.4', 'pandas': '2.1.4', 'jinja2': '3.1.3', 'scipy': '1.11.4', 'joblib': '1.3.2', 'sklearn': '1.4.2', 'pyod': '2.0.5', 'imblearn': '0.13.0', 'category_encoders': '2.7.0', 'lightgbm': '4.6.0', 'numba': '0.59.0', 'requests': '2.32.3', 'matplotlib': '3.8.0', 'scikitplot': '0.3.7', 'yellowbrick': '1.5', 'plotly': '5.24.1', 'plotly-resampler': 'Not installed', 'kaleido': '1.0.0', 'schemdraw': '0.15', 'statsmodels': '0.14.0', 'sktime': '0.26.0', 'tbats': '1.1.3', 'pmdarima': '2.0.4', 'psutil': '5.9.0', 'markupsafe': '2.1.3', 'pickle5': 'Not installed', 'cloudpickle': '2.2.1', 'deprecation': '2.1.0', 'xxhash': '3.5.0', 'wurlitzer': 'Not installed'}, 'python': {'version': '3.11.7', 'machine': 'AMD64'}}
pickle: {'deps_info': {'pip': '23.3.1', 'setuptools': '68.2.2', 'pycaret': '3.3.2', 'IPython': '8.20.0', 'ipywidgets': '7.6.5', 'tqdm': '4.65.0', 'numpy': '1.26.4', 'pandas': '2.1.4', 'jinja2': '3.1.3', 'scipy': '1.11.4', 'joblib': '1.3.2', 'sklearn': '1.4.2', 'pyod': '2.0.5', 'imblearn': '0.13.0', 'category_encoders': '2.7.0', 'lightgbm': '4.6.0', 'numba': '0.59.0', 'requests': '2.32.3', 'matplotlib': '3.8.0', 'scikitplot': '0.3.7', 'yellowbrick': '1.5', 'plotly': '5.24.1', 'plotly-resampler': 'Not installed', 'kaleido': '1.0.0', 'schemdraw': '0.15', 'statsmodels': '0.14.0', 'sktime': '0.26.0', 'tbats': '1.1.3', 'pmdarima': '2.0.4', 'psutil': '5.9.0', 'markupsafe': '2.1.3', 'pickle5': 'Not installed', 'cloudpickle': '2.2.1', 'deprecation': '2.1.0', 'xxhash': '3.5.0', 'wurlitzer': 'Not installed'}, 'python': {'version': '3.11.7', 'machine': 'AMD64'}}
  warnings.warn(

2025-07-09 02:01:30,447:WARNING:C:\Users\gusta\anaconda3\Lib\site-packages\pycaret\internal\pipeline.py:148: UserWarning: Version mismatch:
current: {'deps_info': {'pip': '23.3.1', 'setuptools': '68.2.2', 'pycaret': '3.3.2', 'IPython': '8.20.0', 'ipywidgets': '8.1.7', 'tqdm': '4.65.0', 'numpy': '1.26.4', 'pandas': '2.1.4', 'jinja2': '3.1.3', 'scipy': '1.11.4', 'joblib': '1.3.2', 'sklearn': '1.4.2', 'pyod': '2.0.5', 'imblearn': '0.13.0', 'category_encoders': '2.7.0', 'lightgbm': '4.6.0', 'numba': '0.59.0', 'requests': '2.32.3', 'matplotlib': '3.8.0', 'scikitplot': '0.3.7', 'yellowbrick': '1.5', 'plotly': '5.24.1', 'plotly-resampler': 'Not installed', 'kaleido': '1.0.0', 'schemdraw': '0.15', 'statsmodels': '0.14.0', 'sktime': '0.26.0', 'tbats': '1.1.3', 'pmdarima': '2.0.4', 'psutil': '5.9.0', 'markupsafe': '2.1.3', 'pickle5': 'Not installed', 'cloudpickle': '2.2.1', 'deprecation': '2.1.0', 'xxhash': '3.5.0', 'wurlitzer': 'Not installed'}, 'python': {'version': '3.11.7', 'machine': 'AMD64'}}
pickle: {'deps_info': {'pip': '23.3.1', 'setuptools': '68.2.2', 'pycaret': '3.3.2', 'IPython': '8.20.0', 'ipywidgets': '7.6.5', 'tqdm': '4.65.0', 'numpy': '1.26.4', 'pandas': '2.1.4', 'jinja2': '3.1.3', 'scipy': '1.11.4', 'joblib': '1.3.2', 'sklearn': '1.4.2', 'pyod': '2.0.5', 'imblearn': '0.13.0', 'category_encoders': '2.7.0', 'lightgbm': '4.6.0', 'numba': '0.59.0', 'requests': '2.32.3', 'matplotlib': '3.8.0', 'scikitplot': '0.3.7', 'yellowbrick': '1.5', 'plotly': '5.24.1', 'plotly-resampler': 'Not installed', 'kaleido': '1.0.0', 'schemdraw': '0.15', 'statsmodels': '0.14.0', 'sktime': '0.26.0', 'tbats': '1.1.3', 'pmdarima': '2.0.4', 'psutil': '5.9.0', 'markupsafe': '2.1.3', 'pickle5': 'Not installed', 'cloudpickle': '2.2.1', 'deprecation': '2.1.0', 'xxhash': '3.5.0', 'wurlitzer': 'Not installed'}, 'python': {'version': '3.11.7', 'machine': 'AMD64'}}
  warnings.warn(

2025-07-09 02:01:30,452:WARNING:C:\Users\gusta\anaconda3\Lib\site-packages\pycaret\internal\pipeline.py:148: UserWarning: Version mismatch:
current: {'deps_info': {'pip': '23.3.1', 'setuptools': '68.2.2', 'pycaret': '3.3.2', 'IPython': '8.20.0', 'ipywidgets': '8.1.7', 'tqdm': '4.65.0', 'numpy': '1.26.4', 'pandas': '2.1.4', 'jinja2': '3.1.3', 'scipy': '1.11.4', 'joblib': '1.3.2', 'sklearn': '1.4.2', 'pyod': '2.0.5', 'imblearn': '0.13.0', 'category_encoders': '2.7.0', 'lightgbm': '4.6.0', 'numba': '0.59.0', 'requests': '2.32.3', 'matplotlib': '3.8.0', 'scikitplot': '0.3.7', 'yellowbrick': '1.5', 'plotly': '5.24.1', 'plotly-resampler': 'Not installed', 'kaleido': '1.0.0', 'schemdraw': '0.15', 'statsmodels': '0.14.0', 'sktime': '0.26.0', 'tbats': '1.1.3', 'pmdarima': '2.0.4', 'psutil': '5.9.0', 'markupsafe': '2.1.3', 'pickle5': 'Not installed', 'cloudpickle': '2.2.1', 'deprecation': '2.1.0', 'xxhash': '3.5.0', 'wurlitzer': 'Not installed'}, 'python': {'version': '3.11.7', 'machine': 'AMD64'}}
pickle: {'deps_info': {'pip': '23.3.1', 'setuptools': '68.2.2', 'pycaret': '3.3.2', 'IPython': '8.20.0', 'ipywidgets': '7.6.5', 'tqdm': '4.65.0', 'numpy': '1.26.4', 'pandas': '2.1.4', 'jinja2': '3.1.3', 'scipy': '1.11.4', 'joblib': '1.3.2', 'sklearn': '1.4.2', 'pyod': '2.0.5', 'imblearn': '0.13.0', 'category_encoders': '2.7.0', 'lightgbm': '4.6.0', 'numba': '0.59.0', 'requests': '2.32.3', 'matplotlib': '3.8.0', 'scikitplot': '0.3.7', 'yellowbrick': '1.5', 'plotly': '5.24.1', 'plotly-resampler': 'Not installed', 'kaleido': '1.0.0', 'schemdraw': '0.15', 'statsmodels': '0.14.0', 'sktime': '0.26.0', 'tbats': '1.1.3', 'pmdarima': '2.0.4', 'psutil': '5.9.0', 'markupsafe': '2.1.3', 'pickle5': 'Not installed', 'cloudpickle': '2.2.1', 'deprecation': '2.1.0', 'xxhash': '3.5.0', 'wurlitzer': 'Not installed'}, 'python': {'version': '3.11.7', 'machine': 'AMD64'}}
  warnings.warn(

2025-07-09 02:01:30,452:WARNING:C:\Users\gusta\anaconda3\Lib\site-packages\pycaret\internal\pipeline.py:148: UserWarning: Version mismatch:
current: {'deps_info': {'pip': '23.3.1', 'setuptools': '68.2.2', 'pycaret': '3.3.2', 'IPython': '8.20.0', 'ipywidgets': '8.1.7', 'tqdm': '4.65.0', 'numpy': '1.26.4', 'pandas': '2.1.4', 'jinja2': '3.1.3', 'scipy': '1.11.4', 'joblib': '1.3.2', 'sklearn': '1.4.2', 'pyod': '2.0.5', 'imblearn': '0.13.0', 'category_encoders': '2.7.0', 'lightgbm': '4.6.0', 'numba': '0.59.0', 'requests': '2.32.3', 'matplotlib': '3.8.0', 'scikitplot': '0.3.7', 'yellowbrick': '1.5', 'plotly': '5.24.1', 'plotly-resampler': 'Not installed', 'kaleido': '1.0.0', 'schemdraw': '0.15', 'statsmodels': '0.14.0', 'sktime': '0.26.0', 'tbats': '1.1.3', 'pmdarima': '2.0.4', 'psutil': '5.9.0', 'markupsafe': '2.1.3', 'pickle5': 'Not installed', 'cloudpickle': '2.2.1', 'deprecation': '2.1.0', 'xxhash': '3.5.0', 'wurlitzer': 'Not installed'}, 'python': {'version': '3.11.7', 'machine': 'AMD64'}}
pickle: {'deps_info': {'pip': '23.3.1', 'setuptools': '68.2.2', 'pycaret': '3.3.2', 'IPython': '8.20.0', 'ipywidgets': '7.6.5', 'tqdm': '4.65.0', 'numpy': '1.26.4', 'pandas': '2.1.4', 'jinja2': '3.1.3', 'scipy': '1.11.4', 'joblib': '1.3.2', 'sklearn': '1.4.2', 'pyod': '2.0.5', 'imblearn': '0.13.0', 'category_encoders': '2.7.0', 'lightgbm': '4.6.0', 'numba': '0.59.0', 'requests': '2.32.3', 'matplotlib': '3.8.0', 'scikitplot': '0.3.7', 'yellowbrick': '1.5', 'plotly': '5.24.1', 'plotly-resampler': 'Not installed', 'kaleido': '1.0.0', 'schemdraw': '0.15', 'statsmodels': '0.14.0', 'sktime': '0.26.0', 'tbats': '1.1.3', 'pmdarima': '2.0.4', 'psutil': '5.9.0', 'markupsafe': '2.1.3', 'pickle5': 'Not installed', 'cloudpickle': '2.2.1', 'deprecation': '2.1.0', 'xxhash': '3.5.0', 'wurlitzer': 'Not installed'}, 'python': {'version': '3.11.7', 'machine': 'AMD64'}}
  warnings.warn(

2025-07-09 02:01:54,227:INFO:Calculating mean and std
2025-07-09 02:01:54,231:INFO:Creating metrics dataframe
2025-07-09 02:01:54,247:INFO:Uploading results into container
2025-07-09 02:01:54,247:INFO:Uploading model into container now
2025-07-09 02:01:54,252:INFO:_master_model_container: 3
2025-07-09 02:01:54,252:INFO:_display_container: 2
2025-07-09 02:01:54,252:INFO:LogisticRegression(C=1.0, class_weight=None, dual=False, fit_intercept=True,
                   intercept_scaling=1, l1_ratio=None, max_iter=1000,
                   multi_class='auto', n_jobs=None, penalty='l2',
                   random_state=123, solver='lbfgs', tol=0.0001, verbose=0,
                   warm_start=False)
2025-07-09 02:01:54,252:INFO:create_model() successfully completed......................................
2025-07-09 02:01:54,620:INFO:SubProcess create_model() end ==================================
2025-07-09 02:01:54,620:INFO:Creating metrics dataframe
2025-07-09 02:01:54,630:INFO:Initializing K Neighbors Classifier
2025-07-09 02:01:54,630:INFO:Total runtime is 0.479672376314799 minutes
2025-07-09 02:01:54,633:INFO:SubProcess create_model() called ==================================
2025-07-09 02:01:54,633:INFO:Initializing create_model()
2025-07-09 02:01:54,633:INFO:create_model(self=<pycaret.classification.oop.ClassificationExperiment object at 0x000001B975D62850>, estimator=knn, fold=StratifiedKFold(n_splits=4, random_state=None, shuffle=False), round=4, cross_validation=True, predict=True, fit_kwargs={}, groups=None, refit=False, probability_threshold=None, experiment_custom_tags=None, verbose=False, system=False, add_to_model_list=True, metrics=None, display=<pycaret.internal.display.display.CommonDisplay object at 0x000001B975DAEFD0>, model_only=True, return_train_score=False, error_score=0.0, kwargs={})
2025-07-09 02:01:54,633:INFO:Checking exceptions
2025-07-09 02:01:54,634:INFO:Importing libraries
2025-07-09 02:01:54,634:INFO:Copying training dataset
2025-07-09 02:01:54,845:INFO:Defining folds
2025-07-09 02:01:54,845:INFO:Declaring metric variables
2025-07-09 02:01:54,848:INFO:Importing untrained model
2025-07-09 02:01:54,853:INFO:K Neighbors Classifier Imported successfully
2025-07-09 02:01:54,859:INFO:Starting cross validation
2025-07-09 02:01:54,859:INFO:Cross validating with StratifiedKFold(n_splits=4, random_state=None, shuffle=False), n_jobs=-1
2025-07-09 02:01:58,466:WARNING:C:\Users\gusta\anaconda3\Lib\site-packages\pycaret\internal\pipeline.py:148: UserWarning: Version mismatch:
current: {'deps_info': {'pip': '23.3.1', 'setuptools': '68.2.2', 'pycaret': '3.3.2', 'IPython': '8.20.0', 'ipywidgets': '8.1.7', 'tqdm': '4.65.0', 'numpy': '1.26.4', 'pandas': '2.1.4', 'jinja2': '3.1.3', 'scipy': '1.11.4', 'joblib': '1.3.2', 'sklearn': '1.4.2', 'pyod': '2.0.5', 'imblearn': '0.13.0', 'category_encoders': '2.7.0', 'lightgbm': '4.6.0', 'numba': '0.59.0', 'requests': '2.32.3', 'matplotlib': '3.8.0', 'scikitplot': '0.3.7', 'yellowbrick': '1.5', 'plotly': '5.24.1', 'plotly-resampler': 'Not installed', 'kaleido': '1.0.0', 'schemdraw': '0.15', 'statsmodels': '0.14.0', 'sktime': '0.26.0', 'tbats': '1.1.3', 'pmdarima': '2.0.4', 'psutil': '5.9.0', 'markupsafe': '2.1.3', 'pickle5': 'Not installed', 'cloudpickle': '2.2.1', 'deprecation': '2.1.0', 'xxhash': '3.5.0', 'wurlitzer': 'Not installed'}, 'python': {'version': '3.11.7', 'machine': 'AMD64'}}
pickle: {'deps_info': {'pip': '23.3.1', 'setuptools': '68.2.2', 'pycaret': '3.3.2', 'IPython': '8.20.0', 'ipywidgets': '7.6.5', 'tqdm': '4.65.0', 'numpy': '1.26.4', 'pandas': '2.1.4', 'jinja2': '3.1.3', 'scipy': '1.11.4', 'joblib': '1.3.2', 'sklearn': '1.4.2', 'pyod': '2.0.5', 'imblearn': '0.13.0', 'category_encoders': '2.7.0', 'lightgbm': '4.6.0', 'numba': '0.59.0', 'requests': '2.32.3', 'matplotlib': '3.8.0', 'scikitplot': '0.3.7', 'yellowbrick': '1.5', 'plotly': '5.24.1', 'plotly-resampler': 'Not installed', 'kaleido': '1.0.0', 'schemdraw': '0.15', 'statsmodels': '0.14.0', 'sktime': '0.26.0', 'tbats': '1.1.3', 'pmdarima': '2.0.4', 'psutil': '5.9.0', 'markupsafe': '2.1.3', 'pickle5': 'Not installed', 'cloudpickle': '2.2.1', 'deprecation': '2.1.0', 'xxhash': '3.5.0', 'wurlitzer': 'Not installed'}, 'python': {'version': '3.11.7', 'machine': 'AMD64'}}
  warnings.warn(

2025-07-09 02:01:58,570:WARNING:C:\Users\gusta\anaconda3\Lib\site-packages\pycaret\internal\pipeline.py:148: UserWarning: Version mismatch:
current: {'deps_info': {'pip': '23.3.1', 'setuptools': '68.2.2', 'pycaret': '3.3.2', 'IPython': '8.20.0', 'ipywidgets': '8.1.7', 'tqdm': '4.65.0', 'numpy': '1.26.4', 'pandas': '2.1.4', 'jinja2': '3.1.3', 'scipy': '1.11.4', 'joblib': '1.3.2', 'sklearn': '1.4.2', 'pyod': '2.0.5', 'imblearn': '0.13.0', 'category_encoders': '2.7.0', 'lightgbm': '4.6.0', 'numba': '0.59.0', 'requests': '2.32.3', 'matplotlib': '3.8.0', 'scikitplot': '0.3.7', 'yellowbrick': '1.5', 'plotly': '5.24.1', 'plotly-resampler': 'Not installed', 'kaleido': '1.0.0', 'schemdraw': '0.15', 'statsmodels': '0.14.0', 'sktime': '0.26.0', 'tbats': '1.1.3', 'pmdarima': '2.0.4', 'psutil': '5.9.0', 'markupsafe': '2.1.3', 'pickle5': 'Not installed', 'cloudpickle': '2.2.1', 'deprecation': '2.1.0', 'xxhash': '3.5.0', 'wurlitzer': 'Not installed'}, 'python': {'version': '3.11.7', 'machine': 'AMD64'}}
pickle: {'deps_info': {'pip': '23.3.1', 'setuptools': '68.2.2', 'pycaret': '3.3.2', 'IPython': '8.20.0', 'ipywidgets': '7.6.5', 'tqdm': '4.65.0', 'numpy': '1.26.4', 'pandas': '2.1.4', 'jinja2': '3.1.3', 'scipy': '1.11.4', 'joblib': '1.3.2', 'sklearn': '1.4.2', 'pyod': '2.0.5', 'imblearn': '0.13.0', 'category_encoders': '2.7.0', 'lightgbm': '4.6.0', 'numba': '0.59.0', 'requests': '2.32.3', 'matplotlib': '3.8.0', 'scikitplot': '0.3.7', 'yellowbrick': '1.5', 'plotly': '5.24.1', 'plotly-resampler': 'Not installed', 'kaleido': '1.0.0', 'schemdraw': '0.15', 'statsmodels': '0.14.0', 'sktime': '0.26.0', 'tbats': '1.1.3', 'pmdarima': '2.0.4', 'psutil': '5.9.0', 'markupsafe': '2.1.3', 'pickle5': 'Not installed', 'cloudpickle': '2.2.1', 'deprecation': '2.1.0', 'xxhash': '3.5.0', 'wurlitzer': 'Not installed'}, 'python': {'version': '3.11.7', 'machine': 'AMD64'}}
  warnings.warn(

2025-07-09 02:01:58,627:WARNING:C:\Users\gusta\anaconda3\Lib\site-packages\pycaret\internal\pipeline.py:148: UserWarning: Version mismatch:
current: {'deps_info': {'pip': '23.3.1', 'setuptools': '68.2.2', 'pycaret': '3.3.2', 'IPython': '8.20.0', 'ipywidgets': '8.1.7', 'tqdm': '4.65.0', 'numpy': '1.26.4', 'pandas': '2.1.4', 'jinja2': '3.1.3', 'scipy': '1.11.4', 'joblib': '1.3.2', 'sklearn': '1.4.2', 'pyod': '2.0.5', 'imblearn': '0.13.0', 'category_encoders': '2.7.0', 'lightgbm': '4.6.0', 'numba': '0.59.0', 'requests': '2.32.3', 'matplotlib': '3.8.0', 'scikitplot': '0.3.7', 'yellowbrick': '1.5', 'plotly': '5.24.1', 'plotly-resampler': 'Not installed', 'kaleido': '1.0.0', 'schemdraw': '0.15', 'statsmodels': '0.14.0', 'sktime': '0.26.0', 'tbats': '1.1.3', 'pmdarima': '2.0.4', 'psutil': '5.9.0', 'markupsafe': '2.1.3', 'pickle5': 'Not installed', 'cloudpickle': '2.2.1', 'deprecation': '2.1.0', 'xxhash': '3.5.0', 'wurlitzer': 'Not installed'}, 'python': {'version': '3.11.7', 'machine': 'AMD64'}}
pickle: {'deps_info': {'pip': '23.3.1', 'setuptools': '68.2.2', 'pycaret': '3.3.2', 'IPython': '8.20.0', 'ipywidgets': '7.6.5', 'tqdm': '4.65.0', 'numpy': '1.26.4', 'pandas': '2.1.4', 'jinja2': '3.1.3', 'scipy': '1.11.4', 'joblib': '1.3.2', 'sklearn': '1.4.2', 'pyod': '2.0.5', 'imblearn': '0.13.0', 'category_encoders': '2.7.0', 'lightgbm': '4.6.0', 'numba': '0.59.0', 'requests': '2.32.3', 'matplotlib': '3.8.0', 'scikitplot': '0.3.7', 'yellowbrick': '1.5', 'plotly': '5.24.1', 'plotly-resampler': 'Not installed', 'kaleido': '1.0.0', 'schemdraw': '0.15', 'statsmodels': '0.14.0', 'sktime': '0.26.0', 'tbats': '1.1.3', 'pmdarima': '2.0.4', 'psutil': '5.9.0', 'markupsafe': '2.1.3', 'pickle5': 'Not installed', 'cloudpickle': '2.2.1', 'deprecation': '2.1.0', 'xxhash': '3.5.0', 'wurlitzer': 'Not installed'}, 'python': {'version': '3.11.7', 'machine': 'AMD64'}}
  warnings.warn(

2025-07-09 02:01:58,629:WARNING:C:\Users\gusta\anaconda3\Lib\site-packages\pycaret\internal\pipeline.py:148: UserWarning: Version mismatch:
current: {'deps_info': {'pip': '23.3.1', 'setuptools': '68.2.2', 'pycaret': '3.3.2', 'IPython': '8.20.0', 'ipywidgets': '8.1.7', 'tqdm': '4.65.0', 'numpy': '1.26.4', 'pandas': '2.1.4', 'jinja2': '3.1.3', 'scipy': '1.11.4', 'joblib': '1.3.2', 'sklearn': '1.4.2', 'pyod': '2.0.5', 'imblearn': '0.13.0', 'category_encoders': '2.7.0', 'lightgbm': '4.6.0', 'numba': '0.59.0', 'requests': '2.32.3', 'matplotlib': '3.8.0', 'scikitplot': '0.3.7', 'yellowbrick': '1.5', 'plotly': '5.24.1', 'plotly-resampler': 'Not installed', 'kaleido': '1.0.0', 'schemdraw': '0.15', 'statsmodels': '0.14.0', 'sktime': '0.26.0', 'tbats': '1.1.3', 'pmdarima': '2.0.4', 'psutil': '5.9.0', 'markupsafe': '2.1.3', 'pickle5': 'Not installed', 'cloudpickle': '2.2.1', 'deprecation': '2.1.0', 'xxhash': '3.5.0', 'wurlitzer': 'Not installed'}, 'python': {'version': '3.11.7', 'machine': 'AMD64'}}
pickle: {'deps_info': {'pip': '23.3.1', 'setuptools': '68.2.2', 'pycaret': '3.3.2', 'IPython': '8.20.0', 'ipywidgets': '7.6.5', 'tqdm': '4.65.0', 'numpy': '1.26.4', 'pandas': '2.1.4', 'jinja2': '3.1.3', 'scipy': '1.11.4', 'joblib': '1.3.2', 'sklearn': '1.4.2', 'pyod': '2.0.5', 'imblearn': '0.13.0', 'category_encoders': '2.7.0', 'lightgbm': '4.6.0', 'numba': '0.59.0', 'requests': '2.32.3', 'matplotlib': '3.8.0', 'scikitplot': '0.3.7', 'yellowbrick': '1.5', 'plotly': '5.24.1', 'plotly-resampler': 'Not installed', 'kaleido': '1.0.0', 'schemdraw': '0.15', 'statsmodels': '0.14.0', 'sktime': '0.26.0', 'tbats': '1.1.3', 'pmdarima': '2.0.4', 'psutil': '5.9.0', 'markupsafe': '2.1.3', 'pickle5': 'Not installed', 'cloudpickle': '2.2.1', 'deprecation': '2.1.0', 'xxhash': '3.5.0', 'wurlitzer': 'Not installed'}, 'python': {'version': '3.11.7', 'machine': 'AMD64'}}
  warnings.warn(

2025-07-09 02:03:06,313:INFO:Initializing create_model()
2025-07-09 02:03:06,315:INFO:create_model(self=<pycaret.classification.oop.ClassificationExperiment object at 0x000001B975D62850>, estimator=lightgbm, fold=None, round=4, cross_validation=True, predict=True, fit_kwargs=None, groups=None, refit=True, probability_threshold=None, experiment_custom_tags=None, verbose=True, system=True, add_to_model_list=True, metrics=None, display=None, model_only=True, return_train_score=False, error_score=0.0, kwargs={})
2025-07-09 02:03:06,315:INFO:Checking exceptions
2025-07-09 02:03:06,329:INFO:Importing libraries
2025-07-09 02:03:06,329:INFO:Copying training dataset
2025-07-09 02:03:06,487:INFO:Defining folds
2025-07-09 02:03:06,487:INFO:Declaring metric variables
2025-07-09 02:03:06,487:INFO:Importing untrained model
2025-07-09 02:03:06,507:INFO:Light Gradient Boosting Machine Imported successfully
2025-07-09 02:03:06,513:INFO:Starting cross validation
2025-07-09 02:03:06,515:INFO:Cross validating with StratifiedKFold(n_splits=5, random_state=None, shuffle=False), n_jobs=-1
2025-07-09 02:03:11,687:WARNING:C:\Users\gusta\anaconda3\Lib\site-packages\pycaret\internal\pipeline.py:148: UserWarning: Version mismatch:
current: {'deps_info': {'pip': '23.3.1', 'setuptools': '68.2.2', 'pycaret': '3.3.2', 'IPython': '8.20.0', 'ipywidgets': '8.1.7', 'tqdm': '4.65.0', 'numpy': '1.26.4', 'pandas': '2.1.4', 'jinja2': '3.1.3', 'scipy': '1.11.4', 'joblib': '1.3.2', 'sklearn': '1.4.2', 'pyod': '2.0.5', 'imblearn': '0.13.0', 'category_encoders': '2.7.0', 'lightgbm': '4.6.0', 'numba': '0.59.0', 'requests': '2.32.3', 'matplotlib': '3.8.0', 'scikitplot': '0.3.7', 'yellowbrick': '1.5', 'plotly': '5.24.1', 'plotly-resampler': 'Not installed', 'kaleido': '1.0.0', 'schemdraw': '0.15', 'statsmodels': '0.14.0', 'sktime': '0.26.0', 'tbats': '1.1.3', 'pmdarima': '2.0.4', 'psutil': '5.9.0', 'markupsafe': '2.1.3', 'pickle5': 'Not installed', 'cloudpickle': '2.2.1', 'deprecation': '2.1.0', 'xxhash': '3.5.0', 'wurlitzer': 'Not installed'}, 'python': {'version': '3.11.7', 'machine': 'AMD64'}}
pickle: {'deps_info': {'pip': '23.3.1', 'setuptools': '68.2.2', 'pycaret': '3.3.2', 'IPython': '8.20.0', 'ipywidgets': '7.6.5', 'tqdm': '4.65.0', 'numpy': '1.26.4', 'pandas': '2.1.4', 'jinja2': '3.1.3', 'scipy': '1.11.4', 'joblib': '1.3.2', 'sklearn': '1.4.2', 'pyod': '2.0.5', 'imblearn': '0.13.0', 'category_encoders': '2.7.0', 'lightgbm': '4.6.0', 'numba': '0.59.0', 'requests': '2.32.3', 'matplotlib': '3.8.0', 'scikitplot': '0.3.7', 'yellowbrick': '1.5', 'plotly': '5.24.1', 'plotly-resampler': 'Not installed', 'kaleido': '1.0.0', 'schemdraw': '0.15', 'statsmodels': '0.14.0', 'sktime': '0.26.0', 'tbats': '1.1.3', 'pmdarima': '2.0.4', 'psutil': '5.9.0', 'markupsafe': '2.1.3', 'pickle5': 'Not installed', 'cloudpickle': '2.2.1', 'deprecation': '2.1.0', 'xxhash': '3.5.0', 'wurlitzer': 'Not installed'}, 'python': {'version': '3.11.7', 'machine': 'AMD64'}}
  warnings.warn(

2025-07-09 02:03:11,687:WARNING:C:\Users\gusta\anaconda3\Lib\site-packages\pycaret\internal\pipeline.py:148: UserWarning: Version mismatch:
current: {'deps_info': {'pip': '23.3.1', 'setuptools': '68.2.2', 'pycaret': '3.3.2', 'IPython': '8.20.0', 'ipywidgets': '8.1.7', 'tqdm': '4.65.0', 'numpy': '1.26.4', 'pandas': '2.1.4', 'jinja2': '3.1.3', 'scipy': '1.11.4', 'joblib': '1.3.2', 'sklearn': '1.4.2', 'pyod': '2.0.5', 'imblearn': '0.13.0', 'category_encoders': '2.7.0', 'lightgbm': '4.6.0', 'numba': '0.59.0', 'requests': '2.32.3', 'matplotlib': '3.8.0', 'scikitplot': '0.3.7', 'yellowbrick': '1.5', 'plotly': '5.24.1', 'plotly-resampler': 'Not installed', 'kaleido': '1.0.0', 'schemdraw': '0.15', 'statsmodels': '0.14.0', 'sktime': '0.26.0', 'tbats': '1.1.3', 'pmdarima': '2.0.4', 'psutil': '5.9.0', 'markupsafe': '2.1.3', 'pickle5': 'Not installed', 'cloudpickle': '2.2.1', 'deprecation': '2.1.0', 'xxhash': '3.5.0', 'wurlitzer': 'Not installed'}, 'python': {'version': '3.11.7', 'machine': 'AMD64'}}
pickle: {'deps_info': {'pip': '23.3.1', 'setuptools': '68.2.2', 'pycaret': '3.3.2', 'IPython': '8.20.0', 'ipywidgets': '7.6.5', 'tqdm': '4.65.0', 'numpy': '1.26.4', 'pandas': '2.1.4', 'jinja2': '3.1.3', 'scipy': '1.11.4', 'joblib': '1.3.2', 'sklearn': '1.4.2', 'pyod': '2.0.5', 'imblearn': '0.13.0', 'category_encoders': '2.7.0', 'lightgbm': '4.6.0', 'numba': '0.59.0', 'requests': '2.32.3', 'matplotlib': '3.8.0', 'scikitplot': '0.3.7', 'yellowbrick': '1.5', 'plotly': '5.24.1', 'plotly-resampler': 'Not installed', 'kaleido': '1.0.0', 'schemdraw': '0.15', 'statsmodels': '0.14.0', 'sktime': '0.26.0', 'tbats': '1.1.3', 'pmdarima': '2.0.4', 'psutil': '5.9.0', 'markupsafe': '2.1.3', 'pickle5': 'Not installed', 'cloudpickle': '2.2.1', 'deprecation': '2.1.0', 'xxhash': '3.5.0', 'wurlitzer': 'Not installed'}, 'python': {'version': '3.11.7', 'machine': 'AMD64'}}
  warnings.warn(

2025-07-09 02:03:11,690:WARNING:C:\Users\gusta\anaconda3\Lib\site-packages\pycaret\internal\pipeline.py:148: UserWarning: Version mismatch:
current: {'deps_info': {'pip': '23.3.1', 'setuptools': '68.2.2', 'pycaret': '3.3.2', 'IPython': '8.20.0', 'ipywidgets': '8.1.7', 'tqdm': '4.65.0', 'numpy': '1.26.4', 'pandas': '2.1.4', 'jinja2': '3.1.3', 'scipy': '1.11.4', 'joblib': '1.3.2', 'sklearn': '1.4.2', 'pyod': '2.0.5', 'imblearn': '0.13.0', 'category_encoders': '2.7.0', 'lightgbm': '4.6.0', 'numba': '0.59.0', 'requests': '2.32.3', 'matplotlib': '3.8.0', 'scikitplot': '0.3.7', 'yellowbrick': '1.5', 'plotly': '5.24.1', 'plotly-resampler': 'Not installed', 'kaleido': '1.0.0', 'schemdraw': '0.15', 'statsmodels': '0.14.0', 'sktime': '0.26.0', 'tbats': '1.1.3', 'pmdarima': '2.0.4', 'psutil': '5.9.0', 'markupsafe': '2.1.3', 'pickle5': 'Not installed', 'cloudpickle': '2.2.1', 'deprecation': '2.1.0', 'xxhash': '3.5.0', 'wurlitzer': 'Not installed'}, 'python': {'version': '3.11.7', 'machine': 'AMD64'}}
pickle: {'deps_info': {'pip': '23.3.1', 'setuptools': '68.2.2', 'pycaret': '3.3.2', 'IPython': '8.20.0', 'ipywidgets': '7.6.5', 'tqdm': '4.65.0', 'numpy': '1.26.4', 'pandas': '2.1.4', 'jinja2': '3.1.3', 'scipy': '1.11.4', 'joblib': '1.3.2', 'sklearn': '1.4.2', 'pyod': '2.0.5', 'imblearn': '0.13.0', 'category_encoders': '2.7.0', 'lightgbm': '4.6.0', 'numba': '0.59.0', 'requests': '2.32.3', 'matplotlib': '3.8.0', 'scikitplot': '0.3.7', 'yellowbrick': '1.5', 'plotly': '5.24.1', 'plotly-resampler': 'Not installed', 'kaleido': '1.0.0', 'schemdraw': '0.15', 'statsmodels': '0.14.0', 'sktime': '0.26.0', 'tbats': '1.1.3', 'pmdarima': '2.0.4', 'psutil': '5.9.0', 'markupsafe': '2.1.3', 'pickle5': 'Not installed', 'cloudpickle': '2.2.1', 'deprecation': '2.1.0', 'xxhash': '3.5.0', 'wurlitzer': 'Not installed'}, 'python': {'version': '3.11.7', 'machine': 'AMD64'}}
  warnings.warn(

2025-07-09 02:03:45,907:INFO:Calculating mean and std
2025-07-09 02:03:45,907:INFO:Creating metrics dataframe
2025-07-09 02:03:45,907:INFO:Finalizing model
2025-07-09 02:04:05,517:INFO:[LightGBM] [Warning] Found whitespace in feature_names, replace with underlines
2025-07-09 02:04:05,517:INFO:[LightGBM] [Info] Number of positive: 46914, number of negative: 553086
2025-07-09 02:04:05,604:INFO:[LightGBM] [Info] Auto-choosing row-wise multi-threading, the overhead of testing was 0.026156 seconds.
2025-07-09 02:04:05,604:INFO:You can set `force_row_wise=true` to remove the overhead.
2025-07-09 02:04:05,604:INFO:And if memory is not enough, you can set `force_col_wise=true`.
2025-07-09 02:04:05,607:INFO:[LightGBM] [Info] Total Bins 649
2025-07-09 02:04:05,608:INFO:[LightGBM] [Info] Number of data points in the train set: 600000, number of used features: 29
2025-07-09 02:04:05,611:INFO:[LightGBM] [Info] [binary:BoostFromScore]: pavg=0.078190 -> initscore=-2.467197
2025-07-09 02:04:05,611:INFO:[LightGBM] [Info] Start training from score -2.467197
2025-07-09 02:04:06,481:INFO:Uploading results into container
2025-07-09 02:04:06,483:INFO:Uploading model into container now
2025-07-09 02:04:06,495:INFO:_master_model_container: 4
2025-07-09 02:04:06,495:INFO:_display_container: 2
2025-07-09 02:04:06,495:INFO:LGBMClassifier(boosting_type='gbdt', class_weight=None, colsample_bytree=1.0,
               importance_type='split', learning_rate=0.1, max_depth=-1,
               min_child_samples=20, min_child_weight=0.001, min_split_gain=0.0,
               n_estimators=100, n_jobs=-1, num_leaves=31, objective=None,
               random_state=123, reg_alpha=0.0, reg_lambda=0.0, subsample=1.0,
               subsample_for_bin=200000, subsample_freq=0)
2025-07-09 02:04:06,495:INFO:create_model() successfully completed......................................
2025-07-09 02:04:06,695:INFO:Initializing tune_model()
2025-07-09 02:04:06,695:INFO:tune_model(self=<pycaret.classification.oop.ClassificationExperiment object at 0x000001B975D62850>, estimator=LGBMClassifier(boosting_type='gbdt', class_weight=None, colsample_bytree=1.0,
               importance_type='split', learning_rate=0.1, max_depth=-1,
               min_child_samples=20, min_child_weight=0.001, min_split_gain=0.0,
               n_estimators=100, n_jobs=-1, num_leaves=31, objective=None,
               random_state=123, reg_alpha=0.0, reg_lambda=0.0, subsample=1.0,
               subsample_for_bin=200000, subsample_freq=0), fold=None, round=4, n_iter=10, custom_grid=None, optimize=Accuracy, custom_scorer=None, search_library=scikit-learn, search_algorithm=None, early_stopping=False, early_stopping_max_iters=10, choose_better=True, fit_kwargs=None, groups=None, return_tuner=False, verbose=True, tuner_verbose=True, return_train_score=False, kwargs={})
2025-07-09 02:04:06,695:INFO:Checking exceptions
2025-07-09 02:04:06,781:INFO:Copying training dataset
2025-07-09 02:04:06,901:INFO:Checking base model
2025-07-09 02:04:06,901:INFO:Base model : Light Gradient Boosting Machine
2025-07-09 02:04:06,906:INFO:Declaring metric variables
2025-07-09 02:04:06,911:INFO:Defining Hyperparameters
2025-07-09 02:04:07,032:INFO:Tuning with n_jobs=-1
2025-07-09 02:04:07,032:INFO:Initializing RandomizedSearchCV
2025-07-09 02:04:07,338:WARNING:C:\Users\gusta\anaconda3\Lib\site-packages\pycaret\internal\pipeline.py:148: UserWarning: Version mismatch:
current: {'deps_info': {'pip': '23.3.1', 'setuptools': '68.2.2', 'pycaret': '3.3.2', 'IPython': '8.20.0', 'ipywidgets': '8.1.7', 'tqdm': '4.65.0', 'numpy': '1.26.4', 'pandas': '2.1.4', 'jinja2': '3.1.3', 'scipy': '1.11.4', 'joblib': '1.3.2', 'sklearn': '1.4.2', 'pyod': '2.0.5', 'imblearn': '0.13.0', 'category_encoders': '2.7.0', 'lightgbm': '4.6.0', 'numba': '0.59.0', 'requests': '2.32.3', 'matplotlib': '3.8.0', 'scikitplot': '0.3.7', 'yellowbrick': '1.5', 'plotly': '5.24.1', 'plotly-resampler': 'Not installed', 'kaleido': '1.0.0', 'schemdraw': '0.15', 'statsmodels': '0.14.0', 'sktime': '0.26.0', 'tbats': '1.1.3', 'pmdarima': '2.0.4', 'psutil': '5.9.0', 'markupsafe': '2.1.3', 'pickle5': 'Not installed', 'cloudpickle': '2.2.1', 'deprecation': '2.1.0', 'xxhash': '3.5.0', 'wurlitzer': 'Not installed'}, 'python': {'version': '3.11.7', 'machine': 'AMD64'}}
pickle: {'deps_info': {'pip': '23.3.1', 'setuptools': '68.2.2', 'pycaret': '3.3.2', 'IPython': '8.20.0', 'ipywidgets': '7.6.5', 'tqdm': '4.65.0', 'numpy': '1.26.4', 'pandas': '2.1.4', 'jinja2': '3.1.3', 'scipy': '1.11.4', 'joblib': '1.3.2', 'sklearn': '1.4.2', 'pyod': '2.0.5', 'imblearn': '0.13.0', 'category_encoders': '2.7.0', 'lightgbm': '4.6.0', 'numba': '0.59.0', 'requests': '2.32.3', 'matplotlib': '3.8.0', 'scikitplot': '0.3.7', 'yellowbrick': '1.5', 'plotly': '5.24.1', 'plotly-resampler': 'Not installed', 'kaleido': '1.0.0', 'schemdraw': '0.15', 'statsmodels': '0.14.0', 'sktime': '0.26.0', 'tbats': '1.1.3', 'pmdarima': '2.0.4', 'psutil': '5.9.0', 'markupsafe': '2.1.3', 'pickle5': 'Not installed', 'cloudpickle': '2.2.1', 'deprecation': '2.1.0', 'xxhash': '3.5.0', 'wurlitzer': 'Not installed'}, 'python': {'version': '3.11.7', 'machine': 'AMD64'}}
  warnings.warn(

2025-07-09 02:04:07,360:WARNING:C:\Users\gusta\anaconda3\Lib\site-packages\pycaret\internal\pipeline.py:148: UserWarning: Version mismatch:
current: {'deps_info': {'pip': '23.3.1', 'setuptools': '68.2.2', 'pycaret': '3.3.2', 'IPython': '8.20.0', 'ipywidgets': '8.1.7', 'tqdm': '4.65.0', 'numpy': '1.26.4', 'pandas': '2.1.4', 'jinja2': '3.1.3', 'scipy': '1.11.4', 'joblib': '1.3.2', 'sklearn': '1.4.2', 'pyod': '2.0.5', 'imblearn': '0.13.0', 'category_encoders': '2.7.0', 'lightgbm': '4.6.0', 'numba': '0.59.0', 'requests': '2.32.3', 'matplotlib': '3.8.0', 'scikitplot': '0.3.7', 'yellowbrick': '1.5', 'plotly': '5.24.1', 'plotly-resampler': 'Not installed', 'kaleido': '1.0.0', 'schemdraw': '0.15', 'statsmodels': '0.14.0', 'sktime': '0.26.0', 'tbats': '1.1.3', 'pmdarima': '2.0.4', 'psutil': '5.9.0', 'markupsafe': '2.1.3', 'pickle5': 'Not installed', 'cloudpickle': '2.2.1', 'deprecation': '2.1.0', 'xxhash': '3.5.0', 'wurlitzer': 'Not installed'}, 'python': {'version': '3.11.7', 'machine': 'AMD64'}}
pickle: {'deps_info': {'pip': '23.3.1', 'setuptools': '68.2.2', 'pycaret': '3.3.2', 'IPython': '8.20.0', 'ipywidgets': '7.6.5', 'tqdm': '4.65.0', 'numpy': '1.26.4', 'pandas': '2.1.4', 'jinja2': '3.1.3', 'scipy': '1.11.4', 'joblib': '1.3.2', 'sklearn': '1.4.2', 'pyod': '2.0.5', 'imblearn': '0.13.0', 'category_encoders': '2.7.0', 'lightgbm': '4.6.0', 'numba': '0.59.0', 'requests': '2.32.3', 'matplotlib': '3.8.0', 'scikitplot': '0.3.7', 'yellowbrick': '1.5', 'plotly': '5.24.1', 'plotly-resampler': 'Not installed', 'kaleido': '1.0.0', 'schemdraw': '0.15', 'statsmodels': '0.14.0', 'sktime': '0.26.0', 'tbats': '1.1.3', 'pmdarima': '2.0.4', 'psutil': '5.9.0', 'markupsafe': '2.1.3', 'pickle5': 'Not installed', 'cloudpickle': '2.2.1', 'deprecation': '2.1.0', 'xxhash': '3.5.0', 'wurlitzer': 'Not installed'}, 'python': {'version': '3.11.7', 'machine': 'AMD64'}}
  warnings.warn(

2025-07-09 02:04:07,399:WARNING:C:\Users\gusta\anaconda3\Lib\site-packages\pycaret\internal\pipeline.py:148: UserWarning: Version mismatch:
current: {'deps_info': {'pip': '23.3.1', 'setuptools': '68.2.2', 'pycaret': '3.3.2', 'IPython': '8.20.0', 'ipywidgets': '8.1.7', 'tqdm': '4.65.0', 'numpy': '1.26.4', 'pandas': '2.1.4', 'jinja2': '3.1.3', 'scipy': '1.11.4', 'joblib': '1.3.2', 'sklearn': '1.4.2', 'pyod': '2.0.5', 'imblearn': '0.13.0', 'category_encoders': '2.7.0', 'lightgbm': '4.6.0', 'numba': '0.59.0', 'requests': '2.32.3', 'matplotlib': '3.8.0', 'scikitplot': '0.3.7', 'yellowbrick': '1.5', 'plotly': '5.24.1', 'plotly-resampler': 'Not installed', 'kaleido': '1.0.0', 'schemdraw': '0.15', 'statsmodels': '0.14.0', 'sktime': '0.26.0', 'tbats': '1.1.3', 'pmdarima': '2.0.4', 'psutil': '5.9.0', 'markupsafe': '2.1.3', 'pickle5': 'Not installed', 'cloudpickle': '2.2.1', 'deprecation': '2.1.0', 'xxhash': '3.5.0', 'wurlitzer': 'Not installed'}, 'python': {'version': '3.11.7', 'machine': 'AMD64'}}
pickle: {'deps_info': {'pip': '23.3.1', 'setuptools': '68.2.2', 'pycaret': '3.3.2', 'IPython': '8.20.0', 'ipywidgets': '7.6.5', 'tqdm': '4.65.0', 'numpy': '1.26.4', 'pandas': '2.1.4', 'jinja2': '3.1.3', 'scipy': '1.11.4', 'joblib': '1.3.2', 'sklearn': '1.4.2', 'pyod': '2.0.5', 'imblearn': '0.13.0', 'category_encoders': '2.7.0', 'lightgbm': '4.6.0', 'numba': '0.59.0', 'requests': '2.32.3', 'matplotlib': '3.8.0', 'scikitplot': '0.3.7', 'yellowbrick': '1.5', 'plotly': '5.24.1', 'plotly-resampler': 'Not installed', 'kaleido': '1.0.0', 'schemdraw': '0.15', 'statsmodels': '0.14.0', 'sktime': '0.26.0', 'tbats': '1.1.3', 'pmdarima': '2.0.4', 'psutil': '5.9.0', 'markupsafe': '2.1.3', 'pickle5': 'Not installed', 'cloudpickle': '2.2.1', 'deprecation': '2.1.0', 'xxhash': '3.5.0', 'wurlitzer': 'Not installed'}, 'python': {'version': '3.11.7', 'machine': 'AMD64'}}
  warnings.warn(

2025-07-09 02:04:07,440:WARNING:C:\Users\gusta\anaconda3\Lib\site-packages\pycaret\internal\pipeline.py:148: UserWarning: Version mismatch:
current: {'deps_info': {'pip': '23.3.1', 'setuptools': '68.2.2', 'pycaret': '3.3.2', 'IPython': '8.20.0', 'ipywidgets': '8.1.7', 'tqdm': '4.65.0', 'numpy': '1.26.4', 'pandas': '2.1.4', 'jinja2': '3.1.3', 'scipy': '1.11.4', 'joblib': '1.3.2', 'sklearn': '1.4.2', 'pyod': '2.0.5', 'imblearn': '0.13.0', 'category_encoders': '2.7.0', 'lightgbm': '4.6.0', 'numba': '0.59.0', 'requests': '2.32.3', 'matplotlib': '3.8.0', 'scikitplot': '0.3.7', 'yellowbrick': '1.5', 'plotly': '5.24.1', 'plotly-resampler': 'Not installed', 'kaleido': '1.0.0', 'schemdraw': '0.15', 'statsmodels': '0.14.0', 'sktime': '0.26.0', 'tbats': '1.1.3', 'pmdarima': '2.0.4', 'psutil': '5.9.0', 'markupsafe': '2.1.3', 'pickle5': 'Not installed', 'cloudpickle': '2.2.1', 'deprecation': '2.1.0', 'xxhash': '3.5.0', 'wurlitzer': 'Not installed'}, 'python': {'version': '3.11.7', 'machine': 'AMD64'}}
pickle: {'deps_info': {'pip': '23.3.1', 'setuptools': '68.2.2', 'pycaret': '3.3.2', 'IPython': '8.20.0', 'ipywidgets': '7.6.5', 'tqdm': '4.65.0', 'numpy': '1.26.4', 'pandas': '2.1.4', 'jinja2': '3.1.3', 'scipy': '1.11.4', 'joblib': '1.3.2', 'sklearn': '1.4.2', 'pyod': '2.0.5', 'imblearn': '0.13.0', 'category_encoders': '2.7.0', 'lightgbm': '4.6.0', 'numba': '0.59.0', 'requests': '2.32.3', 'matplotlib': '3.8.0', 'scikitplot': '0.3.7', 'yellowbrick': '1.5', 'plotly': '5.24.1', 'plotly-resampler': 'Not installed', 'kaleido': '1.0.0', 'schemdraw': '0.15', 'statsmodels': '0.14.0', 'sktime': '0.26.0', 'tbats': '1.1.3', 'pmdarima': '2.0.4', 'psutil': '5.9.0', 'markupsafe': '2.1.3', 'pickle5': 'Not installed', 'cloudpickle': '2.2.1', 'deprecation': '2.1.0', 'xxhash': '3.5.0', 'wurlitzer': 'Not installed'}, 'python': {'version': '3.11.7', 'machine': 'AMD64'}}
  warnings.warn(

2025-07-09 02:04:07,474:WARNING:C:\Users\gusta\anaconda3\Lib\site-packages\pycaret\internal\pipeline.py:148: UserWarning: Version mismatch:
current: {'deps_info': {'pip': '23.3.1', 'setuptools': '68.2.2', 'pycaret': '3.3.2', 'IPython': '8.20.0', 'ipywidgets': '8.1.7', 'tqdm': '4.65.0', 'numpy': '1.26.4', 'pandas': '2.1.4', 'jinja2': '3.1.3', 'scipy': '1.11.4', 'joblib': '1.3.2', 'sklearn': '1.4.2', 'pyod': '2.0.5', 'imblearn': '0.13.0', 'category_encoders': '2.7.0', 'lightgbm': '4.6.0', 'numba': '0.59.0', 'requests': '2.32.3', 'matplotlib': '3.8.0', 'scikitplot': '0.3.7', 'yellowbrick': '1.5', 'plotly': '5.24.1', 'plotly-resampler': 'Not installed', 'kaleido': '1.0.0', 'schemdraw': '0.15', 'statsmodels': '0.14.0', 'sktime': '0.26.0', 'tbats': '1.1.3', 'pmdarima': '2.0.4', 'psutil': '5.9.0', 'markupsafe': '2.1.3', 'pickle5': 'Not installed', 'cloudpickle': '2.2.1', 'deprecation': '2.1.0', 'xxhash': '3.5.0', 'wurlitzer': 'Not installed'}, 'python': {'version': '3.11.7', 'machine': 'AMD64'}}
pickle: {'deps_info': {'pip': '23.3.1', 'setuptools': '68.2.2', 'pycaret': '3.3.2', 'IPython': '8.20.0', 'ipywidgets': '7.6.5', 'tqdm': '4.65.0', 'numpy': '1.26.4', 'pandas': '2.1.4', 'jinja2': '3.1.3', 'scipy': '1.11.4', 'joblib': '1.3.2', 'sklearn': '1.4.2', 'pyod': '2.0.5', 'imblearn': '0.13.0', 'category_encoders': '2.7.0', 'lightgbm': '4.6.0', 'numba': '0.59.0', 'requests': '2.32.3', 'matplotlib': '3.8.0', 'scikitplot': '0.3.7', 'yellowbrick': '1.5', 'plotly': '5.24.1', 'plotly-resampler': 'Not installed', 'kaleido': '1.0.0', 'schemdraw': '0.15', 'statsmodels': '0.14.0', 'sktime': '0.26.0', 'tbats': '1.1.3', 'pmdarima': '2.0.4', 'psutil': '5.9.0', 'markupsafe': '2.1.3', 'pickle5': 'Not installed', 'cloudpickle': '2.2.1', 'deprecation': '2.1.0', 'xxhash': '3.5.0', 'wurlitzer': 'Not installed'}, 'python': {'version': '3.11.7', 'machine': 'AMD64'}}
  warnings.warn(

2025-07-09 02:04:16,473:WARNING:C:\Users\gusta\anaconda3\Lib\site-packages\pycaret\internal\pipeline.py:148: UserWarning: Version mismatch:
current: {'deps_info': {'pip': '23.3.1', 'setuptools': '68.2.2', 'pycaret': '3.3.2', 'IPython': '8.20.0', 'ipywidgets': '8.1.7', 'tqdm': '4.65.0', 'numpy': '1.26.4', 'pandas': '2.1.4', 'jinja2': '3.1.3', 'scipy': '1.11.4', 'joblib': '1.3.2', 'sklearn': '1.4.2', 'pyod': '2.0.5', 'imblearn': '0.13.0', 'category_encoders': '2.7.0', 'lightgbm': '4.6.0', 'numba': '0.59.0', 'requests': '2.32.3', 'matplotlib': '3.8.0', 'scikitplot': '0.3.7', 'yellowbrick': '1.5', 'plotly': '5.24.1', 'plotly-resampler': 'Not installed', 'kaleido': '1.0.0', 'schemdraw': '0.15', 'statsmodels': '0.14.0', 'sktime': '0.26.0', 'tbats': '1.1.3', 'pmdarima': '2.0.4', 'psutil': '5.9.0', 'markupsafe': '2.1.3', 'pickle5': 'Not installed', 'cloudpickle': '2.2.1', 'deprecation': '2.1.0', 'xxhash': '3.5.0', 'wurlitzer': 'Not installed'}, 'python': {'version': '3.11.7', 'machine': 'AMD64'}}
pickle: {'deps_info': {'pip': '23.3.1', 'setuptools': '68.2.2', 'pycaret': '3.3.2', 'IPython': '8.20.0', 'ipywidgets': '7.6.5', 'tqdm': '4.65.0', 'numpy': '1.26.4', 'pandas': '2.1.4', 'jinja2': '3.1.3', 'scipy': '1.11.4', 'joblib': '1.3.2', 'sklearn': '1.4.2', 'pyod': '2.0.5', 'imblearn': '0.13.0', 'category_encoders': '2.7.0', 'lightgbm': '4.6.0', 'numba': '0.59.0', 'requests': '2.32.3', 'matplotlib': '3.8.0', 'scikitplot': '0.3.7', 'yellowbrick': '1.5', 'plotly': '5.24.1', 'plotly-resampler': 'Not installed', 'kaleido': '1.0.0', 'schemdraw': '0.15', 'statsmodels': '0.14.0', 'sktime': '0.26.0', 'tbats': '1.1.3', 'pmdarima': '2.0.4', 'psutil': '5.9.0', 'markupsafe': '2.1.3', 'pickle5': 'Not installed', 'cloudpickle': '2.2.1', 'deprecation': '2.1.0', 'xxhash': '3.5.0', 'wurlitzer': 'Not installed'}, 'python': {'version': '3.11.7', 'machine': 'AMD64'}}
  warnings.warn(

2025-07-09 02:04:16,475:WARNING:C:\Users\gusta\anaconda3\Lib\site-packages\pycaret\internal\pipeline.py:148: UserWarning: Version mismatch:
current: {'deps_info': {'pip': '23.3.1', 'setuptools': '68.2.2', 'pycaret': '3.3.2', 'IPython': '8.20.0', 'ipywidgets': '8.1.7', 'tqdm': '4.65.0', 'numpy': '1.26.4', 'pandas': '2.1.4', 'jinja2': '3.1.3', 'scipy': '1.11.4', 'joblib': '1.3.2', 'sklearn': '1.4.2', 'pyod': '2.0.5', 'imblearn': '0.13.0', 'category_encoders': '2.7.0', 'lightgbm': '4.6.0', 'numba': '0.59.0', 'requests': '2.32.3', 'matplotlib': '3.8.0', 'scikitplot': '0.3.7', 'yellowbrick': '1.5', 'plotly': '5.24.1', 'plotly-resampler': 'Not installed', 'kaleido': '1.0.0', 'schemdraw': '0.15', 'statsmodels': '0.14.0', 'sktime': '0.26.0', 'tbats': '1.1.3', 'pmdarima': '2.0.4', 'psutil': '5.9.0', 'markupsafe': '2.1.3', 'pickle5': 'Not installed', 'cloudpickle': '2.2.1', 'deprecation': '2.1.0', 'xxhash': '3.5.0', 'wurlitzer': 'Not installed'}, 'python': {'version': '3.11.7', 'machine': 'AMD64'}}
pickle: {'deps_info': {'pip': '23.3.1', 'setuptools': '68.2.2', 'pycaret': '3.3.2', 'IPython': '8.20.0', 'ipywidgets': '7.6.5', 'tqdm': '4.65.0', 'numpy': '1.26.4', 'pandas': '2.1.4', 'jinja2': '3.1.3', 'scipy': '1.11.4', 'joblib': '1.3.2', 'sklearn': '1.4.2', 'pyod': '2.0.5', 'imblearn': '0.13.0', 'category_encoders': '2.7.0', 'lightgbm': '4.6.0', 'numba': '0.59.0', 'requests': '2.32.3', 'matplotlib': '3.8.0', 'scikitplot': '0.3.7', 'yellowbrick': '1.5', 'plotly': '5.24.1', 'plotly-resampler': 'Not installed', 'kaleido': '1.0.0', 'schemdraw': '0.15', 'statsmodels': '0.14.0', 'sktime': '0.26.0', 'tbats': '1.1.3', 'pmdarima': '2.0.4', 'psutil': '5.9.0', 'markupsafe': '2.1.3', 'pickle5': 'Not installed', 'cloudpickle': '2.2.1', 'deprecation': '2.1.0', 'xxhash': '3.5.0', 'wurlitzer': 'Not installed'}, 'python': {'version': '3.11.7', 'machine': 'AMD64'}}
  warnings.warn(

2025-07-09 02:04:16,475:WARNING:C:\Users\gusta\anaconda3\Lib\site-packages\pycaret\internal\pipeline.py:148: UserWarning: Version mismatch:
current: {'deps_info': {'pip': '23.3.1', 'setuptools': '68.2.2', 'pycaret': '3.3.2', 'IPython': '8.20.0', 'ipywidgets': '8.1.7', 'tqdm': '4.65.0', 'numpy': '1.26.4', 'pandas': '2.1.4', 'jinja2': '3.1.3', 'scipy': '1.11.4', 'joblib': '1.3.2', 'sklearn': '1.4.2', 'pyod': '2.0.5', 'imblearn': '0.13.0', 'category_encoders': '2.7.0', 'lightgbm': '4.6.0', 'numba': '0.59.0', 'requests': '2.32.3', 'matplotlib': '3.8.0', 'scikitplot': '0.3.7', 'yellowbrick': '1.5', 'plotly': '5.24.1', 'plotly-resampler': 'Not installed', 'kaleido': '1.0.0', 'schemdraw': '0.15', 'statsmodels': '0.14.0', 'sktime': '0.26.0', 'tbats': '1.1.3', 'pmdarima': '2.0.4', 'psutil': '5.9.0', 'markupsafe': '2.1.3', 'pickle5': 'Not installed', 'cloudpickle': '2.2.1', 'deprecation': '2.1.0', 'xxhash': '3.5.0', 'wurlitzer': 'Not installed'}, 'python': {'version': '3.11.7', 'machine': 'AMD64'}}
pickle: {'deps_info': {'pip': '23.3.1', 'setuptools': '68.2.2', 'pycaret': '3.3.2', 'IPython': '8.20.0', 'ipywidgets': '7.6.5', 'tqdm': '4.65.0', 'numpy': '1.26.4', 'pandas': '2.1.4', 'jinja2': '3.1.3', 'scipy': '1.11.4', 'joblib': '1.3.2', 'sklearn': '1.4.2', 'pyod': '2.0.5', 'imblearn': '0.13.0', 'category_encoders': '2.7.0', 'lightgbm': '4.6.0', 'numba': '0.59.0', 'requests': '2.32.3', 'matplotlib': '3.8.0', 'scikitplot': '0.3.7', 'yellowbrick': '1.5', 'plotly': '5.24.1', 'plotly-resampler': 'Not installed', 'kaleido': '1.0.0', 'schemdraw': '0.15', 'statsmodels': '0.14.0', 'sktime': '0.26.0', 'tbats': '1.1.3', 'pmdarima': '2.0.4', 'psutil': '5.9.0', 'markupsafe': '2.1.3', 'pickle5': 'Not installed', 'cloudpickle': '2.2.1', 'deprecation': '2.1.0', 'xxhash': '3.5.0', 'wurlitzer': 'Not installed'}, 'python': {'version': '3.11.7', 'machine': 'AMD64'}}
  warnings.warn(

2025-07-09 02:04:16,480:WARNING:C:\Users\gusta\anaconda3\Lib\site-packages\pycaret\internal\pipeline.py:148: UserWarning: Version mismatch:
current: {'deps_info': {'pip': '23.3.1', 'setuptools': '68.2.2', 'pycaret': '3.3.2', 'IPython': '8.20.0', 'ipywidgets': '8.1.7', 'tqdm': '4.65.0', 'numpy': '1.26.4', 'pandas': '2.1.4', 'jinja2': '3.1.3', 'scipy': '1.11.4', 'joblib': '1.3.2', 'sklearn': '1.4.2', 'pyod': '2.0.5', 'imblearn': '0.13.0', 'category_encoders': '2.7.0', 'lightgbm': '4.6.0', 'numba': '0.59.0', 'requests': '2.32.3', 'matplotlib': '3.8.0', 'scikitplot': '0.3.7', 'yellowbrick': '1.5', 'plotly': '5.24.1', 'plotly-resampler': 'Not installed', 'kaleido': '1.0.0', 'schemdraw': '0.15', 'statsmodels': '0.14.0', 'sktime': '0.26.0', 'tbats': '1.1.3', 'pmdarima': '2.0.4', 'psutil': '5.9.0', 'markupsafe': '2.1.3', 'pickle5': 'Not installed', 'cloudpickle': '2.2.1', 'deprecation': '2.1.0', 'xxhash': '3.5.0', 'wurlitzer': 'Not installed'}, 'python': {'version': '3.11.7', 'machine': 'AMD64'}}
pickle: {'deps_info': {'pip': '23.3.1', 'setuptools': '68.2.2', 'pycaret': '3.3.2', 'IPython': '8.20.0', 'ipywidgets': '7.6.5', 'tqdm': '4.65.0', 'numpy': '1.26.4', 'pandas': '2.1.4', 'jinja2': '3.1.3', 'scipy': '1.11.4', 'joblib': '1.3.2', 'sklearn': '1.4.2', 'pyod': '2.0.5', 'imblearn': '0.13.0', 'category_encoders': '2.7.0', 'lightgbm': '4.6.0', 'numba': '0.59.0', 'requests': '2.32.3', 'matplotlib': '3.8.0', 'scikitplot': '0.3.7', 'yellowbrick': '1.5', 'plotly': '5.24.1', 'plotly-resampler': 'Not installed', 'kaleido': '1.0.0', 'schemdraw': '0.15', 'statsmodels': '0.14.0', 'sktime': '0.26.0', 'tbats': '1.1.3', 'pmdarima': '2.0.4', 'psutil': '5.9.0', 'markupsafe': '2.1.3', 'pickle5': 'Not installed', 'cloudpickle': '2.2.1', 'deprecation': '2.1.0', 'xxhash': '3.5.0', 'wurlitzer': 'Not installed'}, 'python': {'version': '3.11.7', 'machine': 'AMD64'}}
  warnings.warn(

2025-07-09 02:04:16,494:WARNING:C:\Users\gusta\anaconda3\Lib\site-packages\pycaret\internal\pipeline.py:148: UserWarning: Version mismatch:
current: {'deps_info': {'pip': '23.3.1', 'setuptools': '68.2.2', 'pycaret': '3.3.2', 'IPython': '8.20.0', 'ipywidgets': '8.1.7', 'tqdm': '4.65.0', 'numpy': '1.26.4', 'pandas': '2.1.4', 'jinja2': '3.1.3', 'scipy': '1.11.4', 'joblib': '1.3.2', 'sklearn': '1.4.2', 'pyod': '2.0.5', 'imblearn': '0.13.0', 'category_encoders': '2.7.0', 'lightgbm': '4.6.0', 'numba': '0.59.0', 'requests': '2.32.3', 'matplotlib': '3.8.0', 'scikitplot': '0.3.7', 'yellowbrick': '1.5', 'plotly': '5.24.1', 'plotly-resampler': 'Not installed', 'kaleido': '1.0.0', 'schemdraw': '0.15', 'statsmodels': '0.14.0', 'sktime': '0.26.0', 'tbats': '1.1.3', 'pmdarima': '2.0.4', 'psutil': '5.9.0', 'markupsafe': '2.1.3', 'pickle5': 'Not installed', 'cloudpickle': '2.2.1', 'deprecation': '2.1.0', 'xxhash': '3.5.0', 'wurlitzer': 'Not installed'}, 'python': {'version': '3.11.7', 'machine': 'AMD64'}}
pickle: {'deps_info': {'pip': '23.3.1', 'setuptools': '68.2.2', 'pycaret': '3.3.2', 'IPython': '8.20.0', 'ipywidgets': '7.6.5', 'tqdm': '4.65.0', 'numpy': '1.26.4', 'pandas': '2.1.4', 'jinja2': '3.1.3', 'scipy': '1.11.4', 'joblib': '1.3.2', 'sklearn': '1.4.2', 'pyod': '2.0.5', 'imblearn': '0.13.0', 'category_encoders': '2.7.0', 'lightgbm': '4.6.0', 'numba': '0.59.0', 'requests': '2.32.3', 'matplotlib': '3.8.0', 'scikitplot': '0.3.7', 'yellowbrick': '1.5', 'plotly': '5.24.1', 'plotly-resampler': 'Not installed', 'kaleido': '1.0.0', 'schemdraw': '0.15', 'statsmodels': '0.14.0', 'sktime': '0.26.0', 'tbats': '1.1.3', 'pmdarima': '2.0.4', 'psutil': '5.9.0', 'markupsafe': '2.1.3', 'pickle5': 'Not installed', 'cloudpickle': '2.2.1', 'deprecation': '2.1.0', 'xxhash': '3.5.0', 'wurlitzer': 'Not installed'}, 'python': {'version': '3.11.7', 'machine': 'AMD64'}}
  warnings.warn(

2025-07-09 02:04:16,554:WARNING:C:\Users\gusta\anaconda3\Lib\site-packages\pycaret\internal\pipeline.py:148: UserWarning: Version mismatch:
current: {'deps_info': {'pip': '23.3.1', 'setuptools': '68.2.2', 'pycaret': '3.3.2', 'IPython': '8.20.0', 'ipywidgets': '8.1.7', 'tqdm': '4.65.0', 'numpy': '1.26.4', 'pandas': '2.1.4', 'jinja2': '3.1.3', 'scipy': '1.11.4', 'joblib': '1.3.2', 'sklearn': '1.4.2', 'pyod': '2.0.5', 'imblearn': '0.13.0', 'category_encoders': '2.7.0', 'lightgbm': '4.6.0', 'numba': '0.59.0', 'requests': '2.32.3', 'matplotlib': '3.8.0', 'scikitplot': '0.3.7', 'yellowbrick': '1.5', 'plotly': '5.24.1', 'plotly-resampler': 'Not installed', 'kaleido': '1.0.0', 'schemdraw': '0.15', 'statsmodels': '0.14.0', 'sktime': '0.26.0', 'tbats': '1.1.3', 'pmdarima': '2.0.4', 'psutil': '5.9.0', 'markupsafe': '2.1.3', 'pickle5': 'Not installed', 'cloudpickle': '2.2.1', 'deprecation': '2.1.0', 'xxhash': '3.5.0', 'wurlitzer': 'Not installed'}, 'python': {'version': '3.11.7', 'machine': 'AMD64'}}
pickle: {'deps_info': {'pip': '23.3.1', 'setuptools': '68.2.2', 'pycaret': '3.3.2', 'IPython': '8.20.0', 'ipywidgets': '7.6.5', 'tqdm': '4.65.0', 'numpy': '1.26.4', 'pandas': '2.1.4', 'jinja2': '3.1.3', 'scipy': '1.11.4', 'joblib': '1.3.2', 'sklearn': '1.4.2', 'pyod': '2.0.5', 'imblearn': '0.13.0', 'category_encoders': '2.7.0', 'lightgbm': '4.6.0', 'numba': '0.59.0', 'requests': '2.32.3', 'matplotlib': '3.8.0', 'scikitplot': '0.3.7', 'yellowbrick': '1.5', 'plotly': '5.24.1', 'plotly-resampler': 'Not installed', 'kaleido': '1.0.0', 'schemdraw': '0.15', 'statsmodels': '0.14.0', 'sktime': '0.26.0', 'tbats': '1.1.3', 'pmdarima': '2.0.4', 'psutil': '5.9.0', 'markupsafe': '2.1.3', 'pickle5': 'Not installed', 'cloudpickle': '2.2.1', 'deprecation': '2.1.0', 'xxhash': '3.5.0', 'wurlitzer': 'Not installed'}, 'python': {'version': '3.11.7', 'machine': 'AMD64'}}
  warnings.warn(

2025-07-09 02:05:26,098:WARNING:C:\Users\gusta\anaconda3\Lib\site-packages\pycaret\internal\pipeline.py:148: UserWarning: Version mismatch:
current: {'deps_info': {'pip': '23.3.1', 'setuptools': '68.2.2', 'pycaret': '3.3.2', 'IPython': '8.20.0', 'ipywidgets': '8.1.7', 'tqdm': '4.65.0', 'numpy': '1.26.4', 'pandas': '2.1.4', 'jinja2': '3.1.3', 'scipy': '1.11.4', 'joblib': '1.3.2', 'sklearn': '1.4.2', 'pyod': '2.0.5', 'imblearn': '0.13.0', 'category_encoders': '2.7.0', 'lightgbm': '4.6.0', 'numba': '0.59.0', 'requests': '2.32.3', 'matplotlib': '3.8.0', 'scikitplot': '0.3.7', 'yellowbrick': '1.5', 'plotly': '5.24.1', 'plotly-resampler': 'Not installed', 'kaleido': '1.0.0', 'schemdraw': '0.15', 'statsmodels': '0.14.0', 'sktime': '0.26.0', 'tbats': '1.1.3', 'pmdarima': '2.0.4', 'psutil': '5.9.0', 'markupsafe': '2.1.3', 'pickle5': 'Not installed', 'cloudpickle': '2.2.1', 'deprecation': '2.1.0', 'xxhash': '3.5.0', 'wurlitzer': 'Not installed'}, 'python': {'version': '3.11.7', 'machine': 'AMD64'}}
pickle: {'deps_info': {'pip': '23.3.1', 'setuptools': '68.2.2', 'pycaret': '3.3.2', 'IPython': '8.20.0', 'ipywidgets': '7.6.5', 'tqdm': '4.65.0', 'numpy': '1.26.4', 'pandas': '2.1.4', 'jinja2': '3.1.3', 'scipy': '1.11.4', 'joblib': '1.3.2', 'sklearn': '1.4.2', 'pyod': '2.0.5', 'imblearn': '0.13.0', 'category_encoders': '2.7.0', 'lightgbm': '4.6.0', 'numba': '0.59.0', 'requests': '2.32.3', 'matplotlib': '3.8.0', 'scikitplot': '0.3.7', 'yellowbrick': '1.5', 'plotly': '5.24.1', 'plotly-resampler': 'Not installed', 'kaleido': '1.0.0', 'schemdraw': '0.15', 'statsmodels': '0.14.0', 'sktime': '0.26.0', 'tbats': '1.1.3', 'pmdarima': '2.0.4', 'psutil': '5.9.0', 'markupsafe': '2.1.3', 'pickle5': 'Not installed', 'cloudpickle': '2.2.1', 'deprecation': '2.1.0', 'xxhash': '3.5.0', 'wurlitzer': 'Not installed'}, 'python': {'version': '3.11.7', 'machine': 'AMD64'}}
  warnings.warn(

2025-07-09 02:05:26,514:WARNING:C:\Users\gusta\anaconda3\Lib\site-packages\pycaret\internal\pipeline.py:148: UserWarning: Version mismatch:
current: {'deps_info': {'pip': '23.3.1', 'setuptools': '68.2.2', 'pycaret': '3.3.2', 'IPython': '8.20.0', 'ipywidgets': '8.1.7', 'tqdm': '4.65.0', 'numpy': '1.26.4', 'pandas': '2.1.4', 'jinja2': '3.1.3', 'scipy': '1.11.4', 'joblib': '1.3.2', 'sklearn': '1.4.2', 'pyod': '2.0.5', 'imblearn': '0.13.0', 'category_encoders': '2.7.0', 'lightgbm': '4.6.0', 'numba': '0.59.0', 'requests': '2.32.3', 'matplotlib': '3.8.0', 'scikitplot': '0.3.7', 'yellowbrick': '1.5', 'plotly': '5.24.1', 'plotly-resampler': 'Not installed', 'kaleido': '1.0.0', 'schemdraw': '0.15', 'statsmodels': '0.14.0', 'sktime': '0.26.0', 'tbats': '1.1.3', 'pmdarima': '2.0.4', 'psutil': '5.9.0', 'markupsafe': '2.1.3', 'pickle5': 'Not installed', 'cloudpickle': '2.2.1', 'deprecation': '2.1.0', 'xxhash': '3.5.0', 'wurlitzer': 'Not installed'}, 'python': {'version': '3.11.7', 'machine': 'AMD64'}}
pickle: {'deps_info': {'pip': '23.3.1', 'setuptools': '68.2.2', 'pycaret': '3.3.2', 'IPython': '8.20.0', 'ipywidgets': '7.6.5', 'tqdm': '4.65.0', 'numpy': '1.26.4', 'pandas': '2.1.4', 'jinja2': '3.1.3', 'scipy': '1.11.4', 'joblib': '1.3.2', 'sklearn': '1.4.2', 'pyod': '2.0.5', 'imblearn': '0.13.0', 'category_encoders': '2.7.0', 'lightgbm': '4.6.0', 'numba': '0.59.0', 'requests': '2.32.3', 'matplotlib': '3.8.0', 'scikitplot': '0.3.7', 'yellowbrick': '1.5', 'plotly': '5.24.1', 'plotly-resampler': 'Not installed', 'kaleido': '1.0.0', 'schemdraw': '0.15', 'statsmodels': '0.14.0', 'sktime': '0.26.0', 'tbats': '1.1.3', 'pmdarima': '2.0.4', 'psutil': '5.9.0', 'markupsafe': '2.1.3', 'pickle5': 'Not installed', 'cloudpickle': '2.2.1', 'deprecation': '2.1.0', 'xxhash': '3.5.0', 'wurlitzer': 'Not installed'}, 'python': {'version': '3.11.7', 'machine': 'AMD64'}}
  warnings.warn(

2025-07-09 02:05:26,571:WARNING:C:\Users\gusta\anaconda3\Lib\site-packages\pycaret\internal\pipeline.py:148: UserWarning: Version mismatch:
current: {'deps_info': {'pip': '23.3.1', 'setuptools': '68.2.2', 'pycaret': '3.3.2', 'IPython': '8.20.0', 'ipywidgets': '8.1.7', 'tqdm': '4.65.0', 'numpy': '1.26.4', 'pandas': '2.1.4', 'jinja2': '3.1.3', 'scipy': '1.11.4', 'joblib': '1.3.2', 'sklearn': '1.4.2', 'pyod': '2.0.5', 'imblearn': '0.13.0', 'category_encoders': '2.7.0', 'lightgbm': '4.6.0', 'numba': '0.59.0', 'requests': '2.32.3', 'matplotlib': '3.8.0', 'scikitplot': '0.3.7', 'yellowbrick': '1.5', 'plotly': '5.24.1', 'plotly-resampler': 'Not installed', 'kaleido': '1.0.0', 'schemdraw': '0.15', 'statsmodels': '0.14.0', 'sktime': '0.26.0', 'tbats': '1.1.3', 'pmdarima': '2.0.4', 'psutil': '5.9.0', 'markupsafe': '2.1.3', 'pickle5': 'Not installed', 'cloudpickle': '2.2.1', 'deprecation': '2.1.0', 'xxhash': '3.5.0', 'wurlitzer': 'Not installed'}, 'python': {'version': '3.11.7', 'machine': 'AMD64'}}
pickle: {'deps_info': {'pip': '23.3.1', 'setuptools': '68.2.2', 'pycaret': '3.3.2', 'IPython': '8.20.0', 'ipywidgets': '7.6.5', 'tqdm': '4.65.0', 'numpy': '1.26.4', 'pandas': '2.1.4', 'jinja2': '3.1.3', 'scipy': '1.11.4', 'joblib': '1.3.2', 'sklearn': '1.4.2', 'pyod': '2.0.5', 'imblearn': '0.13.0', 'category_encoders': '2.7.0', 'lightgbm': '4.6.0', 'numba': '0.59.0', 'requests': '2.32.3', 'matplotlib': '3.8.0', 'scikitplot': '0.3.7', 'yellowbrick': '1.5', 'plotly': '5.24.1', 'plotly-resampler': 'Not installed', 'kaleido': '1.0.0', 'schemdraw': '0.15', 'statsmodels': '0.14.0', 'sktime': '0.26.0', 'tbats': '1.1.3', 'pmdarima': '2.0.4', 'psutil': '5.9.0', 'markupsafe': '2.1.3', 'pickle5': 'Not installed', 'cloudpickle': '2.2.1', 'deprecation': '2.1.0', 'xxhash': '3.5.0', 'wurlitzer': 'Not installed'}, 'python': {'version': '3.11.7', 'machine': 'AMD64'}}
  warnings.warn(

2025-07-09 02:05:28,862:WARNING:C:\Users\gusta\anaconda3\Lib\site-packages\pycaret\internal\pipeline.py:148: UserWarning: Version mismatch:
current: {'deps_info': {'pip': '23.3.1', 'setuptools': '68.2.2', 'pycaret': '3.3.2', 'IPython': '8.20.0', 'ipywidgets': '8.1.7', 'tqdm': '4.65.0', 'numpy': '1.26.4', 'pandas': '2.1.4', 'jinja2': '3.1.3', 'scipy': '1.11.4', 'joblib': '1.3.2', 'sklearn': '1.4.2', 'pyod': '2.0.5', 'imblearn': '0.13.0', 'category_encoders': '2.7.0', 'lightgbm': '4.6.0', 'numba': '0.59.0', 'requests': '2.32.3', 'matplotlib': '3.8.0', 'scikitplot': '0.3.7', 'yellowbrick': '1.5', 'plotly': '5.24.1', 'plotly-resampler': 'Not installed', 'kaleido': '1.0.0', 'schemdraw': '0.15', 'statsmodels': '0.14.0', 'sktime': '0.26.0', 'tbats': '1.1.3', 'pmdarima': '2.0.4', 'psutil': '5.9.0', 'markupsafe': '2.1.3', 'pickle5': 'Not installed', 'cloudpickle': '2.2.1', 'deprecation': '2.1.0', 'xxhash': '3.5.0', 'wurlitzer': 'Not installed'}, 'python': {'version': '3.11.7', 'machine': 'AMD64'}}
pickle: {'deps_info': {'pip': '23.3.1', 'setuptools': '68.2.2', 'pycaret': '3.3.2', 'IPython': '8.20.0', 'ipywidgets': '7.6.5', 'tqdm': '4.65.0', 'numpy': '1.26.4', 'pandas': '2.1.4', 'jinja2': '3.1.3', 'scipy': '1.11.4', 'joblib': '1.3.2', 'sklearn': '1.4.2', 'pyod': '2.0.5', 'imblearn': '0.13.0', 'category_encoders': '2.7.0', 'lightgbm': '4.6.0', 'numba': '0.59.0', 'requests': '2.32.3', 'matplotlib': '3.8.0', 'scikitplot': '0.3.7', 'yellowbrick': '1.5', 'plotly': '5.24.1', 'plotly-resampler': 'Not installed', 'kaleido': '1.0.0', 'schemdraw': '0.15', 'statsmodels': '0.14.0', 'sktime': '0.26.0', 'tbats': '1.1.3', 'pmdarima': '2.0.4', 'psutil': '5.9.0', 'markupsafe': '2.1.3', 'pickle5': 'Not installed', 'cloudpickle': '2.2.1', 'deprecation': '2.1.0', 'xxhash': '3.5.0', 'wurlitzer': 'Not installed'}, 'python': {'version': '3.11.7', 'machine': 'AMD64'}}
  warnings.warn(

2025-07-09 02:05:28,916:WARNING:C:\Users\gusta\anaconda3\Lib\site-packages\pycaret\internal\pipeline.py:148: UserWarning: Version mismatch:
current: {'deps_info': {'pip': '23.3.1', 'setuptools': '68.2.2', 'pycaret': '3.3.2', 'IPython': '8.20.0', 'ipywidgets': '8.1.7', 'tqdm': '4.65.0', 'numpy': '1.26.4', 'pandas': '2.1.4', 'jinja2': '3.1.3', 'scipy': '1.11.4', 'joblib': '1.3.2', 'sklearn': '1.4.2', 'pyod': '2.0.5', 'imblearn': '0.13.0', 'category_encoders': '2.7.0', 'lightgbm': '4.6.0', 'numba': '0.59.0', 'requests': '2.32.3', 'matplotlib': '3.8.0', 'scikitplot': '0.3.7', 'yellowbrick': '1.5', 'plotly': '5.24.1', 'plotly-resampler': 'Not installed', 'kaleido': '1.0.0', 'schemdraw': '0.15', 'statsmodels': '0.14.0', 'sktime': '0.26.0', 'tbats': '1.1.3', 'pmdarima': '2.0.4', 'psutil': '5.9.0', 'markupsafe': '2.1.3', 'pickle5': 'Not installed', 'cloudpickle': '2.2.1', 'deprecation': '2.1.0', 'xxhash': '3.5.0', 'wurlitzer': 'Not installed'}, 'python': {'version': '3.11.7', 'machine': 'AMD64'}}
pickle: {'deps_info': {'pip': '23.3.1', 'setuptools': '68.2.2', 'pycaret': '3.3.2', 'IPython': '8.20.0', 'ipywidgets': '7.6.5', 'tqdm': '4.65.0', 'numpy': '1.26.4', 'pandas': '2.1.4', 'jinja2': '3.1.3', 'scipy': '1.11.4', 'joblib': '1.3.2', 'sklearn': '1.4.2', 'pyod': '2.0.5', 'imblearn': '0.13.0', 'category_encoders': '2.7.0', 'lightgbm': '4.6.0', 'numba': '0.59.0', 'requests': '2.32.3', 'matplotlib': '3.8.0', 'scikitplot': '0.3.7', 'yellowbrick': '1.5', 'plotly': '5.24.1', 'plotly-resampler': 'Not installed', 'kaleido': '1.0.0', 'schemdraw': '0.15', 'statsmodels': '0.14.0', 'sktime': '0.26.0', 'tbats': '1.1.3', 'pmdarima': '2.0.4', 'psutil': '5.9.0', 'markupsafe': '2.1.3', 'pickle5': 'Not installed', 'cloudpickle': '2.2.1', 'deprecation': '2.1.0', 'xxhash': '3.5.0', 'wurlitzer': 'Not installed'}, 'python': {'version': '3.11.7', 'machine': 'AMD64'}}
  warnings.warn(

2025-07-09 02:06:24,307:WARNING:C:\Users\gusta\anaconda3\Lib\site-packages\pycaret\internal\pipeline.py:148: UserWarning: Version mismatch:
current: {'deps_info': {'pip': '23.3.1', 'setuptools': '68.2.2', 'pycaret': '3.3.2', 'IPython': '8.20.0', 'ipywidgets': '8.1.7', 'tqdm': '4.65.0', 'numpy': '1.26.4', 'pandas': '2.1.4', 'jinja2': '3.1.3', 'scipy': '1.11.4', 'joblib': '1.3.2', 'sklearn': '1.4.2', 'pyod': '2.0.5', 'imblearn': '0.13.0', 'category_encoders': '2.7.0', 'lightgbm': '4.6.0', 'numba': '0.59.0', 'requests': '2.32.3', 'matplotlib': '3.8.0', 'scikitplot': '0.3.7', 'yellowbrick': '1.5', 'plotly': '5.24.1', 'plotly-resampler': 'Not installed', 'kaleido': '1.0.0', 'schemdraw': '0.15', 'statsmodels': '0.14.0', 'sktime': '0.26.0', 'tbats': '1.1.3', 'pmdarima': '2.0.4', 'psutil': '5.9.0', 'markupsafe': '2.1.3', 'pickle5': 'Not installed', 'cloudpickle': '2.2.1', 'deprecation': '2.1.0', 'xxhash': '3.5.0', 'wurlitzer': 'Not installed'}, 'python': {'version': '3.11.7', 'machine': 'AMD64'}}
pickle: {'deps_info': {'pip': '23.3.1', 'setuptools': '68.2.2', 'pycaret': '3.3.2', 'IPython': '8.20.0', 'ipywidgets': '7.6.5', 'tqdm': '4.65.0', 'numpy': '1.26.4', 'pandas': '2.1.4', 'jinja2': '3.1.3', 'scipy': '1.11.4', 'joblib': '1.3.2', 'sklearn': '1.4.2', 'pyod': '2.0.5', 'imblearn': '0.13.0', 'category_encoders': '2.7.0', 'lightgbm': '4.6.0', 'numba': '0.59.0', 'requests': '2.32.3', 'matplotlib': '3.8.0', 'scikitplot': '0.3.7', 'yellowbrick': '1.5', 'plotly': '5.24.1', 'plotly-resampler': 'Not installed', 'kaleido': '1.0.0', 'schemdraw': '0.15', 'statsmodels': '0.14.0', 'sktime': '0.26.0', 'tbats': '1.1.3', 'pmdarima': '2.0.4', 'psutil': '5.9.0', 'markupsafe': '2.1.3', 'pickle5': 'Not installed', 'cloudpickle': '2.2.1', 'deprecation': '2.1.0', 'xxhash': '3.5.0', 'wurlitzer': 'Not installed'}, 'python': {'version': '3.11.7', 'machine': 'AMD64'}}
  warnings.warn(

2025-07-09 02:06:24,727:WARNING:C:\Users\gusta\anaconda3\Lib\site-packages\pycaret\internal\pipeline.py:148: UserWarning: Version mismatch:
current: {'deps_info': {'pip': '23.3.1', 'setuptools': '68.2.2', 'pycaret': '3.3.2', 'IPython': '8.20.0', 'ipywidgets': '8.1.7', 'tqdm': '4.65.0', 'numpy': '1.26.4', 'pandas': '2.1.4', 'jinja2': '3.1.3', 'scipy': '1.11.4', 'joblib': '1.3.2', 'sklearn': '1.4.2', 'pyod': '2.0.5', 'imblearn': '0.13.0', 'category_encoders': '2.7.0', 'lightgbm': '4.6.0', 'numba': '0.59.0', 'requests': '2.32.3', 'matplotlib': '3.8.0', 'scikitplot': '0.3.7', 'yellowbrick': '1.5', 'plotly': '5.24.1', 'plotly-resampler': 'Not installed', 'kaleido': '1.0.0', 'schemdraw': '0.15', 'statsmodels': '0.14.0', 'sktime': '0.26.0', 'tbats': '1.1.3', 'pmdarima': '2.0.4', 'psutil': '5.9.0', 'markupsafe': '2.1.3', 'pickle5': 'Not installed', 'cloudpickle': '2.2.1', 'deprecation': '2.1.0', 'xxhash': '3.5.0', 'wurlitzer': 'Not installed'}, 'python': {'version': '3.11.7', 'machine': 'AMD64'}}
pickle: {'deps_info': {'pip': '23.3.1', 'setuptools': '68.2.2', 'pycaret': '3.3.2', 'IPython': '8.20.0', 'ipywidgets': '7.6.5', 'tqdm': '4.65.0', 'numpy': '1.26.4', 'pandas': '2.1.4', 'jinja2': '3.1.3', 'scipy': '1.11.4', 'joblib': '1.3.2', 'sklearn': '1.4.2', 'pyod': '2.0.5', 'imblearn': '0.13.0', 'category_encoders': '2.7.0', 'lightgbm': '4.6.0', 'numba': '0.59.0', 'requests': '2.32.3', 'matplotlib': '3.8.0', 'scikitplot': '0.3.7', 'yellowbrick': '1.5', 'plotly': '5.24.1', 'plotly-resampler': 'Not installed', 'kaleido': '1.0.0', 'schemdraw': '0.15', 'statsmodels': '0.14.0', 'sktime': '0.26.0', 'tbats': '1.1.3', 'pmdarima': '2.0.4', 'psutil': '5.9.0', 'markupsafe': '2.1.3', 'pickle5': 'Not installed', 'cloudpickle': '2.2.1', 'deprecation': '2.1.0', 'xxhash': '3.5.0', 'wurlitzer': 'Not installed'}, 'python': {'version': '3.11.7', 'machine': 'AMD64'}}
  warnings.warn(

2025-07-09 02:06:25,395:WARNING:C:\Users\gusta\anaconda3\Lib\site-packages\pycaret\internal\pipeline.py:148: UserWarning: Version mismatch:
current: {'deps_info': {'pip': '23.3.1', 'setuptools': '68.2.2', 'pycaret': '3.3.2', 'IPython': '8.20.0', 'ipywidgets': '8.1.7', 'tqdm': '4.65.0', 'numpy': '1.26.4', 'pandas': '2.1.4', 'jinja2': '3.1.3', 'scipy': '1.11.4', 'joblib': '1.3.2', 'sklearn': '1.4.2', 'pyod': '2.0.5', 'imblearn': '0.13.0', 'category_encoders': '2.7.0', 'lightgbm': '4.6.0', 'numba': '0.59.0', 'requests': '2.32.3', 'matplotlib': '3.8.0', 'scikitplot': '0.3.7', 'yellowbrick': '1.5', 'plotly': '5.24.1', 'plotly-resampler': 'Not installed', 'kaleido': '1.0.0', 'schemdraw': '0.15', 'statsmodels': '0.14.0', 'sktime': '0.26.0', 'tbats': '1.1.3', 'pmdarima': '2.0.4', 'psutil': '5.9.0', 'markupsafe': '2.1.3', 'pickle5': 'Not installed', 'cloudpickle': '2.2.1', 'deprecation': '2.1.0', 'xxhash': '3.5.0', 'wurlitzer': 'Not installed'}, 'python': {'version': '3.11.7', 'machine': 'AMD64'}}
pickle: {'deps_info': {'pip': '23.3.1', 'setuptools': '68.2.2', 'pycaret': '3.3.2', 'IPython': '8.20.0', 'ipywidgets': '7.6.5', 'tqdm': '4.65.0', 'numpy': '1.26.4', 'pandas': '2.1.4', 'jinja2': '3.1.3', 'scipy': '1.11.4', 'joblib': '1.3.2', 'sklearn': '1.4.2', 'pyod': '2.0.5', 'imblearn': '0.13.0', 'category_encoders': '2.7.0', 'lightgbm': '4.6.0', 'numba': '0.59.0', 'requests': '2.32.3', 'matplotlib': '3.8.0', 'scikitplot': '0.3.7', 'yellowbrick': '1.5', 'plotly': '5.24.1', 'plotly-resampler': 'Not installed', 'kaleido': '1.0.0', 'schemdraw': '0.15', 'statsmodels': '0.14.0', 'sktime': '0.26.0', 'tbats': '1.1.3', 'pmdarima': '2.0.4', 'psutil': '5.9.0', 'markupsafe': '2.1.3', 'pickle5': 'Not installed', 'cloudpickle': '2.2.1', 'deprecation': '2.1.0', 'xxhash': '3.5.0', 'wurlitzer': 'Not installed'}, 'python': {'version': '3.11.7', 'machine': 'AMD64'}}
  warnings.warn(

2025-07-09 02:06:29,282:WARNING:C:\Users\gusta\anaconda3\Lib\site-packages\pycaret\internal\pipeline.py:148: UserWarning: Version mismatch:
current: {'deps_info': {'pip': '23.3.1', 'setuptools': '68.2.2', 'pycaret': '3.3.2', 'IPython': '8.20.0', 'ipywidgets': '8.1.7', 'tqdm': '4.65.0', 'numpy': '1.26.4', 'pandas': '2.1.4', 'jinja2': '3.1.3', 'scipy': '1.11.4', 'joblib': '1.3.2', 'sklearn': '1.4.2', 'pyod': '2.0.5', 'imblearn': '0.13.0', 'category_encoders': '2.7.0', 'lightgbm': '4.6.0', 'numba': '0.59.0', 'requests': '2.32.3', 'matplotlib': '3.8.0', 'scikitplot': '0.3.7', 'yellowbrick': '1.5', 'plotly': '5.24.1', 'plotly-resampler': 'Not installed', 'kaleido': '1.0.0', 'schemdraw': '0.15', 'statsmodels': '0.14.0', 'sktime': '0.26.0', 'tbats': '1.1.3', 'pmdarima': '2.0.4', 'psutil': '5.9.0', 'markupsafe': '2.1.3', 'pickle5': 'Not installed', 'cloudpickle': '2.2.1', 'deprecation': '2.1.0', 'xxhash': '3.5.0', 'wurlitzer': 'Not installed'}, 'python': {'version': '3.11.7', 'machine': 'AMD64'}}
pickle: {'deps_info': {'pip': '23.3.1', 'setuptools': '68.2.2', 'pycaret': '3.3.2', 'IPython': '8.20.0', 'ipywidgets': '7.6.5', 'tqdm': '4.65.0', 'numpy': '1.26.4', 'pandas': '2.1.4', 'jinja2': '3.1.3', 'scipy': '1.11.4', 'joblib': '1.3.2', 'sklearn': '1.4.2', 'pyod': '2.0.5', 'imblearn': '0.13.0', 'category_encoders': '2.7.0', 'lightgbm': '4.6.0', 'numba': '0.59.0', 'requests': '2.32.3', 'matplotlib': '3.8.0', 'scikitplot': '0.3.7', 'yellowbrick': '1.5', 'plotly': '5.24.1', 'plotly-resampler': 'Not installed', 'kaleido': '1.0.0', 'schemdraw': '0.15', 'statsmodels': '0.14.0', 'sktime': '0.26.0', 'tbats': '1.1.3', 'pmdarima': '2.0.4', 'psutil': '5.9.0', 'markupsafe': '2.1.3', 'pickle5': 'Not installed', 'cloudpickle': '2.2.1', 'deprecation': '2.1.0', 'xxhash': '3.5.0', 'wurlitzer': 'Not installed'}, 'python': {'version': '3.11.7', 'machine': 'AMD64'}}
  warnings.warn(

2025-07-09 02:07:09,840:WARNING:C:\Users\gusta\anaconda3\Lib\site-packages\pycaret\internal\pipeline.py:148: UserWarning: Version mismatch:
current: {'deps_info': {'pip': '23.3.1', 'setuptools': '68.2.2', 'pycaret': '3.3.2', 'IPython': '8.20.0', 'ipywidgets': '8.1.7', 'tqdm': '4.65.0', 'numpy': '1.26.4', 'pandas': '2.1.4', 'jinja2': '3.1.3', 'scipy': '1.11.4', 'joblib': '1.3.2', 'sklearn': '1.4.2', 'pyod': '2.0.5', 'imblearn': '0.13.0', 'category_encoders': '2.7.0', 'lightgbm': '4.6.0', 'numba': '0.59.0', 'requests': '2.32.3', 'matplotlib': '3.8.0', 'scikitplot': '0.3.7', 'yellowbrick': '1.5', 'plotly': '5.24.1', 'plotly-resampler': 'Not installed', 'kaleido': '1.0.0', 'schemdraw': '0.15', 'statsmodels': '0.14.0', 'sktime': '0.26.0', 'tbats': '1.1.3', 'pmdarima': '2.0.4', 'psutil': '5.9.0', 'markupsafe': '2.1.3', 'pickle5': 'Not installed', 'cloudpickle': '2.2.1', 'deprecation': '2.1.0', 'xxhash': '3.5.0', 'wurlitzer': 'Not installed'}, 'python': {'version': '3.11.7', 'machine': 'AMD64'}}
pickle: {'deps_info': {'pip': '23.3.1', 'setuptools': '68.2.2', 'pycaret': '3.3.2', 'IPython': '8.20.0', 'ipywidgets': '7.6.5', 'tqdm': '4.65.0', 'numpy': '1.26.4', 'pandas': '2.1.4', 'jinja2': '3.1.3', 'scipy': '1.11.4', 'joblib': '1.3.2', 'sklearn': '1.4.2', 'pyod': '2.0.5', 'imblearn': '0.13.0', 'category_encoders': '2.7.0', 'lightgbm': '4.6.0', 'numba': '0.59.0', 'requests': '2.32.3', 'matplotlib': '3.8.0', 'scikitplot': '0.3.7', 'yellowbrick': '1.5', 'plotly': '5.24.1', 'plotly-resampler': 'Not installed', 'kaleido': '1.0.0', 'schemdraw': '0.15', 'statsmodels': '0.14.0', 'sktime': '0.26.0', 'tbats': '1.1.3', 'pmdarima': '2.0.4', 'psutil': '5.9.0', 'markupsafe': '2.1.3', 'pickle5': 'Not installed', 'cloudpickle': '2.2.1', 'deprecation': '2.1.0', 'xxhash': '3.5.0', 'wurlitzer': 'Not installed'}, 'python': {'version': '3.11.7', 'machine': 'AMD64'}}
  warnings.warn(

2025-07-09 02:07:10,023:WARNING:C:\Users\gusta\anaconda3\Lib\site-packages\pycaret\internal\pipeline.py:148: UserWarning: Version mismatch:
current: {'deps_info': {'pip': '23.3.1', 'setuptools': '68.2.2', 'pycaret': '3.3.2', 'IPython': '8.20.0', 'ipywidgets': '8.1.7', 'tqdm': '4.65.0', 'numpy': '1.26.4', 'pandas': '2.1.4', 'jinja2': '3.1.3', 'scipy': '1.11.4', 'joblib': '1.3.2', 'sklearn': '1.4.2', 'pyod': '2.0.5', 'imblearn': '0.13.0', 'category_encoders': '2.7.0', 'lightgbm': '4.6.0', 'numba': '0.59.0', 'requests': '2.32.3', 'matplotlib': '3.8.0', 'scikitplot': '0.3.7', 'yellowbrick': '1.5', 'plotly': '5.24.1', 'plotly-resampler': 'Not installed', 'kaleido': '1.0.0', 'schemdraw': '0.15', 'statsmodels': '0.14.0', 'sktime': '0.26.0', 'tbats': '1.1.3', 'pmdarima': '2.0.4', 'psutil': '5.9.0', 'markupsafe': '2.1.3', 'pickle5': 'Not installed', 'cloudpickle': '2.2.1', 'deprecation': '2.1.0', 'xxhash': '3.5.0', 'wurlitzer': 'Not installed'}, 'python': {'version': '3.11.7', 'machine': 'AMD64'}}
pickle: {'deps_info': {'pip': '23.3.1', 'setuptools': '68.2.2', 'pycaret': '3.3.2', 'IPython': '8.20.0', 'ipywidgets': '7.6.5', 'tqdm': '4.65.0', 'numpy': '1.26.4', 'pandas': '2.1.4', 'jinja2': '3.1.3', 'scipy': '1.11.4', 'joblib': '1.3.2', 'sklearn': '1.4.2', 'pyod': '2.0.5', 'imblearn': '0.13.0', 'category_encoders': '2.7.0', 'lightgbm': '4.6.0', 'numba': '0.59.0', 'requests': '2.32.3', 'matplotlib': '3.8.0', 'scikitplot': '0.3.7', 'yellowbrick': '1.5', 'plotly': '5.24.1', 'plotly-resampler': 'Not installed', 'kaleido': '1.0.0', 'schemdraw': '0.15', 'statsmodels': '0.14.0', 'sktime': '0.26.0', 'tbats': '1.1.3', 'pmdarima': '2.0.4', 'psutil': '5.9.0', 'markupsafe': '2.1.3', 'pickle5': 'Not installed', 'cloudpickle': '2.2.1', 'deprecation': '2.1.0', 'xxhash': '3.5.0', 'wurlitzer': 'Not installed'}, 'python': {'version': '3.11.7', 'machine': 'AMD64'}}
  warnings.warn(

2025-07-09 02:07:10,647:WARNING:C:\Users\gusta\anaconda3\Lib\site-packages\pycaret\internal\pipeline.py:148: UserWarning: Version mismatch:
current: {'deps_info': {'pip': '23.3.1', 'setuptools': '68.2.2', 'pycaret': '3.3.2', 'IPython': '8.20.0', 'ipywidgets': '8.1.7', 'tqdm': '4.65.0', 'numpy': '1.26.4', 'pandas': '2.1.4', 'jinja2': '3.1.3', 'scipy': '1.11.4', 'joblib': '1.3.2', 'sklearn': '1.4.2', 'pyod': '2.0.5', 'imblearn': '0.13.0', 'category_encoders': '2.7.0', 'lightgbm': '4.6.0', 'numba': '0.59.0', 'requests': '2.32.3', 'matplotlib': '3.8.0', 'scikitplot': '0.3.7', 'yellowbrick': '1.5', 'plotly': '5.24.1', 'plotly-resampler': 'Not installed', 'kaleido': '1.0.0', 'schemdraw': '0.15', 'statsmodels': '0.14.0', 'sktime': '0.26.0', 'tbats': '1.1.3', 'pmdarima': '2.0.4', 'psutil': '5.9.0', 'markupsafe': '2.1.3', 'pickle5': 'Not installed', 'cloudpickle': '2.2.1', 'deprecation': '2.1.0', 'xxhash': '3.5.0', 'wurlitzer': 'Not installed'}, 'python': {'version': '3.11.7', 'machine': 'AMD64'}}
pickle: {'deps_info': {'pip': '23.3.1', 'setuptools': '68.2.2', 'pycaret': '3.3.2', 'IPython': '8.20.0', 'ipywidgets': '7.6.5', 'tqdm': '4.65.0', 'numpy': '1.26.4', 'pandas': '2.1.4', 'jinja2': '3.1.3', 'scipy': '1.11.4', 'joblib': '1.3.2', 'sklearn': '1.4.2', 'pyod': '2.0.5', 'imblearn': '0.13.0', 'category_encoders': '2.7.0', 'lightgbm': '4.6.0', 'numba': '0.59.0', 'requests': '2.32.3', 'matplotlib': '3.8.0', 'scikitplot': '0.3.7', 'yellowbrick': '1.5', 'plotly': '5.24.1', 'plotly-resampler': 'Not installed', 'kaleido': '1.0.0', 'schemdraw': '0.15', 'statsmodels': '0.14.0', 'sktime': '0.26.0', 'tbats': '1.1.3', 'pmdarima': '2.0.4', 'psutil': '5.9.0', 'markupsafe': '2.1.3', 'pickle5': 'Not installed', 'cloudpickle': '2.2.1', 'deprecation': '2.1.0', 'xxhash': '3.5.0', 'wurlitzer': 'Not installed'}, 'python': {'version': '3.11.7', 'machine': 'AMD64'}}
  warnings.warn(

2025-07-09 02:07:20,139:WARNING:
'cuml' is a soft dependency and not included in the pycaret installation. Please run: `pip install cuml` to install.
2025-07-09 02:07:20,139:WARNING:
'cuml' is a soft dependency and not included in the pycaret installation. Please run: `pip install cuml` to install.
2025-07-09 02:07:20,139:WARNING:
'cuml' is a soft dependency and not included in the pycaret installation. Please run: `pip install cuml` to install.
2025-07-09 02:07:20,139:WARNING:
'cuml' is a soft dependency and not included in the pycaret installation. Please run: `pip install cuml` to install.
2025-07-09 02:09:31,369:INFO:PyCaret ClassificationExperiment
2025-07-09 02:09:31,369:INFO:Logging name: clf-default-name
2025-07-09 02:09:31,369:INFO:ML Usecase: MLUsecase.CLASSIFICATION
2025-07-09 02:09:31,369:INFO:version 3.3.2
2025-07-09 02:09:31,369:INFO:Initializing setup()
2025-07-09 02:09:31,369:INFO:self.USI: cdfa
2025-07-09 02:09:31,369:INFO:self._variable_keys: {'html_param', 'seed', 'X', 'logging_param', 'pipeline', 'fix_imbalance', 'fold_groups_param', 'n_jobs_param', 'is_multiclass', 'USI', 'y_train', 'exp_id', 'X_train', 'fold_generator', 'gpu_param', 'gpu_n_jobs_param', 'data', 'y_test', '_ml_usecase', 'idx', 'log_plots_param', 'target_param', 'y', 'X_test', '_available_plots', 'memory', 'fold_shuffle_param', 'exp_name_log'}
2025-07-09 02:09:31,369:INFO:Checking environment
2025-07-09 02:09:31,369:INFO:python_version: 3.11.7
2025-07-09 02:09:31,369:INFO:python_build: ('main', 'Dec 15 2023 18:05:47')
2025-07-09 02:09:31,369:INFO:machine: AMD64
2025-07-09 02:09:31,369:INFO:platform: Windows-10-10.0.26100-SP0
2025-07-09 02:09:31,369:INFO:Memory: svmem(total=8265125888, available=1564422144, percent=81.1, used=6700703744, free=1564422144)
2025-07-09 02:09:31,369:INFO:Physical Core: 10
2025-07-09 02:09:31,369:INFO:Logical Core: 12
2025-07-09 02:09:31,369:INFO:Checking libraries
2025-07-09 02:09:31,369:INFO:System:
2025-07-09 02:09:31,369:INFO:    python: 3.11.7 | packaged by Anaconda, Inc. | (main, Dec 15 2023, 18:05:47) [MSC v.1916 64 bit (AMD64)]
2025-07-09 02:09:31,369:INFO:executable: C:\Users\gusta\anaconda3\python.exe
2025-07-09 02:09:31,369:INFO:   machine: Windows-10-10.0.26100-SP0
2025-07-09 02:09:31,369:INFO:PyCaret required dependencies:
2025-07-09 02:09:32,082:INFO:                 pip: 23.3.1
2025-07-09 02:09:32,082:INFO:          setuptools: 68.2.2
2025-07-09 02:09:32,082:INFO:             pycaret: 3.3.2
2025-07-09 02:09:32,082:INFO:             IPython: 8.20.0
2025-07-09 02:09:32,082:INFO:          ipywidgets: 8.1.7
2025-07-09 02:09:32,082:INFO:                tqdm: 4.65.0
2025-07-09 02:09:32,082:INFO:               numpy: 1.26.4
2025-07-09 02:09:32,082:INFO:              pandas: 2.1.4
2025-07-09 02:09:32,082:INFO:              jinja2: 3.1.3
2025-07-09 02:09:32,082:INFO:               scipy: 1.11.4
2025-07-09 02:09:32,082:INFO:              joblib: 1.3.2
2025-07-09 02:09:32,082:INFO:             sklearn: 1.4.2
2025-07-09 02:09:32,082:INFO:                pyod: 2.0.5
2025-07-09 02:09:32,082:INFO:            imblearn: 0.13.0
2025-07-09 02:09:32,082:INFO:   category_encoders: 2.7.0
2025-07-09 02:09:32,082:INFO:            lightgbm: 4.6.0
2025-07-09 02:09:32,082:INFO:               numba: 0.59.0
2025-07-09 02:09:32,082:INFO:            requests: 2.32.3
2025-07-09 02:09:32,082:INFO:          matplotlib: 3.8.0
2025-07-09 02:09:32,082:INFO:          scikitplot: 0.3.7
2025-07-09 02:09:32,082:INFO:         yellowbrick: 1.5
2025-07-09 02:09:32,082:INFO:              plotly: 5.24.1
2025-07-09 02:09:32,082:INFO:    plotly-resampler: Not installed
2025-07-09 02:09:32,082:INFO:             kaleido: 1.0.0
2025-07-09 02:09:32,082:INFO:           schemdraw: 0.15
2025-07-09 02:09:32,082:INFO:         statsmodels: 0.14.0
2025-07-09 02:09:32,082:INFO:              sktime: 0.26.0
2025-07-09 02:09:32,082:INFO:               tbats: 1.1.3
2025-07-09 02:09:32,082:INFO:            pmdarima: 2.0.4
2025-07-09 02:09:32,082:INFO:              psutil: 5.9.0
2025-07-09 02:09:32,082:INFO:          markupsafe: 2.1.3
2025-07-09 02:09:32,082:INFO:             pickle5: Not installed
2025-07-09 02:09:32,082:INFO:         cloudpickle: 2.2.1
2025-07-09 02:09:32,082:INFO:         deprecation: 2.1.0
2025-07-09 02:09:32,082:INFO:              xxhash: 3.5.0
2025-07-09 02:09:32,082:INFO:           wurlitzer: Not installed
2025-07-09 02:09:32,082:INFO:PyCaret optional dependencies:
2025-07-09 02:09:32,091:INFO:                shap: Not installed
2025-07-09 02:09:32,091:INFO:           interpret: Not installed
2025-07-09 02:09:32,091:INFO:                umap: Not installed
2025-07-09 02:09:32,091:INFO:     ydata_profiling: 4.12.2
2025-07-09 02:09:32,091:INFO:  explainerdashboard: Not installed
2025-07-09 02:09:32,091:INFO:             autoviz: Not installed
2025-07-09 02:09:32,091:INFO:           fairlearn: Not installed
2025-07-09 02:09:32,091:INFO:          deepchecks: Not installed
2025-07-09 02:09:32,091:INFO:             xgboost: Not installed
2025-07-09 02:09:32,091:INFO:            catboost: Not installed
2025-07-09 02:09:32,091:INFO:              kmodes: Not installed
2025-07-09 02:09:32,091:INFO:             mlxtend: Not installed
2025-07-09 02:09:32,091:INFO:       statsforecast: Not installed
2025-07-09 02:09:32,091:INFO:        tune_sklearn: Not installed
2025-07-09 02:09:32,091:INFO:                 ray: Not installed
2025-07-09 02:09:32,091:INFO:            hyperopt: Not installed
2025-07-09 02:09:32,091:INFO:              optuna: Not installed
2025-07-09 02:09:32,091:INFO:               skopt: Not installed
2025-07-09 02:09:32,091:INFO:              mlflow: Not installed
2025-07-09 02:09:32,091:INFO:              gradio: Not installed
2025-07-09 02:09:32,091:INFO:             fastapi: Not installed
2025-07-09 02:09:32,091:INFO:             uvicorn: Not installed
2025-07-09 02:09:32,091:INFO:              m2cgen: Not installed
2025-07-09 02:09:32,091:INFO:           evidently: Not installed
2025-07-09 02:09:32,091:INFO:               fugue: Not installed
2025-07-09 02:09:32,091:INFO:           streamlit: 1.30.0
2025-07-09 02:09:32,091:INFO:             prophet: Not installed
2025-07-09 02:09:32,091:INFO:None
2025-07-09 02:09:32,091:INFO:Set up data.
2025-07-09 02:09:32,534:INFO:Set up folding strategy.
2025-07-09 02:09:32,534:INFO:Set up train/test split.
2025-07-09 02:09:32,842:INFO:Set up index.
2025-07-09 02:09:32,858:INFO:Assigning column types.
2025-07-09 02:09:32,917:INFO:Engine successfully changes for model 'lr' to 'sklearn'.
2025-07-09 02:09:32,951:INFO:Engine for model 'knn' has not been set explicitly, hence returning None.
2025-07-09 02:09:32,961:INFO:Engine for model 'rbfsvm' has not been set explicitly, hence returning None.
2025-07-09 02:09:33,117:WARNING:
'xgboost' is a soft dependency and not included in the pycaret installation. Please run: `pip install xgboost` to install.
Alternately, you can install this by running `pip install pycaret[models]`
2025-07-09 02:09:33,117:WARNING:
'catboost' is a soft dependency and not included in the pycaret installation. Please run: `pip install catboost` to install.
Alternately, you can install this by running `pip install pycaret[models]`
2025-07-09 02:09:33,154:INFO:Engine for model 'knn' has not been set explicitly, hence returning None.
2025-07-09 02:09:33,154:INFO:Engine for model 'rbfsvm' has not been set explicitly, hence returning None.
2025-07-09 02:09:33,170:WARNING:
'xgboost' is a soft dependency and not included in the pycaret installation. Please run: `pip install xgboost` to install.
Alternately, you can install this by running `pip install pycaret[models]`
2025-07-09 02:09:33,170:WARNING:
'catboost' is a soft dependency and not included in the pycaret installation. Please run: `pip install catboost` to install.
Alternately, you can install this by running `pip install pycaret[models]`
2025-07-09 02:09:33,170:INFO:Engine successfully changes for model 'knn' to 'sklearn'.
2025-07-09 02:09:33,203:INFO:Engine for model 'rbfsvm' has not been set explicitly, hence returning None.
2025-07-09 02:09:33,226:WARNING:
'xgboost' is a soft dependency and not included in the pycaret installation. Please run: `pip install xgboost` to install.
Alternately, you can install this by running `pip install pycaret[models]`
2025-07-09 02:09:33,226:WARNING:
'catboost' is a soft dependency and not included in the pycaret installation. Please run: `pip install catboost` to install.
Alternately, you can install this by running `pip install pycaret[models]`
2025-07-09 02:09:33,256:INFO:Engine for model 'rbfsvm' has not been set explicitly, hence returning None.
2025-07-09 02:09:33,266:WARNING:
'xgboost' is a soft dependency and not included in the pycaret installation. Please run: `pip install xgboost` to install.
Alternately, you can install this by running `pip install pycaret[models]`
2025-07-09 02:09:33,266:WARNING:
'catboost' is a soft dependency and not included in the pycaret installation. Please run: `pip install catboost` to install.
Alternately, you can install this by running `pip install pycaret[models]`
2025-07-09 02:09:33,266:INFO:Engine successfully changes for model 'rbfsvm' to 'sklearn'.
2025-07-09 02:09:33,330:WARNING:
'xgboost' is a soft dependency and not included in the pycaret installation. Please run: `pip install xgboost` to install.
Alternately, you can install this by running `pip install pycaret[models]`
2025-07-09 02:09:33,330:WARNING:
'catboost' is a soft dependency and not included in the pycaret installation. Please run: `pip install catboost` to install.
Alternately, you can install this by running `pip install pycaret[models]`
2025-07-09 02:09:33,377:WARNING:
'xgboost' is a soft dependency and not included in the pycaret installation. Please run: `pip install xgboost` to install.
Alternately, you can install this by running `pip install pycaret[models]`
2025-07-09 02:09:33,377:WARNING:
'catboost' is a soft dependency and not included in the pycaret installation. Please run: `pip install catboost` to install.
Alternately, you can install this by running `pip install pycaret[models]`
2025-07-09 02:09:33,386:INFO:Preparing preprocessing pipeline...
2025-07-09 02:09:33,398:INFO:Set up simple imputation.
2025-07-09 02:09:33,500:INFO:Set up encoding of ordinal features.
2025-07-09 02:09:33,567:INFO:Set up encoding of categorical features.
2025-07-09 02:09:33,567:INFO:Set up column transformation.
2025-07-09 02:09:33,567:INFO:Set up feature normalization.
2025-07-09 02:09:36,872:INFO:Finished creating preprocessing pipeline.
2025-07-09 02:09:36,890:INFO:Pipeline: Pipeline(memory=FastMemory(location=C:\Users\gusta\AppData\Local\Temp\joblib),
         steps=[('numerical_imputer',
                 TransformerWrapper(exclude=None,
                                    include=['qtd_filhos', 'idade',
                                             'tempo_emprego',
                                             'qt_pessoas_residencia', 'renda'],
                                    transformer=SimpleImputer(add_indicator=False,
                                                              copy=True,
                                                              fill_value=None,
                                                              keep_empty_features=False,
                                                              missing_values=nan,
                                                              strategy='mean')...
                                                              handle_unknown='value',
                                                              return_df=True,
                                                              use_cat_names=True,
                                                              verbose=0))),
                ('transformation',
                 TransformerWrapper(exclude=None, include=None,
                                    transformer=PowerTransformer(copy=True,
                                                                 method='yeo-johnson',
                                                                 standardize=False))),
                ('normalize',
                 TransformerWrapper(exclude=None, include=None,
                                    transformer=StandardScaler(copy=True,
                                                               with_mean=True,
                                                               with_std=True)))],
         verbose=False)
2025-07-09 02:09:36,890:INFO:Creating final display dataframe.
2025-07-09 02:09:39,500:INFO:Setup _display_container:                     Description             Value
0                    Session id               123
1                        Target               mau
2                   Target type            Binary
3           Original data shape      (750000, 13)
4        Transformed data shape      (750000, 30)
5   Transformed train set shape      (600000, 30)
6    Transformed test set shape      (150000, 30)
7              Numeric features                 5
8          Categorical features                 7
9                    Preprocess              True
10              Imputation type            simple
11           Numeric imputation              mean
12       Categorical imputation              mode
13     Maximum one-hot encoding                25
14              Encoding method              None
15               Transformation              True
16        Transformation method       yeo-johnson
17                    Normalize              True
18             Normalize method            zscore
19               Fold Generator   StratifiedKFold
20                  Fold Number                 5
21                     CPU Jobs                -1
22                      Use GPU             False
23               Log Experiment             False
24              Experiment Name  clf-default-name
25                          USI              cdfa
2025-07-09 02:09:39,560:WARNING:
'xgboost' is a soft dependency and not included in the pycaret installation. Please run: `pip install xgboost` to install.
Alternately, you can install this by running `pip install pycaret[models]`
2025-07-09 02:09:39,562:WARNING:
'catboost' is a soft dependency and not included in the pycaret installation. Please run: `pip install catboost` to install.
Alternately, you can install this by running `pip install pycaret[models]`
2025-07-09 02:09:39,612:WARNING:
'xgboost' is a soft dependency and not included in the pycaret installation. Please run: `pip install xgboost` to install.
Alternately, you can install this by running `pip install pycaret[models]`
2025-07-09 02:09:39,612:WARNING:
'catboost' is a soft dependency and not included in the pycaret installation. Please run: `pip install catboost` to install.
Alternately, you can install this by running `pip install pycaret[models]`
2025-07-09 02:09:39,614:INFO:setup() successfully completed in 8.26s...............
2025-07-09 02:09:39,620:INFO:Initializing compare_models()
2025-07-09 02:09:39,620:INFO:compare_models(self=<pycaret.classification.oop.ClassificationExperiment object at 0x00000218DD2EB4D0>, include=None, exclude=None, fold=4, round=4, cross_validation=True, sort=Accuracy, n_select=1, budget_time=None, turbo=True, errors=ignore, fit_kwargs=None, groups=None, experiment_custom_tags=None, probability_threshold=None, verbose=True, parallel=None, caller_params={'self': <pycaret.classification.oop.ClassificationExperiment object at 0x00000218DD2EB4D0>, 'include': None, 'exclude': None, 'fold': 4, 'round': 4, 'cross_validation': True, 'sort': 'Accuracy', 'n_select': 1, 'budget_time': None, 'turbo': True, 'errors': 'ignore', 'fit_kwargs': None, 'groups': None, 'experiment_custom_tags': None, 'probability_threshold': None, 'engine': None, 'verbose': True, 'parallel': None, '__class__': <class 'pycaret.classification.oop.ClassificationExperiment'>})
2025-07-09 02:09:39,620:INFO:Checking exceptions
2025-07-09 02:09:39,750:INFO:Preparing display monitor
2025-07-09 02:09:39,768:INFO:Initializing Logistic Regression
2025-07-09 02:09:39,768:INFO:Total runtime is 0.0 minutes
2025-07-09 02:09:39,771:INFO:SubProcess create_model() called ==================================
2025-07-09 02:09:39,771:INFO:Initializing create_model()
2025-07-09 02:09:39,771:INFO:create_model(self=<pycaret.classification.oop.ClassificationExperiment object at 0x00000218DD2EB4D0>, estimator=lr, fold=StratifiedKFold(n_splits=4, random_state=None, shuffle=False), round=4, cross_validation=True, predict=True, fit_kwargs={}, groups=None, refit=False, probability_threshold=None, experiment_custom_tags=None, verbose=False, system=False, add_to_model_list=True, metrics=None, display=<pycaret.internal.display.display.CommonDisplay object at 0x00000218E2CB8D10>, model_only=True, return_train_score=False, error_score=0.0, kwargs={})
2025-07-09 02:09:39,771:INFO:Checking exceptions
2025-07-09 02:09:39,771:INFO:Importing libraries
2025-07-09 02:09:39,771:INFO:Copying training dataset
2025-07-09 02:09:40,012:INFO:Defining folds
2025-07-09 02:09:40,012:INFO:Declaring metric variables
2025-07-09 02:09:40,012:INFO:Importing untrained model
2025-07-09 02:09:40,026:INFO:Logistic Regression Imported successfully
2025-07-09 02:09:40,029:INFO:Starting cross validation
2025-07-09 02:09:40,034:INFO:Cross validating with StratifiedKFold(n_splits=4, random_state=None, shuffle=False), n_jobs=-1
2025-07-09 02:10:15,419:INFO:Calculating mean and std
2025-07-09 02:10:15,422:INFO:Creating metrics dataframe
2025-07-09 02:10:15,424:INFO:Uploading results into container
2025-07-09 02:10:15,424:INFO:Uploading model into container now
2025-07-09 02:10:15,424:INFO:_master_model_container: 1
2025-07-09 02:10:15,424:INFO:_display_container: 2
2025-07-09 02:10:15,424:INFO:LogisticRegression(C=1.0, class_weight=None, dual=False, fit_intercept=True,
                   intercept_scaling=1, l1_ratio=None, max_iter=1000,
                   multi_class='auto', n_jobs=None, penalty='l2',
                   random_state=123, solver='lbfgs', tol=0.0001, verbose=0,
                   warm_start=False)
2025-07-09 02:10:15,424:INFO:create_model() successfully completed......................................
2025-07-09 02:10:15,655:INFO:SubProcess create_model() end ==================================
2025-07-09 02:10:15,655:INFO:Creating metrics dataframe
2025-07-09 02:10:15,669:INFO:Initializing K Neighbors Classifier
2025-07-09 02:10:15,669:INFO:Total runtime is 0.5983494997024537 minutes
2025-07-09 02:10:15,680:INFO:SubProcess create_model() called ==================================
2025-07-09 02:10:15,682:INFO:Initializing create_model()
2025-07-09 02:10:15,682:INFO:create_model(self=<pycaret.classification.oop.ClassificationExperiment object at 0x00000218DD2EB4D0>, estimator=knn, fold=StratifiedKFold(n_splits=4, random_state=None, shuffle=False), round=4, cross_validation=True, predict=True, fit_kwargs={}, groups=None, refit=False, probability_threshold=None, experiment_custom_tags=None, verbose=False, system=False, add_to_model_list=True, metrics=None, display=<pycaret.internal.display.display.CommonDisplay object at 0x00000218E2CB8D10>, model_only=True, return_train_score=False, error_score=0.0, kwargs={})
2025-07-09 02:10:15,682:INFO:Checking exceptions
2025-07-09 02:10:15,682:INFO:Importing libraries
2025-07-09 02:10:15,682:INFO:Copying training dataset
2025-07-09 02:10:16,228:INFO:Defining folds
2025-07-09 02:10:16,228:INFO:Declaring metric variables
2025-07-09 02:10:16,235:INFO:Importing untrained model
2025-07-09 02:10:16,241:INFO:K Neighbors Classifier Imported successfully
2025-07-09 02:10:16,251:INFO:Starting cross validation
2025-07-09 02:10:16,254:INFO:Cross validating with StratifiedKFold(n_splits=4, random_state=None, shuffle=False), n_jobs=-1
2025-07-09 02:19:32,232:INFO:Initializing compare_models()
2025-07-09 02:19:32,235:INFO:compare_models(self=<pycaret.classification.oop.ClassificationExperiment object at 0x00000218DD2EB4D0>, include=['lr', 'rf', 'lightgbm'], exclude=None, fold=4, round=4, cross_validation=True, sort=Accuracy, n_select=1, budget_time=None, turbo=True, errors=ignore, fit_kwargs=None, groups=None, experiment_custom_tags=None, probability_threshold=None, verbose=True, parallel=None, caller_params={'self': <pycaret.classification.oop.ClassificationExperiment object at 0x00000218DD2EB4D0>, 'include': ['lr', 'rf', 'lightgbm'], 'exclude': None, 'fold': 4, 'round': 4, 'cross_validation': True, 'sort': 'Accuracy', 'n_select': 1, 'budget_time': None, 'turbo': True, 'errors': 'ignore', 'fit_kwargs': None, 'groups': None, 'experiment_custom_tags': None, 'probability_threshold': None, 'engine': None, 'verbose': True, 'parallel': None, '__class__': <class 'pycaret.classification.oop.ClassificationExperiment'>})
2025-07-09 02:19:32,237:INFO:Checking exceptions
2025-07-09 02:19:32,477:INFO:Preparing display monitor
2025-07-09 02:19:32,528:INFO:Initializing Logistic Regression
2025-07-09 02:19:32,528:INFO:Total runtime is 0.0 minutes
2025-07-09 02:19:32,531:INFO:SubProcess create_model() called ==================================
2025-07-09 02:19:32,534:INFO:Initializing create_model()
2025-07-09 02:19:32,534:INFO:create_model(self=<pycaret.classification.oop.ClassificationExperiment object at 0x00000218DD2EB4D0>, estimator=lr, fold=StratifiedKFold(n_splits=4, random_state=None, shuffle=False), round=4, cross_validation=True, predict=True, fit_kwargs={}, groups=None, refit=False, probability_threshold=None, experiment_custom_tags=None, verbose=False, system=False, add_to_model_list=True, metrics=None, display=<pycaret.internal.display.display.CommonDisplay object at 0x00000218D9DA6FD0>, model_only=True, return_train_score=False, error_score=0.0, kwargs={})
2025-07-09 02:19:32,534:INFO:Checking exceptions
2025-07-09 02:19:32,534:INFO:Importing libraries
2025-07-09 02:19:32,534:INFO:Copying training dataset
2025-07-09 02:19:32,760:INFO:Defining folds
2025-07-09 02:19:32,760:INFO:Declaring metric variables
2025-07-09 02:19:32,776:INFO:Importing untrained model
2025-07-09 02:19:32,781:INFO:Logistic Regression Imported successfully
2025-07-09 02:19:32,788:INFO:Starting cross validation
2025-07-09 02:19:32,790:INFO:Cross validating with StratifiedKFold(n_splits=4, random_state=None, shuffle=False), n_jobs=-1
2025-07-09 02:20:08,014:INFO:Calculating mean and std
2025-07-09 02:20:08,027:INFO:Creating metrics dataframe
2025-07-09 02:20:08,027:INFO:Uploading results into container
2025-07-09 02:20:08,027:INFO:Uploading model into container now
2025-07-09 02:20:08,043:INFO:_master_model_container: 2
2025-07-09 02:20:08,043:INFO:_display_container: 2
2025-07-09 02:20:08,043:INFO:LogisticRegression(C=1.0, class_weight=None, dual=False, fit_intercept=True,
                   intercept_scaling=1, l1_ratio=None, max_iter=1000,
                   multi_class='auto', n_jobs=None, penalty='l2',
                   random_state=123, solver='lbfgs', tol=0.0001, verbose=0,
                   warm_start=False)
2025-07-09 02:20:08,043:INFO:create_model() successfully completed......................................
2025-07-09 02:20:08,585:INFO:SubProcess create_model() end ==================================
2025-07-09 02:20:08,585:INFO:Creating metrics dataframe
2025-07-09 02:20:08,585:INFO:Initializing Random Forest Classifier
2025-07-09 02:20:08,585:INFO:Total runtime is 0.6009437719980876 minutes
2025-07-09 02:20:08,585:INFO:SubProcess create_model() called ==================================
2025-07-09 02:20:08,585:INFO:Initializing create_model()
2025-07-09 02:20:08,585:INFO:create_model(self=<pycaret.classification.oop.ClassificationExperiment object at 0x00000218DD2EB4D0>, estimator=rf, fold=StratifiedKFold(n_splits=4, random_state=None, shuffle=False), round=4, cross_validation=True, predict=True, fit_kwargs={}, groups=None, refit=False, probability_threshold=None, experiment_custom_tags=None, verbose=False, system=False, add_to_model_list=True, metrics=None, display=<pycaret.internal.display.display.CommonDisplay object at 0x00000218D9DA6FD0>, model_only=True, return_train_score=False, error_score=0.0, kwargs={})
2025-07-09 02:20:08,585:INFO:Checking exceptions
2025-07-09 02:20:08,601:INFO:Importing libraries
2025-07-09 02:20:08,601:INFO:Copying training dataset
2025-07-09 02:20:08,843:INFO:Defining folds
2025-07-09 02:20:08,843:INFO:Declaring metric variables
2025-07-09 02:20:08,843:INFO:Importing untrained model
2025-07-09 02:20:08,854:INFO:Random Forest Classifier Imported successfully
2025-07-09 02:20:08,857:INFO:Starting cross validation
2025-07-09 02:20:08,857:INFO:Cross validating with StratifiedKFold(n_splits=4, random_state=None, shuffle=False), n_jobs=-1
2025-07-09 02:21:41,719:INFO:Calculating mean and std
2025-07-09 02:21:41,767:INFO:Creating metrics dataframe
2025-07-09 02:21:41,814:INFO:Uploading results into container
2025-07-09 02:21:41,830:INFO:Uploading model into container now
2025-07-09 02:21:41,830:INFO:_master_model_container: 3
2025-07-09 02:21:41,830:INFO:_display_container: 2
2025-07-09 02:21:41,830:INFO:RandomForestClassifier(bootstrap=True, ccp_alpha=0.0, class_weight=None,
                       criterion='gini', max_depth=None, max_features='sqrt',
                       max_leaf_nodes=None, max_samples=None,
                       min_impurity_decrease=0.0, min_samples_leaf=1,
                       min_samples_split=2, min_weight_fraction_leaf=0.0,
                       monotonic_cst=None, n_estimators=100, n_jobs=-1,
                       oob_score=False, random_state=123, verbose=0,
                       warm_start=False)
2025-07-09 02:21:41,830:INFO:create_model() successfully completed......................................
2025-07-09 02:21:42,433:INFO:SubProcess create_model() end ==================================
2025-07-09 02:21:42,433:INFO:Creating metrics dataframe
2025-07-09 02:21:42,449:INFO:Initializing Light Gradient Boosting Machine
2025-07-09 02:21:42,449:INFO:Total runtime is 2.1653435309727986 minutes
2025-07-09 02:21:42,449:INFO:SubProcess create_model() called ==================================
2025-07-09 02:21:42,449:INFO:Initializing create_model()
2025-07-09 02:21:42,449:INFO:create_model(self=<pycaret.classification.oop.ClassificationExperiment object at 0x00000218DD2EB4D0>, estimator=lightgbm, fold=StratifiedKFold(n_splits=4, random_state=None, shuffle=False), round=4, cross_validation=True, predict=True, fit_kwargs={}, groups=None, refit=False, probability_threshold=None, experiment_custom_tags=None, verbose=False, system=False, add_to_model_list=True, metrics=None, display=<pycaret.internal.display.display.CommonDisplay object at 0x00000218D9DA6FD0>, model_only=True, return_train_score=False, error_score=0.0, kwargs={})
2025-07-09 02:21:42,449:INFO:Checking exceptions
2025-07-09 02:21:42,449:INFO:Importing libraries
2025-07-09 02:21:42,449:INFO:Copying training dataset
2025-07-09 02:21:42,800:INFO:Defining folds
2025-07-09 02:21:42,800:INFO:Declaring metric variables
2025-07-09 02:21:42,800:INFO:Importing untrained model
2025-07-09 02:21:42,819:INFO:Light Gradient Boosting Machine Imported successfully
2025-07-09 02:21:42,823:INFO:Starting cross validation
2025-07-09 02:21:42,823:INFO:Cross validating with StratifiedKFold(n_splits=4, random_state=None, shuffle=False), n_jobs=-1
2025-07-09 02:22:27,472:INFO:Calculating mean and std
2025-07-09 02:22:27,483:INFO:Creating metrics dataframe
2025-07-09 02:22:27,503:INFO:Uploading results into container
2025-07-09 02:22:27,514:INFO:Uploading model into container now
2025-07-09 02:22:27,514:INFO:_master_model_container: 4
2025-07-09 02:22:27,514:INFO:_display_container: 2
2025-07-09 02:22:27,514:INFO:LGBMClassifier(boosting_type='gbdt', class_weight=None, colsample_bytree=1.0,
               importance_type='split', learning_rate=0.1, max_depth=-1,
               min_child_samples=20, min_child_weight=0.001, min_split_gain=0.0,
               n_estimators=100, n_jobs=-1, num_leaves=31, objective=None,
               random_state=123, reg_alpha=0.0, reg_lambda=0.0, subsample=1.0,
               subsample_for_bin=200000, subsample_freq=0)
2025-07-09 02:22:27,514:INFO:create_model() successfully completed......................................
2025-07-09 02:22:27,763:INFO:SubProcess create_model() end ==================================
2025-07-09 02:22:27,763:INFO:Creating metrics dataframe
2025-07-09 02:22:27,787:INFO:Initializing create_model()
2025-07-09 02:22:27,787:INFO:create_model(self=<pycaret.classification.oop.ClassificationExperiment object at 0x00000218DD2EB4D0>, estimator=LogisticRegression(C=1.0, class_weight=None, dual=False, fit_intercept=True,
                   intercept_scaling=1, l1_ratio=None, max_iter=1000,
                   multi_class='auto', n_jobs=None, penalty='l2',
                   random_state=123, solver='lbfgs', tol=0.0001, verbose=0,
                   warm_start=False), fold=StratifiedKFold(n_splits=4, random_state=None, shuffle=False), round=4, cross_validation=False, predict=False, fit_kwargs={}, groups=None, refit=True, probability_threshold=None, experiment_custom_tags=None, verbose=False, system=False, add_to_model_list=True, metrics=None, display=None, model_only=True, return_train_score=False, error_score=0.0, kwargs={})
2025-07-09 02:22:27,788:INFO:Checking exceptions
2025-07-09 02:22:27,791:INFO:Importing libraries
2025-07-09 02:22:27,792:INFO:Copying training dataset
2025-07-09 02:22:28,093:INFO:Defining folds
2025-07-09 02:22:28,093:INFO:Declaring metric variables
2025-07-09 02:22:28,093:INFO:Importing untrained model
2025-07-09 02:22:28,093:INFO:Declaring custom model
2025-07-09 02:22:28,093:INFO:Logistic Regression Imported successfully
2025-07-09 02:22:28,093:INFO:Cross validation set to False
2025-07-09 02:22:28,093:INFO:Fitting Model
2025-07-09 02:22:52,610:INFO:LogisticRegression(C=1.0, class_weight=None, dual=False, fit_intercept=True,
                   intercept_scaling=1, l1_ratio=None, max_iter=1000,
                   multi_class='auto', n_jobs=None, penalty='l2',
                   random_state=123, solver='lbfgs', tol=0.0001, verbose=0,
                   warm_start=False)
2025-07-09 02:22:52,610:INFO:create_model() successfully completed......................................
2025-07-09 02:22:52,781:INFO:_master_model_container: 4
2025-07-09 02:22:52,781:INFO:_display_container: 2
2025-07-09 02:22:52,781:INFO:LogisticRegression(C=1.0, class_weight=None, dual=False, fit_intercept=True,
                   intercept_scaling=1, l1_ratio=None, max_iter=1000,
                   multi_class='auto', n_jobs=None, penalty='l2',
                   random_state=123, solver='lbfgs', tol=0.0001, verbose=0,
                   warm_start=False)
2025-07-09 02:22:52,781:INFO:compare_models() successfully completed......................................
2025-07-09 02:24:46,976:INFO:Initializing create_model()
2025-07-09 02:24:46,976:INFO:create_model(self=<pycaret.classification.oop.ClassificationExperiment object at 0x00000218DD2EB4D0>, estimator=lightgbm, fold=None, round=4, cross_validation=True, predict=True, fit_kwargs=None, groups=None, refit=True, probability_threshold=None, experiment_custom_tags=None, verbose=True, system=True, add_to_model_list=True, metrics=None, display=None, model_only=True, return_train_score=False, error_score=0.0, kwargs={})
2025-07-09 02:24:46,976:INFO:Checking exceptions
2025-07-09 02:24:46,993:INFO:Importing libraries
2025-07-09 02:24:46,993:INFO:Copying training dataset
2025-07-09 02:24:47,381:INFO:Defining folds
2025-07-09 02:24:47,381:INFO:Declaring metric variables
2025-07-09 02:24:47,385:INFO:Importing untrained model
2025-07-09 02:24:47,388:INFO:Light Gradient Boosting Machine Imported successfully
2025-07-09 02:24:47,398:INFO:Starting cross validation
2025-07-09 02:24:47,403:INFO:Cross validating with StratifiedKFold(n_splits=5, random_state=None, shuffle=False), n_jobs=-1
2025-07-09 02:25:29,770:INFO:Calculating mean and std
2025-07-09 02:25:29,774:INFO:Creating metrics dataframe
2025-07-09 02:25:29,791:INFO:Finalizing model
2025-07-09 02:25:55,596:INFO:[LightGBM] [Warning] Found whitespace in feature_names, replace with underlines
2025-07-09 02:25:55,598:INFO:[LightGBM] [Info] Number of positive: 46914, number of negative: 553086
2025-07-09 02:25:55,721:INFO:[LightGBM] [Info] Auto-choosing row-wise multi-threading, the overhead of testing was 0.036991 seconds.
2025-07-09 02:25:55,721:INFO:You can set `force_row_wise=true` to remove the overhead.
2025-07-09 02:25:55,721:INFO:And if memory is not enough, you can set `force_col_wise=true`.
2025-07-09 02:25:55,724:INFO:[LightGBM] [Info] Total Bins 649
2025-07-09 02:25:55,724:INFO:[LightGBM] [Info] Number of data points in the train set: 600000, number of used features: 29
2025-07-09 02:25:55,729:INFO:[LightGBM] [Info] [binary:BoostFromScore]: pavg=0.078190 -> initscore=-2.467197
2025-07-09 02:25:55,730:INFO:[LightGBM] [Info] Start training from score -2.467197
2025-07-09 02:25:57,038:INFO:Uploading results into container
2025-07-09 02:25:57,039:INFO:Uploading model into container now
2025-07-09 02:25:57,072:INFO:_master_model_container: 5
2025-07-09 02:25:57,072:INFO:_display_container: 3
2025-07-09 02:25:57,077:INFO:LGBMClassifier(boosting_type='gbdt', class_weight=None, colsample_bytree=1.0,
               importance_type='split', learning_rate=0.1, max_depth=-1,
               min_child_samples=20, min_child_weight=0.001, min_split_gain=0.0,
               n_estimators=100, n_jobs=-1, num_leaves=31, objective=None,
               random_state=123, reg_alpha=0.0, reg_lambda=0.0, subsample=1.0,
               subsample_for_bin=200000, subsample_freq=0)
2025-07-09 02:25:57,077:INFO:create_model() successfully completed......................................
2025-07-09 02:25:57,671:INFO:Initializing tune_model()
2025-07-09 02:25:57,671:INFO:tune_model(self=<pycaret.classification.oop.ClassificationExperiment object at 0x00000218DD2EB4D0>, estimator=LGBMClassifier(boosting_type='gbdt', class_weight=None, colsample_bytree=1.0,
               importance_type='split', learning_rate=0.1, max_depth=-1,
               min_child_samples=20, min_child_weight=0.001, min_split_gain=0.0,
               n_estimators=100, n_jobs=-1, num_leaves=31, objective=None,
               random_state=123, reg_alpha=0.0, reg_lambda=0.0, subsample=1.0,
               subsample_for_bin=200000, subsample_freq=0), fold=None, round=4, n_iter=10, custom_grid=None, optimize=Accuracy, custom_scorer=None, search_library=scikit-learn, search_algorithm=None, early_stopping=False, early_stopping_max_iters=10, choose_better=True, fit_kwargs=None, groups=None, return_tuner=False, verbose=True, tuner_verbose=True, return_train_score=False, kwargs={})
2025-07-09 02:25:57,671:INFO:Checking exceptions
2025-07-09 02:25:57,821:INFO:Copying training dataset
2025-07-09 02:25:58,113:INFO:Checking base model
2025-07-09 02:25:58,115:INFO:Base model : Light Gradient Boosting Machine
2025-07-09 02:25:58,121:INFO:Declaring metric variables
2025-07-09 02:25:58,125:INFO:Defining Hyperparameters
2025-07-09 02:25:58,309:INFO:Tuning with n_jobs=-1
2025-07-09 02:25:58,309:INFO:Initializing RandomizedSearchCV
2025-07-09 02:44:25,496:WARNING:
'cuml' is a soft dependency and not included in the pycaret installation. Please run: `pip install cuml` to install.
2025-07-09 02:44:25,496:WARNING:
'cuml' is a soft dependency and not included in the pycaret installation. Please run: `pip install cuml` to install.
2025-07-09 02:44:25,496:WARNING:
'cuml' is a soft dependency and not included in the pycaret installation. Please run: `pip install cuml` to install.
2025-07-09 02:44:25,496:WARNING:
'cuml' is a soft dependency and not included in the pycaret installation. Please run: `pip install cuml` to install.
2025-07-09 02:47:09,236:INFO:PyCaret ClassificationExperiment
2025-07-09 02:47:09,251:INFO:Logging name: clf-default-name
2025-07-09 02:47:09,251:INFO:ML Usecase: MLUsecase.CLASSIFICATION
2025-07-09 02:47:09,251:INFO:version 3.3.2
2025-07-09 02:47:09,251:INFO:Initializing setup()
2025-07-09 02:47:09,251:INFO:self.USI: 8961
2025-07-09 02:47:09,251:INFO:self._variable_keys: {'exp_id', 'X_train', 'y', 'fix_imbalance', 'seed', 'gpu_n_jobs_param', 'n_jobs_param', 'fold_groups_param', 'is_multiclass', 'fold_shuffle_param', 'X_test', 'USI', 'data', 'memory', 'gpu_param', 'exp_name_log', 'target_param', 'X', 'logging_param', 'y_test', '_ml_usecase', 'y_train', 'html_param', 'fold_generator', 'pipeline', 'idx', '_available_plots', 'log_plots_param'}
2025-07-09 02:47:09,251:INFO:Checking environment
2025-07-09 02:47:09,251:INFO:python_version: 3.11.7
2025-07-09 02:47:09,251:INFO:python_build: ('main', 'Dec 15 2023 18:05:47')
2025-07-09 02:47:09,251:INFO:machine: AMD64
2025-07-09 02:47:09,251:INFO:platform: Windows-10-10.0.26100-SP0
2025-07-09 02:47:09,253:INFO:Memory: svmem(total=8265125888, available=1870413824, percent=77.4, used=6394712064, free=1870413824)
2025-07-09 02:47:09,253:INFO:Physical Core: 10
2025-07-09 02:47:09,253:INFO:Logical Core: 12
2025-07-09 02:47:09,253:INFO:Checking libraries
2025-07-09 02:47:09,253:INFO:System:
2025-07-09 02:47:09,253:INFO:    python: 3.11.7 | packaged by Anaconda, Inc. | (main, Dec 15 2023, 18:05:47) [MSC v.1916 64 bit (AMD64)]
2025-07-09 02:47:09,253:INFO:executable: C:\Users\gusta\anaconda3\python.exe
2025-07-09 02:47:09,253:INFO:   machine: Windows-10-10.0.26100-SP0
2025-07-09 02:47:09,253:INFO:PyCaret required dependencies:
2025-07-09 02:47:10,548:INFO:                 pip: 23.3.1
2025-07-09 02:47:10,548:INFO:          setuptools: 68.2.2
2025-07-09 02:47:10,548:INFO:             pycaret: 3.3.2
2025-07-09 02:47:10,548:INFO:             IPython: 8.20.0
2025-07-09 02:47:10,548:INFO:          ipywidgets: 8.1.7
2025-07-09 02:47:10,548:INFO:                tqdm: 4.65.0
2025-07-09 02:47:10,548:INFO:               numpy: 1.26.4
2025-07-09 02:47:10,548:INFO:              pandas: 2.1.4
2025-07-09 02:47:10,548:INFO:              jinja2: 3.1.3
2025-07-09 02:47:10,548:INFO:               scipy: 1.11.4
2025-07-09 02:47:10,548:INFO:              joblib: 1.3.2
2025-07-09 02:47:10,548:INFO:             sklearn: 1.4.2
2025-07-09 02:47:10,548:INFO:                pyod: 2.0.5
2025-07-09 02:47:10,548:INFO:            imblearn: 0.13.0
2025-07-09 02:47:10,548:INFO:   category_encoders: 2.7.0
2025-07-09 02:47:10,548:INFO:            lightgbm: 4.6.0
2025-07-09 02:47:10,548:INFO:               numba: 0.59.0
2025-07-09 02:47:10,548:INFO:            requests: 2.32.3
2025-07-09 02:47:10,548:INFO:          matplotlib: 3.8.0
2025-07-09 02:47:10,548:INFO:          scikitplot: 0.3.7
2025-07-09 02:47:10,548:INFO:         yellowbrick: 1.5
2025-07-09 02:47:10,548:INFO:              plotly: 5.24.1
2025-07-09 02:47:10,548:INFO:    plotly-resampler: Not installed
2025-07-09 02:47:10,548:INFO:             kaleido: 1.0.0
2025-07-09 02:47:10,548:INFO:           schemdraw: 0.15
2025-07-09 02:47:10,548:INFO:         statsmodels: 0.14.0
2025-07-09 02:47:10,548:INFO:              sktime: 0.26.0
2025-07-09 02:47:10,548:INFO:               tbats: 1.1.3
2025-07-09 02:47:10,548:INFO:            pmdarima: 2.0.4
2025-07-09 02:47:10,548:INFO:              psutil: 5.9.0
2025-07-09 02:47:10,548:INFO:          markupsafe: 2.1.3
2025-07-09 02:47:10,548:INFO:             pickle5: Not installed
2025-07-09 02:47:10,548:INFO:         cloudpickle: 2.2.1
2025-07-09 02:47:10,548:INFO:         deprecation: 2.1.0
2025-07-09 02:47:10,548:INFO:              xxhash: 3.5.0
2025-07-09 02:47:10,548:INFO:           wurlitzer: Not installed
2025-07-09 02:47:10,548:INFO:PyCaret optional dependencies:
2025-07-09 02:47:10,558:INFO:                shap: Not installed
2025-07-09 02:47:10,558:INFO:           interpret: Not installed
2025-07-09 02:47:10,558:INFO:                umap: Not installed
2025-07-09 02:47:10,558:INFO:     ydata_profiling: 4.12.2
2025-07-09 02:47:10,558:INFO:  explainerdashboard: Not installed
2025-07-09 02:47:10,558:INFO:             autoviz: Not installed
2025-07-09 02:47:10,558:INFO:           fairlearn: Not installed
2025-07-09 02:47:10,558:INFO:          deepchecks: Not installed
2025-07-09 02:47:10,558:INFO:             xgboost: Not installed
2025-07-09 02:47:10,558:INFO:            catboost: Not installed
2025-07-09 02:47:10,558:INFO:              kmodes: Not installed
2025-07-09 02:47:10,558:INFO:             mlxtend: Not installed
2025-07-09 02:47:10,558:INFO:       statsforecast: Not installed
2025-07-09 02:47:10,558:INFO:        tune_sklearn: Not installed
2025-07-09 02:47:10,558:INFO:                 ray: Not installed
2025-07-09 02:47:10,558:INFO:            hyperopt: Not installed
2025-07-09 02:47:10,558:INFO:              optuna: Not installed
2025-07-09 02:47:10,558:INFO:               skopt: Not installed
2025-07-09 02:47:10,558:INFO:              mlflow: Not installed
2025-07-09 02:47:10,558:INFO:              gradio: Not installed
2025-07-09 02:47:10,558:INFO:             fastapi: Not installed
2025-07-09 02:47:10,558:INFO:             uvicorn: Not installed
2025-07-09 02:47:10,558:INFO:              m2cgen: Not installed
2025-07-09 02:47:10,558:INFO:           evidently: Not installed
2025-07-09 02:47:10,558:INFO:               fugue: Not installed
2025-07-09 02:47:10,558:INFO:           streamlit: 1.30.0
2025-07-09 02:47:10,558:INFO:             prophet: Not installed
2025-07-09 02:47:10,558:INFO:None
2025-07-09 02:47:10,558:INFO:Set up data.
2025-07-09 02:47:11,253:INFO:Set up folding strategy.
2025-07-09 02:47:11,253:INFO:Set up train/test split.
2025-07-09 02:47:11,599:INFO:Set up index.
2025-07-09 02:47:11,624:INFO:Assigning column types.
2025-07-09 02:47:11,741:INFO:Engine successfully changes for model 'lr' to 'sklearn'.
2025-07-09 02:47:11,825:INFO:Engine for model 'knn' has not been set explicitly, hence returning None.
2025-07-09 02:47:11,832:INFO:Engine for model 'rbfsvm' has not been set explicitly, hence returning None.
2025-07-09 02:47:11,888:WARNING:
'xgboost' is a soft dependency and not included in the pycaret installation. Please run: `pip install xgboost` to install.
Alternately, you can install this by running `pip install pycaret[models]`
2025-07-09 02:47:11,889:WARNING:
'catboost' is a soft dependency and not included in the pycaret installation. Please run: `pip install catboost` to install.
Alternately, you can install this by running `pip install pycaret[models]`
2025-07-09 02:47:11,935:INFO:Engine for model 'knn' has not been set explicitly, hence returning None.
2025-07-09 02:47:11,935:INFO:Engine for model 'rbfsvm' has not been set explicitly, hence returning None.
2025-07-09 02:47:11,951:WARNING:
'xgboost' is a soft dependency and not included in the pycaret installation. Please run: `pip install xgboost` to install.
Alternately, you can install this by running `pip install pycaret[models]`
2025-07-09 02:47:11,951:WARNING:
'catboost' is a soft dependency and not included in the pycaret installation. Please run: `pip install catboost` to install.
Alternately, you can install this by running `pip install pycaret[models]`
2025-07-09 02:47:11,951:INFO:Engine successfully changes for model 'knn' to 'sklearn'.
2025-07-09 02:47:11,999:INFO:Engine for model 'rbfsvm' has not been set explicitly, hence returning None.
2025-07-09 02:47:12,040:WARNING:
'xgboost' is a soft dependency and not included in the pycaret installation. Please run: `pip install xgboost` to install.
Alternately, you can install this by running `pip install pycaret[models]`
2025-07-09 02:47:12,042:WARNING:
'catboost' is a soft dependency and not included in the pycaret installation. Please run: `pip install catboost` to install.
Alternately, you can install this by running `pip install pycaret[models]`
2025-07-09 02:47:12,074:INFO:Engine for model 'rbfsvm' has not been set explicitly, hence returning None.
2025-07-09 02:47:12,090:WARNING:
'xgboost' is a soft dependency and not included in the pycaret installation. Please run: `pip install xgboost` to install.
Alternately, you can install this by running `pip install pycaret[models]`
2025-07-09 02:47:12,090:WARNING:
'catboost' is a soft dependency and not included in the pycaret installation. Please run: `pip install catboost` to install.
Alternately, you can install this by running `pip install pycaret[models]`
2025-07-09 02:47:12,090:INFO:Engine successfully changes for model 'rbfsvm' to 'sklearn'.
2025-07-09 02:47:12,135:WARNING:
'xgboost' is a soft dependency and not included in the pycaret installation. Please run: `pip install xgboost` to install.
Alternately, you can install this by running `pip install pycaret[models]`
2025-07-09 02:47:12,135:WARNING:
'catboost' is a soft dependency and not included in the pycaret installation. Please run: `pip install catboost` to install.
Alternately, you can install this by running `pip install pycaret[models]`
2025-07-09 02:47:12,185:WARNING:
'xgboost' is a soft dependency and not included in the pycaret installation. Please run: `pip install xgboost` to install.
Alternately, you can install this by running `pip install pycaret[models]`
2025-07-09 02:47:12,187:WARNING:
'catboost' is a soft dependency and not included in the pycaret installation. Please run: `pip install catboost` to install.
Alternately, you can install this by running `pip install pycaret[models]`
2025-07-09 02:47:12,189:INFO:Preparing preprocessing pipeline...
2025-07-09 02:47:12,202:INFO:Set up simple imputation.
2025-07-09 02:47:12,316:INFO:Set up encoding of ordinal features.
2025-07-09 02:47:12,409:INFO:Set up encoding of categorical features.
2025-07-09 02:47:12,409:INFO:Set up column transformation.
2025-07-09 02:47:12,409:INFO:Set up feature normalization.
2025-07-09 02:47:14,735:INFO:Finished creating preprocessing pipeline.
2025-07-09 02:47:14,780:INFO:Pipeline: Pipeline(memory=FastMemory(location=C:\Users\gusta\AppData\Local\Temp\joblib),
         steps=[('numerical_imputer',
                 TransformerWrapper(exclude=None,
                                    include=['qtd_filhos', 'idade',
                                             'tempo_emprego',
                                             'qt_pessoas_residencia', 'renda'],
                                    transformer=SimpleImputer(add_indicator=False,
                                                              copy=True,
                                                              fill_value=None,
                                                              keep_empty_features=False,
                                                              missing_values=nan,
                                                              strategy='mean')...
                                                              handle_unknown='value',
                                                              return_df=True,
                                                              use_cat_names=True,
                                                              verbose=0))),
                ('transformation',
                 TransformerWrapper(exclude=None, include=None,
                                    transformer=PowerTransformer(copy=True,
                                                                 method='yeo-johnson',
                                                                 standardize=False))),
                ('normalize',
                 TransformerWrapper(exclude=None, include=None,
                                    transformer=StandardScaler(copy=True,
                                                               with_mean=True,
                                                               with_std=True)))],
         verbose=False)
2025-07-09 02:47:14,780:INFO:Creating final display dataframe.
2025-07-09 02:47:19,202:INFO:Setup _display_container:                     Description             Value
0                    Session id               123
1                        Target               mau
2                   Target type            Binary
3           Original data shape      (750000, 13)
4        Transformed data shape      (750000, 30)
5   Transformed train set shape      (600000, 30)
6    Transformed test set shape      (150000, 30)
7              Numeric features                 5
8          Categorical features                 7
9                    Preprocess              True
10              Imputation type            simple
11           Numeric imputation              mean
12       Categorical imputation              mode
13     Maximum one-hot encoding                25
14              Encoding method              None
15               Transformation              True
16        Transformation method       yeo-johnson
17                    Normalize              True
18             Normalize method            zscore
19               Fold Generator   StratifiedKFold
20                  Fold Number                 5
21                     CPU Jobs                -1
22                      Use GPU             False
23               Log Experiment             False
24              Experiment Name  clf-default-name
25                          USI              8961
2025-07-09 02:47:19,372:WARNING:
'xgboost' is a soft dependency and not included in the pycaret installation. Please run: `pip install xgboost` to install.
Alternately, you can install this by running `pip install pycaret[models]`
2025-07-09 02:47:19,372:WARNING:
'catboost' is a soft dependency and not included in the pycaret installation. Please run: `pip install catboost` to install.
Alternately, you can install this by running `pip install pycaret[models]`
2025-07-09 02:47:19,523:WARNING:
'xgboost' is a soft dependency and not included in the pycaret installation. Please run: `pip install xgboost` to install.
Alternately, you can install this by running `pip install pycaret[models]`
2025-07-09 02:47:19,524:WARNING:
'catboost' is a soft dependency and not included in the pycaret installation. Please run: `pip install catboost` to install.
Alternately, you can install this by running `pip install pycaret[models]`
2025-07-09 02:47:19,525:INFO:setup() successfully completed in 10.32s...............
2025-07-09 02:47:19,535:INFO:Initializing compare_models()
2025-07-09 02:47:19,535:INFO:compare_models(self=<pycaret.classification.oop.ClassificationExperiment object at 0x000001EB8E783850>, include=['lr', 'rf', 'lightgbm'], exclude=None, fold=4, round=4, cross_validation=True, sort=Accuracy, n_select=1, budget_time=None, turbo=True, errors=ignore, fit_kwargs=None, groups=None, experiment_custom_tags=None, probability_threshold=None, verbose=True, parallel=None, caller_params={'self': <pycaret.classification.oop.ClassificationExperiment object at 0x000001EB8E783850>, 'include': ['lr', 'rf', 'lightgbm'], 'exclude': None, 'fold': 4, 'round': 4, 'cross_validation': True, 'sort': 'Accuracy', 'n_select': 1, 'budget_time': None, 'turbo': True, 'errors': 'ignore', 'fit_kwargs': None, 'groups': None, 'experiment_custom_tags': None, 'probability_threshold': None, 'engine': None, 'verbose': True, 'parallel': None, '__class__': <class 'pycaret.classification.oop.ClassificationExperiment'>})
2025-07-09 02:47:19,535:INFO:Checking exceptions
2025-07-09 02:47:19,722:INFO:Preparing display monitor
2025-07-09 02:47:19,754:INFO:Initializing Logistic Regression
2025-07-09 02:47:19,754:INFO:Total runtime is 2.4135907491048177e-05 minutes
2025-07-09 02:47:19,761:INFO:SubProcess create_model() called ==================================
2025-07-09 02:47:19,762:INFO:Initializing create_model()
2025-07-09 02:47:19,762:INFO:create_model(self=<pycaret.classification.oop.ClassificationExperiment object at 0x000001EB8E783850>, estimator=lr, fold=StratifiedKFold(n_splits=4, random_state=None, shuffle=False), round=4, cross_validation=True, predict=True, fit_kwargs={}, groups=None, refit=False, probability_threshold=None, experiment_custom_tags=None, verbose=False, system=False, add_to_model_list=True, metrics=None, display=<pycaret.internal.display.display.CommonDisplay object at 0x000001EB904053D0>, model_only=True, return_train_score=False, error_score=0.0, kwargs={})
2025-07-09 02:47:19,762:INFO:Checking exceptions
2025-07-09 02:47:19,762:INFO:Importing libraries
2025-07-09 02:47:19,763:INFO:Copying training dataset
2025-07-09 02:47:20,176:INFO:Defining folds
2025-07-09 02:47:20,176:INFO:Declaring metric variables
2025-07-09 02:47:20,176:INFO:Importing untrained model
2025-07-09 02:47:20,192:INFO:Logistic Regression Imported successfully
2025-07-09 02:47:20,203:INFO:Starting cross validation
2025-07-09 02:47:20,206:INFO:Cross validating with StratifiedKFold(n_splits=4, random_state=None, shuffle=False), n_jobs=-1
2025-07-09 02:47:57,096:INFO:Calculating mean and std
2025-07-09 02:47:57,096:INFO:Creating metrics dataframe
2025-07-09 02:47:57,105:INFO:Uploading results into container
2025-07-09 02:47:57,105:INFO:Uploading model into container now
2025-07-09 02:47:57,105:INFO:_master_model_container: 1
2025-07-09 02:47:57,105:INFO:_display_container: 2
2025-07-09 02:47:57,105:INFO:LogisticRegression(C=1.0, class_weight=None, dual=False, fit_intercept=True,
                   intercept_scaling=1, l1_ratio=None, max_iter=1000,
                   multi_class='auto', n_jobs=None, penalty='l2',
                   random_state=123, solver='lbfgs', tol=0.0001, verbose=0,
                   warm_start=False)
2025-07-09 02:47:57,105:INFO:create_model() successfully completed......................................
2025-07-09 02:47:57,377:INFO:SubProcess create_model() end ==================================
2025-07-09 02:47:57,377:INFO:Creating metrics dataframe
2025-07-09 02:47:57,381:INFO:Initializing Random Forest Classifier
2025-07-09 02:47:57,381:INFO:Total runtime is 0.6271379709243775 minutes
2025-07-09 02:47:57,401:INFO:SubProcess create_model() called ==================================
2025-07-09 02:47:57,401:INFO:Initializing create_model()
2025-07-09 02:47:57,402:INFO:create_model(self=<pycaret.classification.oop.ClassificationExperiment object at 0x000001EB8E783850>, estimator=rf, fold=StratifiedKFold(n_splits=4, random_state=None, shuffle=False), round=4, cross_validation=True, predict=True, fit_kwargs={}, groups=None, refit=False, probability_threshold=None, experiment_custom_tags=None, verbose=False, system=False, add_to_model_list=True, metrics=None, display=<pycaret.internal.display.display.CommonDisplay object at 0x000001EB904053D0>, model_only=True, return_train_score=False, error_score=0.0, kwargs={})
2025-07-09 02:47:57,402:INFO:Checking exceptions
2025-07-09 02:47:57,402:INFO:Importing libraries
2025-07-09 02:47:57,402:INFO:Copying training dataset
2025-07-09 02:47:57,736:INFO:Defining folds
2025-07-09 02:47:57,736:INFO:Declaring metric variables
2025-07-09 02:47:57,736:INFO:Importing untrained model
2025-07-09 02:47:57,752:INFO:Random Forest Classifier Imported successfully
2025-07-09 02:47:57,760:INFO:Starting cross validation
2025-07-09 02:47:57,764:INFO:Cross validating with StratifiedKFold(n_splits=4, random_state=None, shuffle=False), n_jobs=-1
2025-07-09 02:49:28,836:INFO:Calculating mean and std
2025-07-09 02:49:28,836:INFO:Creating metrics dataframe
2025-07-09 02:49:28,851:INFO:Uploading results into container
2025-07-09 02:49:28,851:INFO:Uploading model into container now
2025-07-09 02:49:28,851:INFO:_master_model_container: 2
2025-07-09 02:49:28,851:INFO:_display_container: 2
2025-07-09 02:49:28,851:INFO:RandomForestClassifier(bootstrap=True, ccp_alpha=0.0, class_weight=None,
                       criterion='gini', max_depth=None, max_features='sqrt',
                       max_leaf_nodes=None, max_samples=None,
                       min_impurity_decrease=0.0, min_samples_leaf=1,
                       min_samples_split=2, min_weight_fraction_leaf=0.0,
                       monotonic_cst=None, n_estimators=100, n_jobs=-1,
                       oob_score=False, random_state=123, verbose=0,
                       warm_start=False)
2025-07-09 02:49:28,851:INFO:create_model() successfully completed......................................
2025-07-09 02:49:29,116:INFO:SubProcess create_model() end ==================================
2025-07-09 02:49:29,116:INFO:Creating metrics dataframe
2025-07-09 02:49:29,132:INFO:Initializing Light Gradient Boosting Machine
2025-07-09 02:49:29,133:INFO:Total runtime is 2.1563154935836795 minutes
2025-07-09 02:49:29,138:INFO:SubProcess create_model() called ==================================
2025-07-09 02:49:29,138:INFO:Initializing create_model()
2025-07-09 02:49:29,138:INFO:create_model(self=<pycaret.classification.oop.ClassificationExperiment object at 0x000001EB8E783850>, estimator=lightgbm, fold=StratifiedKFold(n_splits=4, random_state=None, shuffle=False), round=4, cross_validation=True, predict=True, fit_kwargs={}, groups=None, refit=False, probability_threshold=None, experiment_custom_tags=None, verbose=False, system=False, add_to_model_list=True, metrics=None, display=<pycaret.internal.display.display.CommonDisplay object at 0x000001EB904053D0>, model_only=True, return_train_score=False, error_score=0.0, kwargs={})
2025-07-09 02:49:29,138:INFO:Checking exceptions
2025-07-09 02:49:29,138:INFO:Importing libraries
2025-07-09 02:49:29,138:INFO:Copying training dataset
2025-07-09 02:49:29,528:INFO:Defining folds
2025-07-09 02:49:29,528:INFO:Declaring metric variables
2025-07-09 02:49:29,544:INFO:Importing untrained model
2025-07-09 02:49:29,547:INFO:Light Gradient Boosting Machine Imported successfully
2025-07-09 02:49:29,547:INFO:Starting cross validation
2025-07-09 02:49:29,559:INFO:Cross validating with StratifiedKFold(n_splits=4, random_state=None, shuffle=False), n_jobs=-1
2025-07-09 02:50:11,110:INFO:Calculating mean and std
2025-07-09 02:50:11,112:INFO:Creating metrics dataframe
2025-07-09 02:50:11,116:INFO:Uploading results into container
2025-07-09 02:50:11,117:INFO:Uploading model into container now
2025-07-09 02:50:11,117:INFO:_master_model_container: 3
2025-07-09 02:50:11,118:INFO:_display_container: 2
2025-07-09 02:50:11,119:INFO:LGBMClassifier(boosting_type='gbdt', class_weight=None, colsample_bytree=1.0,
               importance_type='split', learning_rate=0.1, max_depth=-1,
               min_child_samples=20, min_child_weight=0.001, min_split_gain=0.0,
               n_estimators=100, n_jobs=-1, num_leaves=31, objective=None,
               random_state=123, reg_alpha=0.0, reg_lambda=0.0, subsample=1.0,
               subsample_for_bin=200000, subsample_freq=0)
2025-07-09 02:50:11,119:INFO:create_model() successfully completed......................................
2025-07-09 02:50:11,323:INFO:SubProcess create_model() end ==================================
2025-07-09 02:50:11,323:INFO:Creating metrics dataframe
2025-07-09 02:50:11,346:INFO:Initializing create_model()
2025-07-09 02:50:11,346:INFO:create_model(self=<pycaret.classification.oop.ClassificationExperiment object at 0x000001EB8E783850>, estimator=LogisticRegression(C=1.0, class_weight=None, dual=False, fit_intercept=True,
                   intercept_scaling=1, l1_ratio=None, max_iter=1000,
                   multi_class='auto', n_jobs=None, penalty='l2',
                   random_state=123, solver='lbfgs', tol=0.0001, verbose=0,
                   warm_start=False), fold=StratifiedKFold(n_splits=4, random_state=None, shuffle=False), round=4, cross_validation=False, predict=False, fit_kwargs={}, groups=None, refit=True, probability_threshold=None, experiment_custom_tags=None, verbose=False, system=False, add_to_model_list=True, metrics=None, display=None, model_only=True, return_train_score=False, error_score=0.0, kwargs={})
2025-07-09 02:50:11,346:INFO:Checking exceptions
2025-07-09 02:50:11,346:INFO:Importing libraries
2025-07-09 02:50:11,346:INFO:Copying training dataset
2025-07-09 02:50:11,696:INFO:Defining folds
2025-07-09 02:50:11,696:INFO:Declaring metric variables
2025-07-09 02:50:11,696:INFO:Importing untrained model
2025-07-09 02:50:11,696:INFO:Declaring custom model
2025-07-09 02:50:11,696:INFO:Logistic Regression Imported successfully
2025-07-09 02:50:11,696:INFO:Cross validation set to False
2025-07-09 02:50:11,696:INFO:Fitting Model
2025-07-09 02:50:37,040:INFO:LogisticRegression(C=1.0, class_weight=None, dual=False, fit_intercept=True,
                   intercept_scaling=1, l1_ratio=None, max_iter=1000,
                   multi_class='auto', n_jobs=None, penalty='l2',
                   random_state=123, solver='lbfgs', tol=0.0001, verbose=0,
                   warm_start=False)
2025-07-09 02:50:37,040:INFO:create_model() successfully completed......................................
2025-07-09 02:50:37,216:INFO:_master_model_container: 3
2025-07-09 02:50:37,216:INFO:_display_container: 2
2025-07-09 02:50:37,216:INFO:LogisticRegression(C=1.0, class_weight=None, dual=False, fit_intercept=True,
                   intercept_scaling=1, l1_ratio=None, max_iter=1000,
                   multi_class='auto', n_jobs=None, penalty='l2',
                   random_state=123, solver='lbfgs', tol=0.0001, verbose=0,
                   warm_start=False)
2025-07-09 02:50:37,216:INFO:compare_models() successfully completed......................................
2025-07-09 02:50:37,294:INFO:Initializing create_model()
2025-07-09 02:50:37,294:INFO:create_model(self=<pycaret.classification.oop.ClassificationExperiment object at 0x000001EB8E783850>, estimator=lightgbm, fold=None, round=4, cross_validation=True, predict=True, fit_kwargs=None, groups=None, refit=True, probability_threshold=None, experiment_custom_tags=None, verbose=True, system=True, add_to_model_list=True, metrics=None, display=None, model_only=True, return_train_score=False, error_score=0.0, kwargs={})
2025-07-09 02:50:37,294:INFO:Checking exceptions
2025-07-09 02:50:37,313:INFO:Importing libraries
2025-07-09 02:50:37,314:INFO:Copying training dataset
2025-07-09 02:50:37,639:INFO:Defining folds
2025-07-09 02:50:37,639:INFO:Declaring metric variables
2025-07-09 02:50:37,639:INFO:Importing untrained model
2025-07-09 02:50:37,639:INFO:Light Gradient Boosting Machine Imported successfully
2025-07-09 02:50:37,655:INFO:Starting cross validation
2025-07-09 02:50:37,660:INFO:Cross validating with StratifiedKFold(n_splits=5, random_state=None, shuffle=False), n_jobs=-1
2025-07-09 02:52:53,218:WARNING:
'cuml' is a soft dependency and not included in the pycaret installation. Please run: `pip install cuml` to install.
2025-07-09 02:52:53,234:WARNING:
'cuml' is a soft dependency and not included in the pycaret installation. Please run: `pip install cuml` to install.
2025-07-09 02:52:53,234:WARNING:
'cuml' is a soft dependency and not included in the pycaret installation. Please run: `pip install cuml` to install.
2025-07-09 02:52:53,234:WARNING:
'cuml' is a soft dependency and not included in the pycaret installation. Please run: `pip install cuml` to install.
2025-07-09 02:55:56,713:INFO:PyCaret ClassificationExperiment
2025-07-09 02:55:56,713:INFO:Logging name: clf-default-name
2025-07-09 02:55:56,713:INFO:ML Usecase: MLUsecase.CLASSIFICATION
2025-07-09 02:55:56,713:INFO:version 3.3.2
2025-07-09 02:55:56,713:INFO:Initializing setup()
2025-07-09 02:55:56,713:INFO:self.USI: 168a
2025-07-09 02:55:56,713:INFO:self._variable_keys: {'html_param', 'log_plots_param', 'idx', 'memory', 'exp_name_log', 'X_test', 'y', 'exp_id', 'seed', 'fold_shuffle_param', 'y_test', 'is_multiclass', '_ml_usecase', 'logging_param', 'pipeline', 'n_jobs_param', '_available_plots', 'target_param', 'gpu_n_jobs_param', 'X_train', 'data', 'y_train', 'fix_imbalance', 'fold_groups_param', 'USI', 'X', 'gpu_param', 'fold_generator'}
2025-07-09 02:55:56,713:INFO:Checking environment
2025-07-09 02:55:56,713:INFO:python_version: 3.11.7
2025-07-09 02:55:56,713:INFO:python_build: ('main', 'Dec 15 2023 18:05:47')
2025-07-09 02:55:56,713:INFO:machine: AMD64
2025-07-09 02:55:56,713:INFO:platform: Windows-10-10.0.26100-SP0
2025-07-09 02:55:56,723:INFO:Memory: svmem(total=8265125888, available=990330880, percent=88.0, used=7274795008, free=990330880)
2025-07-09 02:55:56,723:INFO:Physical Core: 10
2025-07-09 02:55:56,723:INFO:Logical Core: 12
2025-07-09 02:55:56,723:INFO:Checking libraries
2025-07-09 02:55:56,723:INFO:System:
2025-07-09 02:55:56,723:INFO:    python: 3.11.7 | packaged by Anaconda, Inc. | (main, Dec 15 2023, 18:05:47) [MSC v.1916 64 bit (AMD64)]
2025-07-09 02:55:56,723:INFO:executable: C:\Users\gusta\anaconda3\python.exe
2025-07-09 02:55:56,723:INFO:   machine: Windows-10-10.0.26100-SP0
2025-07-09 02:55:56,723:INFO:PyCaret required dependencies:
2025-07-09 02:55:57,863:INFO:                 pip: 23.3.1
2025-07-09 02:55:57,863:INFO:          setuptools: 68.2.2
2025-07-09 02:55:57,863:INFO:             pycaret: 3.3.2
2025-07-09 02:55:57,864:INFO:             IPython: 8.20.0
2025-07-09 02:55:57,864:INFO:          ipywidgets: 8.1.7
2025-07-09 02:55:57,864:INFO:                tqdm: 4.65.0
2025-07-09 02:55:57,864:INFO:               numpy: 1.26.4
2025-07-09 02:55:57,864:INFO:              pandas: 2.1.4
2025-07-09 02:55:57,864:INFO:              jinja2: 3.1.3
2025-07-09 02:55:57,864:INFO:               scipy: 1.11.4
2025-07-09 02:55:57,864:INFO:              joblib: 1.3.2
2025-07-09 02:55:57,864:INFO:             sklearn: 1.4.2
2025-07-09 02:55:57,864:INFO:                pyod: 2.0.5
2025-07-09 02:55:57,864:INFO:            imblearn: 0.13.0
2025-07-09 02:55:57,864:INFO:   category_encoders: 2.7.0
2025-07-09 02:55:57,864:INFO:            lightgbm: 4.6.0
2025-07-09 02:55:57,864:INFO:               numba: 0.59.0
2025-07-09 02:55:57,864:INFO:            requests: 2.32.3
2025-07-09 02:55:57,864:INFO:          matplotlib: 3.8.0
2025-07-09 02:55:57,864:INFO:          scikitplot: 0.3.7
2025-07-09 02:55:57,864:INFO:         yellowbrick: 1.5
2025-07-09 02:55:57,866:INFO:              plotly: 5.24.1
2025-07-09 02:55:57,866:INFO:    plotly-resampler: Not installed
2025-07-09 02:55:57,866:INFO:             kaleido: 1.0.0
2025-07-09 02:55:57,866:INFO:           schemdraw: 0.15
2025-07-09 02:55:57,866:INFO:         statsmodels: 0.14.0
2025-07-09 02:55:57,866:INFO:              sktime: 0.26.0
2025-07-09 02:55:57,866:INFO:               tbats: 1.1.3
2025-07-09 02:55:57,866:INFO:            pmdarima: 2.0.4
2025-07-09 02:55:57,866:INFO:              psutil: 5.9.0
2025-07-09 02:55:57,866:INFO:          markupsafe: 2.1.3
2025-07-09 02:55:57,866:INFO:             pickle5: Not installed
2025-07-09 02:55:57,866:INFO:         cloudpickle: 2.2.1
2025-07-09 02:55:57,866:INFO:         deprecation: 2.1.0
2025-07-09 02:55:57,866:INFO:              xxhash: 3.5.0
2025-07-09 02:55:57,866:INFO:           wurlitzer: Not installed
2025-07-09 02:55:57,867:INFO:PyCaret optional dependencies:
2025-07-09 02:55:57,880:INFO:                shap: Not installed
2025-07-09 02:55:57,880:INFO:           interpret: Not installed
2025-07-09 02:55:57,880:INFO:                umap: Not installed
2025-07-09 02:55:57,880:INFO:     ydata_profiling: 4.12.2
2025-07-09 02:55:57,880:INFO:  explainerdashboard: Not installed
2025-07-09 02:55:57,880:INFO:             autoviz: Not installed
2025-07-09 02:55:57,880:INFO:           fairlearn: Not installed
2025-07-09 02:55:57,880:INFO:          deepchecks: Not installed
2025-07-09 02:55:57,880:INFO:             xgboost: Not installed
2025-07-09 02:55:57,880:INFO:            catboost: Not installed
2025-07-09 02:55:57,880:INFO:              kmodes: Not installed
2025-07-09 02:55:57,880:INFO:             mlxtend: Not installed
2025-07-09 02:55:57,880:INFO:       statsforecast: Not installed
2025-07-09 02:55:57,880:INFO:        tune_sklearn: Not installed
2025-07-09 02:55:57,880:INFO:                 ray: Not installed
2025-07-09 02:55:57,880:INFO:            hyperopt: Not installed
2025-07-09 02:55:57,880:INFO:              optuna: Not installed
2025-07-09 02:55:57,880:INFO:               skopt: Not installed
2025-07-09 02:55:57,880:INFO:              mlflow: Not installed
2025-07-09 02:55:57,880:INFO:              gradio: Not installed
2025-07-09 02:55:57,883:INFO:             fastapi: Not installed
2025-07-09 02:55:57,883:INFO:             uvicorn: Not installed
2025-07-09 02:55:57,883:INFO:              m2cgen: Not installed
2025-07-09 02:55:57,883:INFO:           evidently: Not installed
2025-07-09 02:55:57,883:INFO:               fugue: Not installed
2025-07-09 02:55:57,883:INFO:           streamlit: 1.30.0
2025-07-09 02:55:57,883:INFO:             prophet: Not installed
2025-07-09 02:55:57,883:INFO:None
2025-07-09 02:55:57,883:INFO:Set up data.
2025-07-09 02:55:58,546:INFO:Set up folding strategy.
2025-07-09 02:55:58,546:INFO:Set up train/test split.
2025-07-09 02:55:58,937:INFO:Set up index.
2025-07-09 02:55:58,963:INFO:Assigning column types.
2025-07-09 02:55:59,077:INFO:Engine successfully changes for model 'lr' to 'sklearn'.
2025-07-09 02:55:59,146:INFO:Engine for model 'knn' has not been set explicitly, hence returning None.
2025-07-09 02:55:59,155:INFO:Engine for model 'rbfsvm' has not been set explicitly, hence returning None.
2025-07-09 02:55:59,226:WARNING:
'xgboost' is a soft dependency and not included in the pycaret installation. Please run: `pip install xgboost` to install.
Alternately, you can install this by running `pip install pycaret[models]`
2025-07-09 02:55:59,226:WARNING:
'catboost' is a soft dependency and not included in the pycaret installation. Please run: `pip install catboost` to install.
Alternately, you can install this by running `pip install pycaret[models]`
2025-07-09 02:55:59,288:INFO:Engine for model 'knn' has not been set explicitly, hence returning None.
2025-07-09 02:55:59,288:INFO:Engine for model 'rbfsvm' has not been set explicitly, hence returning None.
2025-07-09 02:55:59,336:WARNING:
'xgboost' is a soft dependency and not included in the pycaret installation. Please run: `pip install xgboost` to install.
Alternately, you can install this by running `pip install pycaret[models]`
2025-07-09 02:55:59,336:WARNING:
'catboost' is a soft dependency and not included in the pycaret installation. Please run: `pip install catboost` to install.
Alternately, you can install this by running `pip install pycaret[models]`
2025-07-09 02:55:59,339:INFO:Engine successfully changes for model 'knn' to 'sklearn'.
2025-07-09 02:55:59,400:INFO:Engine for model 'rbfsvm' has not been set explicitly, hence returning None.
2025-07-09 02:55:59,433:WARNING:
'xgboost' is a soft dependency and not included in the pycaret installation. Please run: `pip install xgboost` to install.
Alternately, you can install this by running `pip install pycaret[models]`
2025-07-09 02:55:59,433:WARNING:
'catboost' is a soft dependency and not included in the pycaret installation. Please run: `pip install catboost` to install.
Alternately, you can install this by running `pip install pycaret[models]`
2025-07-09 02:55:59,497:INFO:Engine for model 'rbfsvm' has not been set explicitly, hence returning None.
2025-07-09 02:55:59,553:WARNING:
'xgboost' is a soft dependency and not included in the pycaret installation. Please run: `pip install xgboost` to install.
Alternately, you can install this by running `pip install pycaret[models]`
2025-07-09 02:55:59,553:WARNING:
'catboost' is a soft dependency and not included in the pycaret installation. Please run: `pip install catboost` to install.
Alternately, you can install this by running `pip install pycaret[models]`
2025-07-09 02:55:59,558:INFO:Engine successfully changes for model 'rbfsvm' to 'sklearn'.
2025-07-09 02:55:59,666:WARNING:
'xgboost' is a soft dependency and not included in the pycaret installation. Please run: `pip install xgboost` to install.
Alternately, you can install this by running `pip install pycaret[models]`
2025-07-09 02:55:59,666:WARNING:
'catboost' is a soft dependency and not included in the pycaret installation. Please run: `pip install catboost` to install.
Alternately, you can install this by running `pip install pycaret[models]`
2025-07-09 02:55:59,770:WARNING:
'xgboost' is a soft dependency and not included in the pycaret installation. Please run: `pip install xgboost` to install.
Alternately, you can install this by running `pip install pycaret[models]`
2025-07-09 02:55:59,770:WARNING:
'catboost' is a soft dependency and not included in the pycaret installation. Please run: `pip install catboost` to install.
Alternately, you can install this by running `pip install pycaret[models]`
2025-07-09 02:55:59,775:INFO:Preparing preprocessing pipeline...
2025-07-09 02:55:59,805:INFO:Set up simple imputation.
2025-07-09 02:56:00,013:INFO:Set up encoding of ordinal features.
2025-07-09 02:56:00,146:INFO:Set up encoding of categorical features.
2025-07-09 02:56:00,146:INFO:Set up column transformation.
2025-07-09 02:56:00,146:INFO:Set up feature normalization.
2025-07-09 02:56:02,483:INFO:Finished creating preprocessing pipeline.
2025-07-09 02:56:02,523:INFO:Pipeline: Pipeline(memory=FastMemory(location=C:\Users\gusta\AppData\Local\Temp\joblib),
         steps=[('numerical_imputer',
                 TransformerWrapper(exclude=None,
                                    include=['qtd_filhos', 'idade',
                                             'tempo_emprego',
                                             'qt_pessoas_residencia', 'renda'],
                                    transformer=SimpleImputer(add_indicator=False,
                                                              copy=True,
                                                              fill_value=None,
                                                              keep_empty_features=False,
                                                              missing_values=nan,
                                                              strategy='mean')...
                                                              handle_unknown='value',
                                                              return_df=True,
                                                              use_cat_names=True,
                                                              verbose=0))),
                ('transformation',
                 TransformerWrapper(exclude=None, include=None,
                                    transformer=PowerTransformer(copy=True,
                                                                 method='yeo-johnson',
                                                                 standardize=False))),
                ('normalize',
                 TransformerWrapper(exclude=None, include=None,
                                    transformer=StandardScaler(copy=True,
                                                               with_mean=True,
                                                               with_std=True)))],
         verbose=False)
2025-07-09 02:56:02,523:INFO:Creating final display dataframe.
2025-07-09 02:56:03,970:INFO:Setup _display_container:                     Description             Value
0                    Session id               123
1                        Target               mau
2                   Target type            Binary
3           Original data shape      (750000, 13)
4        Transformed data shape      (750000, 30)
5   Transformed train set shape      (600000, 30)
6    Transformed test set shape      (150000, 30)
7              Numeric features                 5
8          Categorical features                 7
9                    Preprocess              True
10              Imputation type            simple
11           Numeric imputation              mean
12       Categorical imputation              mode
13     Maximum one-hot encoding                25
14              Encoding method              None
15               Transformation              True
16        Transformation method       yeo-johnson
17                    Normalize              True
18             Normalize method            zscore
19               Fold Generator   StratifiedKFold
20                  Fold Number                 5
21                     CPU Jobs                -1
22                      Use GPU             False
23               Log Experiment             False
24              Experiment Name  clf-default-name
25                          USI              168a
2025-07-09 02:56:04,114:WARNING:
'xgboost' is a soft dependency and not included in the pycaret installation. Please run: `pip install xgboost` to install.
Alternately, you can install this by running `pip install pycaret[models]`
2025-07-09 02:56:04,114:WARNING:
'catboost' is a soft dependency and not included in the pycaret installation. Please run: `pip install catboost` to install.
Alternately, you can install this by running `pip install pycaret[models]`
2025-07-09 02:56:04,218:WARNING:
'xgboost' is a soft dependency and not included in the pycaret installation. Please run: `pip install xgboost` to install.
Alternately, you can install this by running `pip install pycaret[models]`
2025-07-09 02:56:04,219:WARNING:
'catboost' is a soft dependency and not included in the pycaret installation. Please run: `pip install catboost` to install.
Alternately, you can install this by running `pip install pycaret[models]`
2025-07-09 02:56:04,220:INFO:setup() successfully completed in 7.53s...............
2025-07-09 02:56:04,226:INFO:Initializing compare_models()
2025-07-09 02:56:04,226:INFO:compare_models(self=<pycaret.classification.oop.ClassificationExperiment object at 0x000001EA94BE9650>, include=None, exclude=None, fold=4, round=4, cross_validation=True, sort=Accuracy, n_select=1, budget_time=None, turbo=True, errors=ignore, fit_kwargs=None, groups=None, experiment_custom_tags=None, probability_threshold=None, verbose=True, parallel=None, caller_params={'self': <pycaret.classification.oop.ClassificationExperiment object at 0x000001EA94BE9650>, 'include': None, 'exclude': None, 'fold': 4, 'round': 4, 'cross_validation': True, 'sort': 'Accuracy', 'n_select': 1, 'budget_time': None, 'turbo': True, 'errors': 'ignore', 'fit_kwargs': None, 'groups': None, 'experiment_custom_tags': None, 'probability_threshold': None, 'engine': None, 'verbose': True, 'parallel': None, '__class__': <class 'pycaret.classification.oop.ClassificationExperiment'>})
2025-07-09 02:56:04,226:INFO:Checking exceptions
2025-07-09 02:56:04,423:INFO:Preparing display monitor
2025-07-09 02:56:04,456:INFO:Initializing Logistic Regression
2025-07-09 02:56:04,456:INFO:Total runtime is 0.0 minutes
2025-07-09 02:56:04,459:INFO:SubProcess create_model() called ==================================
2025-07-09 02:56:04,460:INFO:Initializing create_model()
2025-07-09 02:56:04,460:INFO:create_model(self=<pycaret.classification.oop.ClassificationExperiment object at 0x000001EA94BE9650>, estimator=lr, fold=StratifiedKFold(n_splits=4, random_state=None, shuffle=False), round=4, cross_validation=True, predict=True, fit_kwargs={}, groups=None, refit=False, probability_threshold=None, experiment_custom_tags=None, verbose=False, system=False, add_to_model_list=True, metrics=None, display=<pycaret.internal.display.display.CommonDisplay object at 0x000001EA988A99D0>, model_only=True, return_train_score=False, error_score=0.0, kwargs={})
2025-07-09 02:56:04,460:INFO:Checking exceptions
2025-07-09 02:56:04,460:INFO:Importing libraries
2025-07-09 02:56:04,460:INFO:Copying training dataset
2025-07-09 02:56:04,893:INFO:Defining folds
2025-07-09 02:56:04,893:INFO:Declaring metric variables
2025-07-09 02:56:04,900:INFO:Importing untrained model
2025-07-09 02:56:04,904:INFO:Logistic Regression Imported successfully
2025-07-09 02:56:04,914:INFO:Starting cross validation
2025-07-09 02:56:04,917:INFO:Cross validating with StratifiedKFold(n_splits=4, random_state=None, shuffle=False), n_jobs=-1
2025-07-09 02:56:43,933:INFO:Calculating mean and std
2025-07-09 02:56:43,961:INFO:Creating metrics dataframe
2025-07-09 02:56:43,984:INFO:Uploading results into container
2025-07-09 02:56:43,986:INFO:Uploading model into container now
2025-07-09 02:56:43,988:INFO:_master_model_container: 1
2025-07-09 02:56:43,988:INFO:_display_container: 2
2025-07-09 02:56:43,992:INFO:LogisticRegression(C=1.0, class_weight=None, dual=False, fit_intercept=True,
                   intercept_scaling=1, l1_ratio=None, max_iter=1000,
                   multi_class='auto', n_jobs=None, penalty='l2',
                   random_state=123, solver='lbfgs', tol=0.0001, verbose=0,
                   warm_start=False)
2025-07-09 02:56:43,992:INFO:create_model() successfully completed......................................
2025-07-09 02:56:44,455:INFO:SubProcess create_model() end ==================================
2025-07-09 02:56:44,455:INFO:Creating metrics dataframe
2025-07-09 02:56:44,465:INFO:Initializing K Neighbors Classifier
2025-07-09 02:56:44,465:INFO:Total runtime is 0.6668153285980225 minutes
2025-07-09 02:56:44,472:INFO:SubProcess create_model() called ==================================
2025-07-09 02:56:44,472:INFO:Initializing create_model()
2025-07-09 02:56:44,472:INFO:create_model(self=<pycaret.classification.oop.ClassificationExperiment object at 0x000001EA94BE9650>, estimator=knn, fold=StratifiedKFold(n_splits=4, random_state=None, shuffle=False), round=4, cross_validation=True, predict=True, fit_kwargs={}, groups=None, refit=False, probability_threshold=None, experiment_custom_tags=None, verbose=False, system=False, add_to_model_list=True, metrics=None, display=<pycaret.internal.display.display.CommonDisplay object at 0x000001EA988A99D0>, model_only=True, return_train_score=False, error_score=0.0, kwargs={})
2025-07-09 02:56:44,473:INFO:Checking exceptions
2025-07-09 02:56:44,473:INFO:Importing libraries
2025-07-09 02:56:44,473:INFO:Copying training dataset
2025-07-09 02:56:44,889:INFO:Defining folds
2025-07-09 02:56:44,891:INFO:Declaring metric variables
2025-07-09 02:56:44,893:INFO:Importing untrained model
2025-07-09 02:56:44,898:INFO:K Neighbors Classifier Imported successfully
2025-07-09 02:56:44,906:INFO:Starting cross validation
2025-07-09 02:56:44,910:INFO:Cross validating with StratifiedKFold(n_splits=4, random_state=None, shuffle=False), n_jobs=-1
2025-07-09 03:07:19,553:INFO:Initializing compare_models()
2025-07-09 03:07:19,554:INFO:compare_models(self=<pycaret.classification.oop.ClassificationExperiment object at 0x000001EA94BE9650>, include=['lr', 'rf', 'et', 'lightgbm'], exclude=None, fold=2, round=4, cross_validation=True, sort=Accuracy, n_select=1, budget_time=None, turbo=True, errors=ignore, fit_kwargs=None, groups=None, experiment_custom_tags=None, probability_threshold=None, verbose=True, parallel=None, caller_params={'self': <pycaret.classification.oop.ClassificationExperiment object at 0x000001EA94BE9650>, 'include': ['lr', 'rf', 'et', 'lightgbm'], 'exclude': None, 'fold': 2, 'round': 4, 'cross_validation': True, 'sort': 'Accuracy', 'n_select': 1, 'budget_time': None, 'turbo': True, 'errors': 'ignore', 'fit_kwargs': None, 'groups': None, 'experiment_custom_tags': None, 'probability_threshold': None, 'engine': None, 'verbose': True, 'parallel': None, '__class__': <class 'pycaret.classification.oop.ClassificationExperiment'>})
2025-07-09 03:07:19,554:INFO:Checking exceptions
2025-07-09 03:07:19,709:INFO:Preparing display monitor
2025-07-09 03:07:19,744:INFO:Initializing Logistic Regression
2025-07-09 03:07:19,744:INFO:Total runtime is 0.0 minutes
2025-07-09 03:07:19,750:INFO:SubProcess create_model() called ==================================
2025-07-09 03:07:19,751:INFO:Initializing create_model()
2025-07-09 03:07:19,751:INFO:create_model(self=<pycaret.classification.oop.ClassificationExperiment object at 0x000001EA94BE9650>, estimator=lr, fold=StratifiedKFold(n_splits=2, random_state=None, shuffle=False), round=4, cross_validation=True, predict=True, fit_kwargs={}, groups=None, refit=False, probability_threshold=None, experiment_custom_tags=None, verbose=False, system=False, add_to_model_list=True, metrics=None, display=<pycaret.internal.display.display.CommonDisplay object at 0x000001EA8DCAA750>, model_only=True, return_train_score=False, error_score=0.0, kwargs={})
2025-07-09 03:07:19,752:INFO:Checking exceptions
2025-07-09 03:07:19,752:INFO:Importing libraries
2025-07-09 03:07:19,752:INFO:Copying training dataset
2025-07-09 03:07:20,105:INFO:Defining folds
2025-07-09 03:07:20,105:INFO:Declaring metric variables
2025-07-09 03:07:20,105:INFO:Importing untrained model
2025-07-09 03:07:20,105:INFO:Logistic Regression Imported successfully
2025-07-09 03:07:20,124:INFO:Starting cross validation
2025-07-09 03:07:20,133:INFO:Cross validating with StratifiedKFold(n_splits=2, random_state=None, shuffle=False), n_jobs=-1
2025-07-09 03:07:38,887:INFO:Calculating mean and std
2025-07-09 03:07:38,887:INFO:Creating metrics dataframe
2025-07-09 03:07:38,898:INFO:Uploading results into container
2025-07-09 03:07:38,898:INFO:Uploading model into container now
2025-07-09 03:07:38,901:INFO:_master_model_container: 2
2025-07-09 03:07:38,901:INFO:_display_container: 2
2025-07-09 03:07:38,901:INFO:LogisticRegression(C=1.0, class_weight=None, dual=False, fit_intercept=True,
                   intercept_scaling=1, l1_ratio=None, max_iter=1000,
                   multi_class='auto', n_jobs=None, penalty='l2',
                   random_state=123, solver='lbfgs', tol=0.0001, verbose=0,
                   warm_start=False)
2025-07-09 03:07:38,901:INFO:create_model() successfully completed......................................
2025-07-09 03:07:39,125:INFO:SubProcess create_model() end ==================================
2025-07-09 03:07:39,125:INFO:Creating metrics dataframe
2025-07-09 03:07:39,125:INFO:Initializing Random Forest Classifier
2025-07-09 03:07:39,125:INFO:Total runtime is 0.3230162342389425 minutes
2025-07-09 03:07:39,125:INFO:SubProcess create_model() called ==================================
2025-07-09 03:07:39,125:INFO:Initializing create_model()
2025-07-09 03:07:39,125:INFO:create_model(self=<pycaret.classification.oop.ClassificationExperiment object at 0x000001EA94BE9650>, estimator=rf, fold=StratifiedKFold(n_splits=2, random_state=None, shuffle=False), round=4, cross_validation=True, predict=True, fit_kwargs={}, groups=None, refit=False, probability_threshold=None, experiment_custom_tags=None, verbose=False, system=False, add_to_model_list=True, metrics=None, display=<pycaret.internal.display.display.CommonDisplay object at 0x000001EA8DCAA750>, model_only=True, return_train_score=False, error_score=0.0, kwargs={})
2025-07-09 03:07:39,125:INFO:Checking exceptions
2025-07-09 03:07:39,125:INFO:Importing libraries
2025-07-09 03:07:39,125:INFO:Copying training dataset
2025-07-09 03:07:39,445:INFO:Defining folds
2025-07-09 03:07:39,445:INFO:Declaring metric variables
2025-07-09 03:07:39,448:INFO:Importing untrained model
2025-07-09 03:07:39,451:INFO:Random Forest Classifier Imported successfully
2025-07-09 03:07:39,454:INFO:Starting cross validation
2025-07-09 03:07:39,463:INFO:Cross validating with StratifiedKFold(n_splits=2, random_state=None, shuffle=False), n_jobs=-1
2025-07-09 03:08:18,747:INFO:Calculating mean and std
2025-07-09 03:08:18,749:INFO:Creating metrics dataframe
2025-07-09 03:08:18,749:INFO:Uploading results into container
2025-07-09 03:08:18,749:INFO:Uploading model into container now
2025-07-09 03:08:18,749:INFO:_master_model_container: 3
2025-07-09 03:08:18,749:INFO:_display_container: 2
2025-07-09 03:08:18,749:INFO:RandomForestClassifier(bootstrap=True, ccp_alpha=0.0, class_weight=None,
                       criterion='gini', max_depth=None, max_features='sqrt',
                       max_leaf_nodes=None, max_samples=None,
                       min_impurity_decrease=0.0, min_samples_leaf=1,
                       min_samples_split=2, min_weight_fraction_leaf=0.0,
                       monotonic_cst=None, n_estimators=100, n_jobs=-1,
                       oob_score=False, random_state=123, verbose=0,
                       warm_start=False)
2025-07-09 03:08:18,749:INFO:create_model() successfully completed......................................
2025-07-09 03:08:18,950:INFO:SubProcess create_model() end ==================================
2025-07-09 03:08:18,950:INFO:Creating metrics dataframe
2025-07-09 03:08:18,957:INFO:Initializing Extra Trees Classifier
2025-07-09 03:08:18,957:INFO:Total runtime is 0.9868806322415671 minutes
2025-07-09 03:08:18,971:INFO:SubProcess create_model() called ==================================
2025-07-09 03:08:18,971:INFO:Initializing create_model()
2025-07-09 03:08:18,971:INFO:create_model(self=<pycaret.classification.oop.ClassificationExperiment object at 0x000001EA94BE9650>, estimator=et, fold=StratifiedKFold(n_splits=2, random_state=None, shuffle=False), round=4, cross_validation=True, predict=True, fit_kwargs={}, groups=None, refit=False, probability_threshold=None, experiment_custom_tags=None, verbose=False, system=False, add_to_model_list=True, metrics=None, display=<pycaret.internal.display.display.CommonDisplay object at 0x000001EA8DCAA750>, model_only=True, return_train_score=False, error_score=0.0, kwargs={})
2025-07-09 03:08:18,971:INFO:Checking exceptions
2025-07-09 03:08:18,971:INFO:Importing libraries
2025-07-09 03:08:18,971:INFO:Copying training dataset
2025-07-09 03:08:19,196:INFO:Defining folds
2025-07-09 03:08:19,196:INFO:Declaring metric variables
2025-07-09 03:08:19,212:INFO:Importing untrained model
2025-07-09 03:08:19,218:INFO:Extra Trees Classifier Imported successfully
2025-07-09 03:08:19,220:INFO:Starting cross validation
2025-07-09 03:08:19,220:INFO:Cross validating with StratifiedKFold(n_splits=2, random_state=None, shuffle=False), n_jobs=-1
2025-07-09 03:09:02,392:INFO:Calculating mean and std
2025-07-09 03:09:02,392:INFO:Creating metrics dataframe
2025-07-09 03:09:02,399:INFO:Uploading results into container
2025-07-09 03:09:02,399:INFO:Uploading model into container now
2025-07-09 03:09:02,399:INFO:_master_model_container: 4
2025-07-09 03:09:02,399:INFO:_display_container: 2
2025-07-09 03:09:02,399:INFO:ExtraTreesClassifier(bootstrap=False, ccp_alpha=0.0, class_weight=None,
                     criterion='gini', max_depth=None, max_features='sqrt',
                     max_leaf_nodes=None, max_samples=None,
                     min_impurity_decrease=0.0, min_samples_leaf=1,
                     min_samples_split=2, min_weight_fraction_leaf=0.0,
                     monotonic_cst=None, n_estimators=100, n_jobs=-1,
                     oob_score=False, random_state=123, verbose=0,
                     warm_start=False)
2025-07-09 03:09:02,399:INFO:create_model() successfully completed......................................
2025-07-09 03:09:02,603:INFO:SubProcess create_model() end ==================================
2025-07-09 03:09:02,603:INFO:Creating metrics dataframe
2025-07-09 03:09:02,603:INFO:Initializing Light Gradient Boosting Machine
2025-07-09 03:09:02,603:INFO:Total runtime is 1.7143241405487062 minutes
2025-07-09 03:09:02,622:INFO:SubProcess create_model() called ==================================
2025-07-09 03:09:02,622:INFO:Initializing create_model()
2025-07-09 03:09:02,622:INFO:create_model(self=<pycaret.classification.oop.ClassificationExperiment object at 0x000001EA94BE9650>, estimator=lightgbm, fold=StratifiedKFold(n_splits=2, random_state=None, shuffle=False), round=4, cross_validation=True, predict=True, fit_kwargs={}, groups=None, refit=False, probability_threshold=None, experiment_custom_tags=None, verbose=False, system=False, add_to_model_list=True, metrics=None, display=<pycaret.internal.display.display.CommonDisplay object at 0x000001EA8DCAA750>, model_only=True, return_train_score=False, error_score=0.0, kwargs={})
2025-07-09 03:09:02,622:INFO:Checking exceptions
2025-07-09 03:09:02,622:INFO:Importing libraries
2025-07-09 03:09:02,622:INFO:Copying training dataset
2025-07-09 03:09:02,920:INFO:Defining folds
2025-07-09 03:09:02,920:INFO:Declaring metric variables
2025-07-09 03:09:02,926:INFO:Importing untrained model
2025-07-09 03:09:02,926:INFO:Light Gradient Boosting Machine Imported successfully
2025-07-09 03:09:02,939:INFO:Starting cross validation
2025-07-09 03:09:02,941:INFO:Cross validating with StratifiedKFold(n_splits=2, random_state=None, shuffle=False), n_jobs=-1
2025-07-09 03:09:26,166:INFO:Calculating mean and std
2025-07-09 03:09:26,166:INFO:Creating metrics dataframe
2025-07-09 03:09:26,166:INFO:Uploading results into container
2025-07-09 03:09:26,172:INFO:Uploading model into container now
2025-07-09 03:09:26,172:INFO:_master_model_container: 5
2025-07-09 03:09:26,172:INFO:_display_container: 2
2025-07-09 03:09:26,175:INFO:LGBMClassifier(boosting_type='gbdt', class_weight=None, colsample_bytree=1.0,
               importance_type='split', learning_rate=0.1, max_depth=-1,
               min_child_samples=20, min_child_weight=0.001, min_split_gain=0.0,
               n_estimators=100, n_jobs=-1, num_leaves=31, objective=None,
               random_state=123, reg_alpha=0.0, reg_lambda=0.0, subsample=1.0,
               subsample_for_bin=200000, subsample_freq=0)
2025-07-09 03:09:26,177:INFO:create_model() successfully completed......................................
2025-07-09 03:09:26,318:INFO:SubProcess create_model() end ==================================
2025-07-09 03:09:26,318:INFO:Creating metrics dataframe
2025-07-09 03:09:26,350:INFO:Initializing create_model()
2025-07-09 03:09:26,350:INFO:create_model(self=<pycaret.classification.oop.ClassificationExperiment object at 0x000001EA94BE9650>, estimator=LogisticRegression(C=1.0, class_weight=None, dual=False, fit_intercept=True,
                   intercept_scaling=1, l1_ratio=None, max_iter=1000,
                   multi_class='auto', n_jobs=None, penalty='l2',
                   random_state=123, solver='lbfgs', tol=0.0001, verbose=0,
                   warm_start=False), fold=StratifiedKFold(n_splits=2, random_state=None, shuffle=False), round=4, cross_validation=False, predict=False, fit_kwargs={}, groups=None, refit=True, probability_threshold=None, experiment_custom_tags=None, verbose=False, system=False, add_to_model_list=True, metrics=None, display=None, model_only=True, return_train_score=False, error_score=0.0, kwargs={})
2025-07-09 03:09:26,351:INFO:Checking exceptions
2025-07-09 03:09:26,355:INFO:Importing libraries
2025-07-09 03:09:26,355:INFO:Copying training dataset
2025-07-09 03:09:26,674:INFO:Defining folds
2025-07-09 03:09:26,674:INFO:Declaring metric variables
2025-07-09 03:09:26,674:INFO:Importing untrained model
2025-07-09 03:09:26,674:INFO:Declaring custom model
2025-07-09 03:09:26,685:INFO:Logistic Regression Imported successfully
2025-07-09 03:09:26,685:INFO:Cross validation set to False
2025-07-09 03:09:26,685:INFO:Fitting Model
2025-07-09 03:09:53,815:INFO:LogisticRegression(C=1.0, class_weight=None, dual=False, fit_intercept=True,
                   intercept_scaling=1, l1_ratio=None, max_iter=1000,
                   multi_class='auto', n_jobs=None, penalty='l2',
                   random_state=123, solver='lbfgs', tol=0.0001, verbose=0,
                   warm_start=False)
2025-07-09 03:09:53,817:INFO:create_model() successfully completed......................................
2025-07-09 03:09:53,996:INFO:_master_model_container: 5
2025-07-09 03:09:53,996:INFO:_display_container: 2
2025-07-09 03:09:53,997:INFO:LogisticRegression(C=1.0, class_weight=None, dual=False, fit_intercept=True,
                   intercept_scaling=1, l1_ratio=None, max_iter=1000,
                   multi_class='auto', n_jobs=None, penalty='l2',
                   random_state=123, solver='lbfgs', tol=0.0001, verbose=0,
                   warm_start=False)
2025-07-09 03:09:53,997:INFO:compare_models() successfully completed......................................
2025-07-09 03:09:54,010:INFO:Initializing create_model()
2025-07-09 03:09:54,011:INFO:create_model(self=<pycaret.classification.oop.ClassificationExperiment object at 0x000001EA94BE9650>, estimator=lightgbm, fold=None, round=4, cross_validation=True, predict=True, fit_kwargs=None, groups=None, refit=True, probability_threshold=None, experiment_custom_tags=None, verbose=True, system=True, add_to_model_list=True, metrics=None, display=None, model_only=True, return_train_score=False, error_score=0.0, kwargs={})
2025-07-09 03:09:54,011:INFO:Checking exceptions
2025-07-09 03:09:54,031:INFO:Importing libraries
2025-07-09 03:09:54,031:INFO:Copying training dataset
2025-07-09 03:09:54,383:INFO:Defining folds
2025-07-09 03:09:54,383:INFO:Declaring metric variables
2025-07-09 03:09:54,383:INFO:Importing untrained model
2025-07-09 03:09:54,399:INFO:Light Gradient Boosting Machine Imported successfully
2025-07-09 03:09:54,408:INFO:Starting cross validation
2025-07-09 03:09:54,416:INFO:Cross validating with StratifiedKFold(n_splits=5, random_state=None, shuffle=False), n_jobs=-1
2025-07-09 03:10:35,916:INFO:Calculating mean and std
2025-07-09 03:10:35,916:INFO:Creating metrics dataframe
2025-07-09 03:10:35,926:INFO:Finalizing model
2025-07-09 03:10:59,420:INFO:[LightGBM] [Warning] Found whitespace in feature_names, replace with underlines
2025-07-09 03:10:59,422:INFO:[LightGBM] [Info] Number of positive: 46914, number of negative: 553086
2025-07-09 03:10:59,497:INFO:[LightGBM] [Info] Auto-choosing row-wise multi-threading, the overhead of testing was 0.023929 seconds.
2025-07-09 03:10:59,497:INFO:You can set `force_row_wise=true` to remove the overhead.
2025-07-09 03:10:59,497:INFO:And if memory is not enough, you can set `force_col_wise=true`.
2025-07-09 03:10:59,499:INFO:[LightGBM] [Info] Total Bins 649
2025-07-09 03:10:59,501:INFO:[LightGBM] [Info] Number of data points in the train set: 600000, number of used features: 29
2025-07-09 03:10:59,505:INFO:[LightGBM] [Info] [binary:BoostFromScore]: pavg=0.078190 -> initscore=-2.467197
2025-07-09 03:10:59,505:INFO:[LightGBM] [Info] Start training from score -2.467197
2025-07-09 03:11:00,339:INFO:Uploading results into container
2025-07-09 03:11:00,340:INFO:Uploading model into container now
2025-07-09 03:11:00,352:INFO:_master_model_container: 6
2025-07-09 03:11:00,352:INFO:_display_container: 3
2025-07-09 03:11:00,352:INFO:LGBMClassifier(boosting_type='gbdt', class_weight=None, colsample_bytree=1.0,
               importance_type='split', learning_rate=0.1, max_depth=-1,
               min_child_samples=20, min_child_weight=0.001, min_split_gain=0.0,
               n_estimators=100, n_jobs=-1, num_leaves=31, objective=None,
               random_state=123, reg_alpha=0.0, reg_lambda=0.0, subsample=1.0,
               subsample_for_bin=200000, subsample_freq=0)
2025-07-09 03:11:00,354:INFO:create_model() successfully completed......................................
2025-07-09 03:11:00,561:INFO:Initializing tune_model()
2025-07-09 03:11:00,562:INFO:tune_model(self=<pycaret.classification.oop.ClassificationExperiment object at 0x000001EA94BE9650>, estimator=LGBMClassifier(boosting_type='gbdt', class_weight=None, colsample_bytree=1.0,
               importance_type='split', learning_rate=0.1, max_depth=-1,
               min_child_samples=20, min_child_weight=0.001, min_split_gain=0.0,
               n_estimators=100, n_jobs=-1, num_leaves=31, objective=None,
               random_state=123, reg_alpha=0.0, reg_lambda=0.0, subsample=1.0,
               subsample_for_bin=200000, subsample_freq=0), fold=None, round=4, n_iter=10, custom_grid=None, optimize=Accuracy, custom_scorer=None, search_library=scikit-learn, search_algorithm=None, early_stopping=False, early_stopping_max_iters=10, choose_better=True, fit_kwargs=None, groups=None, return_tuner=False, verbose=True, tuner_verbose=True, return_train_score=False, kwargs={})
2025-07-09 03:11:00,562:INFO:Checking exceptions
2025-07-09 03:11:00,729:INFO:Copying training dataset
2025-07-09 03:11:00,970:INFO:Checking base model
2025-07-09 03:11:00,970:INFO:Base model : Light Gradient Boosting Machine
2025-07-09 03:11:00,970:INFO:Declaring metric variables
2025-07-09 03:11:00,970:INFO:Defining Hyperparameters
2025-07-09 03:11:01,125:INFO:Tuning with n_jobs=-1
2025-07-09 03:11:01,125:INFO:Initializing RandomizedSearchCV
2025-07-09 03:19:41,460:INFO:best_params: {'actual_estimator__reg_lambda': 0.1, 'actual_estimator__reg_alpha': 0.0001, 'actual_estimator__num_leaves': 10, 'actual_estimator__n_estimators': 180, 'actual_estimator__min_split_gain': 0.7, 'actual_estimator__min_child_samples': 96, 'actual_estimator__learning_rate': 0.05, 'actual_estimator__feature_fraction': 0.9, 'actual_estimator__bagging_freq': 4, 'actual_estimator__bagging_fraction': 0.6}
2025-07-09 03:19:41,492:INFO:Hyperparameter search completed
2025-07-09 03:19:41,492:INFO:SubProcess create_model() called ==================================
2025-07-09 03:19:41,507:INFO:Initializing create_model()
2025-07-09 03:19:41,507:INFO:create_model(self=<pycaret.classification.oop.ClassificationExperiment object at 0x000001EA94BE9650>, estimator=LGBMClassifier(boosting_type='gbdt', class_weight=None, colsample_bytree=1.0,
               importance_type='split', learning_rate=0.1, max_depth=-1,
               min_child_samples=20, min_child_weight=0.001, min_split_gain=0.0,
               n_estimators=100, n_jobs=-1, num_leaves=31, objective=None,
               random_state=123, reg_alpha=0.0, reg_lambda=0.0, subsample=1.0,
               subsample_for_bin=200000, subsample_freq=0), fold=StratifiedKFold(n_splits=5, random_state=None, shuffle=False), round=4, cross_validation=True, predict=True, fit_kwargs={}, groups=None, refit=True, probability_threshold=None, experiment_custom_tags=None, verbose=True, system=False, add_to_model_list=True, metrics=None, display=<pycaret.internal.display.display.CommonDisplay object at 0x000001EA8B425050>, model_only=True, return_train_score=False, error_score=0.0, kwargs={'reg_lambda': 0.1, 'reg_alpha': 0.0001, 'num_leaves': 10, 'n_estimators': 180, 'min_split_gain': 0.7, 'min_child_samples': 96, 'learning_rate': 0.05, 'feature_fraction': 0.9, 'bagging_freq': 4, 'bagging_fraction': 0.6})
2025-07-09 03:19:41,507:INFO:Checking exceptions
2025-07-09 03:19:41,507:INFO:Importing libraries
2025-07-09 03:19:41,507:INFO:Copying training dataset
2025-07-09 03:19:41,980:INFO:Defining folds
2025-07-09 03:19:41,981:INFO:Declaring metric variables
2025-07-09 03:19:42,016:INFO:Importing untrained model
2025-07-09 03:19:42,016:INFO:Declaring custom model
2025-07-09 03:19:42,029:INFO:Light Gradient Boosting Machine Imported successfully
2025-07-09 03:19:42,040:INFO:Starting cross validation
2025-07-09 03:19:42,052:INFO:Cross validating with StratifiedKFold(n_splits=5, random_state=None, shuffle=False), n_jobs=-1
2025-07-09 03:20:25,830:INFO:Calculating mean and std
2025-07-09 03:20:25,834:INFO:Creating metrics dataframe
2025-07-09 03:20:25,856:INFO:Finalizing model
2025-07-09 03:20:49,580:INFO:[LightGBM] [Warning] feature_fraction is set=0.9, colsample_bytree=1.0 will be ignored. Current value: feature_fraction=0.9
2025-07-09 03:20:49,580:INFO:[LightGBM] [Warning] bagging_fraction is set=0.6, subsample=1.0 will be ignored. Current value: bagging_fraction=0.6
2025-07-09 03:20:49,580:INFO:[LightGBM] [Warning] bagging_freq is set=4, subsample_freq=0 will be ignored. Current value: bagging_freq=4
2025-07-09 03:20:49,838:INFO:[LightGBM] [Warning] Found whitespace in feature_names, replace with underlines
2025-07-09 03:20:49,839:INFO:[LightGBM] [Warning] feature_fraction is set=0.9, colsample_bytree=1.0 will be ignored. Current value: feature_fraction=0.9
2025-07-09 03:20:49,839:INFO:[LightGBM] [Warning] bagging_fraction is set=0.6, subsample=1.0 will be ignored. Current value: bagging_fraction=0.6
2025-07-09 03:20:49,839:INFO:[LightGBM] [Warning] bagging_freq is set=4, subsample_freq=0 will be ignored. Current value: bagging_freq=4
2025-07-09 03:20:49,839:INFO:[LightGBM] [Info] Number of positive: 46914, number of negative: 553086
2025-07-09 03:20:49,922:INFO:[LightGBM] [Info] Auto-choosing row-wise multi-threading, the overhead of testing was 0.025496 seconds.
2025-07-09 03:20:49,922:INFO:You can set `force_row_wise=true` to remove the overhead.
2025-07-09 03:20:49,922:INFO:And if memory is not enough, you can set `force_col_wise=true`.
2025-07-09 03:20:49,924:INFO:[LightGBM] [Info] Total Bins 649
2025-07-09 03:20:49,924:INFO:[LightGBM] [Info] Number of data points in the train set: 600000, number of used features: 29
2025-07-09 03:20:49,932:INFO:[LightGBM] [Info] [binary:BoostFromScore]: pavg=0.078190 -> initscore=-2.467197
2025-07-09 03:20:49,932:INFO:[LightGBM] [Info] Start training from score -2.467197
2025-07-09 03:20:51,465:INFO:Uploading results into container
2025-07-09 03:20:51,467:INFO:Uploading model into container now
2025-07-09 03:20:51,469:INFO:_master_model_container: 7
2025-07-09 03:20:51,469:INFO:_display_container: 4
2025-07-09 03:20:51,471:INFO:LGBMClassifier(bagging_fraction=0.6, bagging_freq=4, boosting_type='gbdt',
               class_weight=None, colsample_bytree=1.0, feature_fraction=0.9,
               importance_type='split', learning_rate=0.05, max_depth=-1,
               min_child_samples=96, min_child_weight=0.001, min_split_gain=0.7,
               n_estimators=180, n_jobs=-1, num_leaves=10, objective=None,
               random_state=123, reg_alpha=0.0001, reg_lambda=0.1,
               subsample=1.0, subsample_for_bin=200000, subsample_freq=0)
2025-07-09 03:20:51,471:INFO:create_model() successfully completed......................................
2025-07-09 03:20:51,999:INFO:SubProcess create_model() end ==================================
2025-07-09 03:20:51,999:INFO:choose_better activated
2025-07-09 03:20:52,007:INFO:SubProcess create_model() called ==================================
2025-07-09 03:20:52,007:INFO:Initializing create_model()
2025-07-09 03:20:52,007:INFO:create_model(self=<pycaret.classification.oop.ClassificationExperiment object at 0x000001EA94BE9650>, estimator=LGBMClassifier(boosting_type='gbdt', class_weight=None, colsample_bytree=1.0,
               importance_type='split', learning_rate=0.1, max_depth=-1,
               min_child_samples=20, min_child_weight=0.001, min_split_gain=0.0,
               n_estimators=100, n_jobs=-1, num_leaves=31, objective=None,
               random_state=123, reg_alpha=0.0, reg_lambda=0.0, subsample=1.0,
               subsample_for_bin=200000, subsample_freq=0), fold=StratifiedKFold(n_splits=5, random_state=None, shuffle=False), round=4, cross_validation=True, predict=True, fit_kwargs={}, groups=None, refit=True, probability_threshold=None, experiment_custom_tags=None, verbose=False, system=False, add_to_model_list=True, metrics=None, display=None, model_only=True, return_train_score=False, error_score=0.0, kwargs={})
2025-07-09 03:20:52,007:INFO:Checking exceptions
2025-07-09 03:20:52,007:INFO:Importing libraries
2025-07-09 03:20:52,007:INFO:Copying training dataset
2025-07-09 03:20:52,297:INFO:Defining folds
2025-07-09 03:20:52,297:INFO:Declaring metric variables
2025-07-09 03:20:52,297:INFO:Importing untrained model
2025-07-09 03:20:52,297:INFO:Declaring custom model
2025-07-09 03:20:52,313:INFO:Light Gradient Boosting Machine Imported successfully
2025-07-09 03:20:52,313:INFO:Starting cross validation
2025-07-09 03:20:52,313:INFO:Cross validating with StratifiedKFold(n_splits=5, random_state=None, shuffle=False), n_jobs=-1
2025-07-09 03:21:29,798:INFO:Calculating mean and std
2025-07-09 03:21:29,798:INFO:Creating metrics dataframe
2025-07-09 03:21:29,798:INFO:Finalizing model
2025-07-09 03:21:53,585:INFO:[LightGBM] [Warning] Found whitespace in feature_names, replace with underlines
2025-07-09 03:21:53,586:INFO:[LightGBM] [Info] Number of positive: 46914, number of negative: 553086
2025-07-09 03:21:53,696:INFO:[LightGBM] [Info] Auto-choosing row-wise multi-threading, the overhead of testing was 0.024986 seconds.
2025-07-09 03:21:53,696:INFO:You can set `force_row_wise=true` to remove the overhead.
2025-07-09 03:21:53,696:INFO:And if memory is not enough, you can set `force_col_wise=true`.
2025-07-09 03:21:53,696:INFO:[LightGBM] [Info] Total Bins 649
2025-07-09 03:21:53,698:INFO:[LightGBM] [Info] Number of data points in the train set: 600000, number of used features: 29
2025-07-09 03:21:53,700:INFO:[LightGBM] [Info] [binary:BoostFromScore]: pavg=0.078190 -> initscore=-2.467197
2025-07-09 03:21:53,700:INFO:[LightGBM] [Info] Start training from score -2.467197
2025-07-09 03:21:54,490:INFO:Uploading results into container
2025-07-09 03:21:54,490:INFO:Uploading model into container now
2025-07-09 03:21:54,490:INFO:_master_model_container: 8
2025-07-09 03:21:54,492:INFO:_display_container: 5
2025-07-09 03:21:54,492:INFO:LGBMClassifier(boosting_type='gbdt', class_weight=None, colsample_bytree=1.0,
               importance_type='split', learning_rate=0.1, max_depth=-1,
               min_child_samples=20, min_child_weight=0.001, min_split_gain=0.0,
               n_estimators=100, n_jobs=-1, num_leaves=31, objective=None,
               random_state=123, reg_alpha=0.0, reg_lambda=0.0, subsample=1.0,
               subsample_for_bin=200000, subsample_freq=0)
2025-07-09 03:21:54,492:INFO:create_model() successfully completed......................................
2025-07-09 03:21:54,670:INFO:SubProcess create_model() end ==================================
2025-07-09 03:21:54,670:INFO:LGBMClassifier(boosting_type='gbdt', class_weight=None, colsample_bytree=1.0,
               importance_type='split', learning_rate=0.1, max_depth=-1,
               min_child_samples=20, min_child_weight=0.001, min_split_gain=0.0,
               n_estimators=100, n_jobs=-1, num_leaves=31, objective=None,
               random_state=123, reg_alpha=0.0, reg_lambda=0.0, subsample=1.0,
               subsample_for_bin=200000, subsample_freq=0) result for Accuracy is 0.9222
2025-07-09 03:21:54,672:INFO:LGBMClassifier(bagging_fraction=0.6, bagging_freq=4, boosting_type='gbdt',
               class_weight=None, colsample_bytree=1.0, feature_fraction=0.9,
               importance_type='split', learning_rate=0.05, max_depth=-1,
               min_child_samples=96, min_child_weight=0.001, min_split_gain=0.7,
               n_estimators=180, n_jobs=-1, num_leaves=10, objective=None,
               random_state=123, reg_alpha=0.0001, reg_lambda=0.1,
               subsample=1.0, subsample_for_bin=200000, subsample_freq=0) result for Accuracy is 0.9223
2025-07-09 03:21:54,674:INFO:LGBMClassifier(bagging_fraction=0.6, bagging_freq=4, boosting_type='gbdt',
               class_weight=None, colsample_bytree=1.0, feature_fraction=0.9,
               importance_type='split', learning_rate=0.05, max_depth=-1,
               min_child_samples=96, min_child_weight=0.001, min_split_gain=0.7,
               n_estimators=180, n_jobs=-1, num_leaves=10, objective=None,
               random_state=123, reg_alpha=0.0001, reg_lambda=0.1,
               subsample=1.0, subsample_for_bin=200000, subsample_freq=0) is best model
2025-07-09 03:21:54,674:INFO:choose_better completed
2025-07-09 03:21:54,689:INFO:_master_model_container: 8
2025-07-09 03:21:54,689:INFO:_display_container: 4
2025-07-09 03:21:54,689:INFO:LGBMClassifier(bagging_fraction=0.6, bagging_freq=4, boosting_type='gbdt',
               class_weight=None, colsample_bytree=1.0, feature_fraction=0.9,
               importance_type='split', learning_rate=0.05, max_depth=-1,
               min_child_samples=96, min_child_weight=0.001, min_split_gain=0.7,
               n_estimators=180, n_jobs=-1, num_leaves=10, objective=None,
               random_state=123, reg_alpha=0.0001, reg_lambda=0.1,
               subsample=1.0, subsample_for_bin=200000, subsample_freq=0)
2025-07-09 03:21:54,690:INFO:tune_model() successfully completed......................................
2025-07-09 03:21:54,870:INFO:Initializing plot_model()
2025-07-09 03:21:54,870:INFO:plot_model(self=<pycaret.classification.oop.ClassificationExperiment object at 0x000001EA94BE9650>, estimator=LGBMClassifier(bagging_fraction=0.6, bagging_freq=4, boosting_type='gbdt',
               class_weight=None, colsample_bytree=1.0, feature_fraction=0.9,
               importance_type='split', learning_rate=0.05, max_depth=-1,
               min_child_samples=96, min_child_weight=0.001, min_split_gain=0.7,
               n_estimators=180, n_jobs=-1, num_leaves=10, objective=None,
               random_state=123, reg_alpha=0.0001, reg_lambda=0.1,
               subsample=1.0, subsample_for_bin=200000, subsample_freq=0), plot=feature, scale=1, save=False, fold=None, fit_kwargs=None, plot_kwargs=None, groups=None, feature_name=None, label=False, verbose=True, system=True, display=None, display_format=None)
2025-07-09 03:21:54,870:INFO:Checking exceptions
2025-07-09 03:21:55,009:INFO:Preloading libraries
2025-07-09 03:21:55,034:INFO:Copying training dataset
2025-07-09 03:21:55,034:INFO:Plot type: feature
2025-07-09 03:21:55,037:WARNING:No coef_ found. Trying feature_importances_
2025-07-09 03:21:55,657:INFO:Visual Rendered Successfully
2025-07-09 03:21:55,817:INFO:plot_model() successfully completed......................................
2025-07-09 03:21:55,836:INFO:Initializing plot_model()
2025-07-09 03:21:55,837:INFO:plot_model(self=<pycaret.classification.oop.ClassificationExperiment object at 0x000001EA94BE9650>, estimator=LGBMClassifier(bagging_fraction=0.6, bagging_freq=4, boosting_type='gbdt',
               class_weight=None, colsample_bytree=1.0, feature_fraction=0.9,
               importance_type='split', learning_rate=0.05, max_depth=-1,
               min_child_samples=96, min_child_weight=0.001, min_split_gain=0.7,
               n_estimators=180, n_jobs=-1, num_leaves=10, objective=None,
               random_state=123, reg_alpha=0.0001, reg_lambda=0.1,
               subsample=1.0, subsample_for_bin=200000, subsample_freq=0), plot=auc, scale=1, save=False, fold=None, fit_kwargs=None, plot_kwargs=None, groups=None, feature_name=None, label=False, verbose=True, system=True, display=None, display_format=None)
2025-07-09 03:21:55,837:INFO:Checking exceptions
2025-07-09 03:21:55,976:INFO:Preloading libraries
2025-07-09 03:21:55,987:INFO:Copying training dataset
2025-07-09 03:21:55,987:INFO:Plot type: auc
2025-07-09 03:21:56,926:INFO:Fitting Model
2025-07-09 03:21:56,936:INFO:Scoring test/hold-out set
2025-07-09 03:21:56,936:INFO:[LightGBM] [Warning] feature_fraction is set=0.9, colsample_bytree=1.0 will be ignored. Current value: feature_fraction=0.9
2025-07-09 03:21:56,936:INFO:[LightGBM] [Warning] bagging_fraction is set=0.6, subsample=1.0 will be ignored. Current value: bagging_fraction=0.6
2025-07-09 03:21:56,936:INFO:[LightGBM] [Warning] bagging_freq is set=4, subsample_freq=0 will be ignored. Current value: bagging_freq=4
2025-07-09 03:21:57,081:INFO:[LightGBM] [Warning] feature_fraction is set=0.9, colsample_bytree=1.0 will be ignored. Current value: feature_fraction=0.9
2025-07-09 03:21:57,081:INFO:[LightGBM] [Warning] bagging_fraction is set=0.6, subsample=1.0 will be ignored. Current value: bagging_fraction=0.6
2025-07-09 03:21:57,081:INFO:[LightGBM] [Warning] bagging_freq is set=4, subsample_freq=0 will be ignored. Current value: bagging_freq=4
2025-07-09 03:21:57,613:INFO:Visual Rendered Successfully
2025-07-09 03:21:57,913:INFO:plot_model() successfully completed......................................
2025-07-09 03:21:57,916:INFO:Initializing plot_model()
2025-07-09 03:21:57,916:INFO:plot_model(self=<pycaret.classification.oop.ClassificationExperiment object at 0x000001EA94BE9650>, estimator=LGBMClassifier(bagging_fraction=0.6, bagging_freq=4, boosting_type='gbdt',
               class_weight=None, colsample_bytree=1.0, feature_fraction=0.9,
               importance_type='split', learning_rate=0.05, max_depth=-1,
               min_child_samples=96, min_child_weight=0.001, min_split_gain=0.7,
               n_estimators=180, n_jobs=-1, num_leaves=10, objective=None,
               random_state=123, reg_alpha=0.0001, reg_lambda=0.1,
               subsample=1.0, subsample_for_bin=200000, subsample_freq=0), plot=confusion_matrix, scale=1, save=False, fold=None, fit_kwargs=None, plot_kwargs=None, groups=None, feature_name=None, label=False, verbose=True, system=True, display=None, display_format=None)
2025-07-09 03:21:57,916:INFO:Checking exceptions
2025-07-09 03:21:58,097:INFO:Preloading libraries
2025-07-09 03:21:58,114:INFO:Copying training dataset
2025-07-09 03:21:58,114:INFO:Plot type: confusion_matrix
2025-07-09 03:21:59,580:INFO:Fitting Model
2025-07-09 03:21:59,581:INFO:Scoring test/hold-out set
2025-07-09 03:21:59,594:INFO:[LightGBM] [Warning] feature_fraction is set=0.9, colsample_bytree=1.0 will be ignored. Current value: feature_fraction=0.9
2025-07-09 03:21:59,594:INFO:[LightGBM] [Warning] bagging_fraction is set=0.6, subsample=1.0 will be ignored. Current value: bagging_fraction=0.6
2025-07-09 03:21:59,595:INFO:[LightGBM] [Warning] bagging_freq is set=4, subsample_freq=0 will be ignored. Current value: bagging_freq=4
2025-07-09 03:21:59,749:INFO:[LightGBM] [Warning] feature_fraction is set=0.9, colsample_bytree=1.0 will be ignored. Current value: feature_fraction=0.9
2025-07-09 03:21:59,749:INFO:[LightGBM] [Warning] bagging_fraction is set=0.6, subsample=1.0 will be ignored. Current value: bagging_fraction=0.6
2025-07-09 03:21:59,749:INFO:[LightGBM] [Warning] bagging_freq is set=4, subsample_freq=0 will be ignored. Current value: bagging_freq=4
2025-07-09 03:22:00,063:INFO:Visual Rendered Successfully
2025-07-09 03:22:00,301:INFO:plot_model() successfully completed......................................
2025-07-09 03:22:00,315:INFO:Initializing predict_model()
2025-07-09 03:22:00,315:INFO:predict_model(self=<pycaret.classification.oop.ClassificationExperiment object at 0x000001EA94BE9650>, estimator=LGBMClassifier(bagging_fraction=0.6, bagging_freq=4, boosting_type='gbdt',
               class_weight=None, colsample_bytree=1.0, feature_fraction=0.9,
               importance_type='split', learning_rate=0.05, max_depth=-1,
               min_child_samples=96, min_child_weight=0.001, min_split_gain=0.7,
               n_estimators=180, n_jobs=-1, num_leaves=10, objective=None,
               random_state=123, reg_alpha=0.0001, reg_lambda=0.1,
               subsample=1.0, subsample_for_bin=200000, subsample_freq=0), probability_threshold=None, encoded_labels=False, raw_score=False, round=4, verbose=True, ml_usecase=None, preprocess=True, encode_labels=<function _SupervisedExperiment.predict_model.<locals>.encode_labels at 0x000001EAEE894220>)
2025-07-09 03:22:00,315:INFO:Checking exceptions
2025-07-09 03:22:00,315:INFO:Preloading libraries
2025-07-09 03:22:00,319:INFO:Set up data.
2025-07-09 03:22:00,378:INFO:Set up index.
2025-07-09 03:22:01,647:INFO:Initializing save_model()
2025-07-09 03:22:01,647:INFO:save_model(model=LGBMClassifier(bagging_fraction=0.6, bagging_freq=4, boosting_type='gbdt',
               class_weight=None, colsample_bytree=1.0, feature_fraction=0.9,
               importance_type='split', learning_rate=0.05, max_depth=-1,
               min_child_samples=96, min_child_weight=0.001, min_split_gain=0.7,
               n_estimators=180, n_jobs=-1, num_leaves=10, objective=None,
               random_state=123, reg_alpha=0.0001, reg_lambda=0.1,
               subsample=1.0, subsample_for_bin=200000, subsample_freq=0), model_name=lightgbm_pipeline, prep_pipe_=Pipeline(memory=FastMemory(location=C:\Users\gusta\AppData\Local\Temp\joblib),
         steps=[('numerical_imputer',
                 TransformerWrapper(exclude=None,
                                    include=['qtd_filhos', 'idade',
                                             'tempo_emprego',
                                             'qt_pessoas_residencia', 'renda'],
                                    transformer=SimpleImputer(add_indicator=False,
                                                              copy=True,
                                                              fill_value=None,
                                                              keep_empty_features=False,
                                                              missing_values=nan,
                                                              strategy='mean')...
                                                              handle_unknown='value',
                                                              return_df=True,
                                                              use_cat_names=True,
                                                              verbose=0))),
                ('transformation',
                 TransformerWrapper(exclude=None, include=None,
                                    transformer=PowerTransformer(copy=True,
                                                                 method='yeo-johnson',
                                                                 standardize=False))),
                ('normalize',
                 TransformerWrapper(exclude=None, include=None,
                                    transformer=StandardScaler(copy=True,
                                                               with_mean=True,
                                                               with_std=True)))],
         verbose=False), verbose=True, use_case=MLUsecase.CLASSIFICATION, kwargs={})
2025-07-09 03:22:01,647:INFO:Adding model into prep_pipe
2025-07-09 03:22:01,688:INFO:lightgbm_pipeline.pkl saved in current working directory
2025-07-09 03:22:01,745:INFO:Pipeline(memory=Memory(location=None),
         steps=[('numerical_imputer',
                 TransformerWrapper(exclude=None,
                                    include=['qtd_filhos', 'idade',
                                             'tempo_emprego',
                                             'qt_pessoas_residencia', 'renda'],
                                    transformer=SimpleImputer(add_indicator=False,
                                                              copy=True,
                                                              fill_value=None,
                                                              keep_empty_features=False,
                                                              missing_values=nan,
                                                              strategy='mean'))),
                ('categorical_imputer',
                 TransformerWra...
                                boosting_type='gbdt', class_weight=None,
                                colsample_bytree=1.0, feature_fraction=0.9,
                                importance_type='split', learning_rate=0.05,
                                max_depth=-1, min_child_samples=96,
                                min_child_weight=0.001, min_split_gain=0.7,
                                n_estimators=180, n_jobs=-1, num_leaves=10,
                                objective=None, random_state=123,
                                reg_alpha=0.0001, reg_lambda=0.1, subsample=1.0,
                                subsample_for_bin=200000, subsample_freq=0))],
         verbose=False)
2025-07-09 03:22:01,745:INFO:save_model() successfully completed......................................
2025-07-09 03:22:24,528:WARNING:
'cuml' is a soft dependency and not included in the pycaret installation. Please run: `pip install cuml` to install.
2025-07-09 03:22:24,528:WARNING:
'cuml' is a soft dependency and not included in the pycaret installation. Please run: `pip install cuml` to install.
2025-07-09 03:22:24,528:WARNING:
'cuml' is a soft dependency and not included in the pycaret installation. Please run: `pip install cuml` to install.
2025-07-09 03:22:24,528:WARNING:
'cuml' is a soft dependency and not included in the pycaret installation. Please run: `pip install cuml` to install.
2025-07-09 03:24:49,176:INFO:PyCaret ClassificationExperiment
2025-07-09 03:24:49,176:INFO:Logging name: clf-default-name
2025-07-09 03:24:49,176:INFO:ML Usecase: MLUsecase.CLASSIFICATION
2025-07-09 03:24:49,176:INFO:version 3.3.2
2025-07-09 03:24:49,176:INFO:Initializing setup()
2025-07-09 03:24:49,176:INFO:self.USI: 4232
2025-07-09 03:24:49,176:INFO:self._variable_keys: {'y', 'exp_name_log', 'X', 'fold_groups_param', 'is_multiclass', 'fix_imbalance', 'gpu_param', 'X_test', 'fold_shuffle_param', 'log_plots_param', '_available_plots', 'n_jobs_param', 'data', 'idx', 'y_test', '_ml_usecase', 'y_train', 'fold_generator', 'X_train', 'gpu_n_jobs_param', 'exp_id', 'target_param', 'pipeline', 'html_param', 'USI', 'logging_param', 'seed', 'memory'}
2025-07-09 03:24:49,177:INFO:Checking environment
2025-07-09 03:24:49,177:INFO:python_version: 3.11.7
2025-07-09 03:24:49,177:INFO:python_build: ('main', 'Dec 15 2023 18:05:47')
2025-07-09 03:24:49,177:INFO:machine: AMD64
2025-07-09 03:24:49,177:INFO:platform: Windows-10-10.0.26100-SP0
2025-07-09 03:24:49,177:INFO:Memory: svmem(total=8265125888, available=2154860544, percent=73.9, used=6110265344, free=2154860544)
2025-07-09 03:24:49,177:INFO:Physical Core: 10
2025-07-09 03:24:49,178:INFO:Logical Core: 12
2025-07-09 03:24:49,178:INFO:Checking libraries
2025-07-09 03:24:49,178:INFO:System:
2025-07-09 03:24:49,178:INFO:    python: 3.11.7 | packaged by Anaconda, Inc. | (main, Dec 15 2023, 18:05:47) [MSC v.1916 64 bit (AMD64)]
2025-07-09 03:24:49,178:INFO:executable: C:\Users\gusta\anaconda3\python.exe
2025-07-09 03:24:49,178:INFO:   machine: Windows-10-10.0.26100-SP0
2025-07-09 03:24:49,178:INFO:PyCaret required dependencies:
2025-07-09 03:24:50,017:INFO:                 pip: 23.3.1
2025-07-09 03:24:50,017:INFO:          setuptools: 68.2.2
2025-07-09 03:24:50,017:INFO:             pycaret: 3.3.2
2025-07-09 03:24:50,017:INFO:             IPython: 8.20.0
2025-07-09 03:24:50,017:INFO:          ipywidgets: 8.1.7
2025-07-09 03:24:50,017:INFO:                tqdm: 4.65.0
2025-07-09 03:24:50,017:INFO:               numpy: 1.26.4
2025-07-09 03:24:50,017:INFO:              pandas: 2.1.4
2025-07-09 03:24:50,017:INFO:              jinja2: 3.1.3
2025-07-09 03:24:50,017:INFO:               scipy: 1.11.4
2025-07-09 03:24:50,017:INFO:              joblib: 1.3.2
2025-07-09 03:24:50,017:INFO:             sklearn: 1.4.2
2025-07-09 03:24:50,017:INFO:                pyod: 2.0.5
2025-07-09 03:24:50,017:INFO:            imblearn: 0.13.0
2025-07-09 03:24:50,017:INFO:   category_encoders: 2.7.0
2025-07-09 03:24:50,017:INFO:            lightgbm: 4.6.0
2025-07-09 03:24:50,017:INFO:               numba: 0.59.0
2025-07-09 03:24:50,017:INFO:            requests: 2.32.3
2025-07-09 03:24:50,017:INFO:          matplotlib: 3.8.0
2025-07-09 03:24:50,017:INFO:          scikitplot: 0.3.7
2025-07-09 03:24:50,017:INFO:         yellowbrick: 1.5
2025-07-09 03:24:50,017:INFO:              plotly: 5.24.1
2025-07-09 03:24:50,017:INFO:    plotly-resampler: Not installed
2025-07-09 03:24:50,017:INFO:             kaleido: 1.0.0
2025-07-09 03:24:50,017:INFO:           schemdraw: 0.15
2025-07-09 03:24:50,017:INFO:         statsmodels: 0.14.0
2025-07-09 03:24:50,017:INFO:              sktime: 0.26.0
2025-07-09 03:24:50,017:INFO:               tbats: 1.1.3
2025-07-09 03:24:50,017:INFO:            pmdarima: 2.0.4
2025-07-09 03:24:50,017:INFO:              psutil: 5.9.0
2025-07-09 03:24:50,017:INFO:          markupsafe: 2.1.3
2025-07-09 03:24:50,017:INFO:             pickle5: Not installed
2025-07-09 03:24:50,017:INFO:         cloudpickle: 2.2.1
2025-07-09 03:24:50,017:INFO:         deprecation: 2.1.0
2025-07-09 03:24:50,017:INFO:              xxhash: 3.5.0
2025-07-09 03:24:50,017:INFO:           wurlitzer: Not installed
2025-07-09 03:24:50,017:INFO:PyCaret optional dependencies:
2025-07-09 03:24:50,035:INFO:                shap: Not installed
2025-07-09 03:24:50,035:INFO:           interpret: Not installed
2025-07-09 03:24:50,035:INFO:                umap: Not installed
2025-07-09 03:24:50,035:INFO:     ydata_profiling: 4.12.2
2025-07-09 03:24:50,035:INFO:  explainerdashboard: Not installed
2025-07-09 03:24:50,035:INFO:             autoviz: Not installed
2025-07-09 03:24:50,035:INFO:           fairlearn: Not installed
2025-07-09 03:24:50,035:INFO:          deepchecks: Not installed
2025-07-09 03:24:50,035:INFO:             xgboost: Not installed
2025-07-09 03:24:50,035:INFO:            catboost: Not installed
2025-07-09 03:24:50,035:INFO:              kmodes: Not installed
2025-07-09 03:24:50,035:INFO:             mlxtend: Not installed
2025-07-09 03:24:50,035:INFO:       statsforecast: Not installed
2025-07-09 03:24:50,035:INFO:        tune_sklearn: Not installed
2025-07-09 03:24:50,035:INFO:                 ray: Not installed
2025-07-09 03:24:50,035:INFO:            hyperopt: Not installed
2025-07-09 03:24:50,035:INFO:              optuna: Not installed
2025-07-09 03:24:50,035:INFO:               skopt: Not installed
2025-07-09 03:24:50,035:INFO:              mlflow: Not installed
2025-07-09 03:24:50,035:INFO:              gradio: Not installed
2025-07-09 03:24:50,035:INFO:             fastapi: Not installed
2025-07-09 03:24:50,035:INFO:             uvicorn: Not installed
2025-07-09 03:24:50,035:INFO:              m2cgen: Not installed
2025-07-09 03:24:50,035:INFO:           evidently: Not installed
2025-07-09 03:24:50,035:INFO:               fugue: Not installed
2025-07-09 03:24:50,035:INFO:           streamlit: 1.30.0
2025-07-09 03:24:50,035:INFO:             prophet: Not installed
2025-07-09 03:24:50,035:INFO:None
2025-07-09 03:24:50,035:INFO:Set up data.
2025-07-09 03:24:50,647:INFO:Set up folding strategy.
2025-07-09 03:24:50,647:INFO:Set up train/test split.
2025-07-09 03:24:50,908:INFO:Set up index.
2025-07-09 03:24:50,924:INFO:Assigning column types.
2025-07-09 03:24:50,990:INFO:Engine successfully changes for model 'lr' to 'sklearn'.
2025-07-09 03:24:51,020:INFO:Engine for model 'knn' has not been set explicitly, hence returning None.
2025-07-09 03:24:51,020:INFO:Engine for model 'rbfsvm' has not been set explicitly, hence returning None.
2025-07-09 03:24:51,037:WARNING:
'xgboost' is a soft dependency and not included in the pycaret installation. Please run: `pip install xgboost` to install.
Alternately, you can install this by running `pip install pycaret[models]`
2025-07-09 03:24:51,037:WARNING:
'catboost' is a soft dependency and not included in the pycaret installation. Please run: `pip install catboost` to install.
Alternately, you can install this by running `pip install pycaret[models]`
2025-07-09 03:24:51,067:INFO:Engine for model 'knn' has not been set explicitly, hence returning None.
2025-07-09 03:24:51,067:INFO:Engine for model 'rbfsvm' has not been set explicitly, hence returning None.
2025-07-09 03:24:51,091:WARNING:
'xgboost' is a soft dependency and not included in the pycaret installation. Please run: `pip install xgboost` to install.
Alternately, you can install this by running `pip install pycaret[models]`
2025-07-09 03:24:51,091:WARNING:
'catboost' is a soft dependency and not included in the pycaret installation. Please run: `pip install catboost` to install.
Alternately, you can install this by running `pip install pycaret[models]`
2025-07-09 03:24:51,091:INFO:Engine successfully changes for model 'knn' to 'sklearn'.
2025-07-09 03:24:51,115:INFO:Engine for model 'rbfsvm' has not been set explicitly, hence returning None.
2025-07-09 03:24:51,172:WARNING:
'xgboost' is a soft dependency and not included in the pycaret installation. Please run: `pip install xgboost` to install.
Alternately, you can install this by running `pip install pycaret[models]`
2025-07-09 03:24:51,174:WARNING:
'catboost' is a soft dependency and not included in the pycaret installation. Please run: `pip install catboost` to install.
Alternately, you can install this by running `pip install pycaret[models]`
2025-07-09 03:24:51,226:INFO:Engine for model 'rbfsvm' has not been set explicitly, hence returning None.
2025-07-09 03:24:51,241:WARNING:
'xgboost' is a soft dependency and not included in the pycaret installation. Please run: `pip install xgboost` to install.
Alternately, you can install this by running `pip install pycaret[models]`
2025-07-09 03:24:51,241:WARNING:
'catboost' is a soft dependency and not included in the pycaret installation. Please run: `pip install catboost` to install.
Alternately, you can install this by running `pip install pycaret[models]`
2025-07-09 03:24:51,241:INFO:Engine successfully changes for model 'rbfsvm' to 'sklearn'.
2025-07-09 03:24:51,352:WARNING:
'xgboost' is a soft dependency and not included in the pycaret installation. Please run: `pip install xgboost` to install.
Alternately, you can install this by running `pip install pycaret[models]`
2025-07-09 03:24:51,352:WARNING:
'catboost' is a soft dependency and not included in the pycaret installation. Please run: `pip install catboost` to install.
Alternately, you can install this by running `pip install pycaret[models]`
2025-07-09 03:24:51,391:WARNING:
'xgboost' is a soft dependency and not included in the pycaret installation. Please run: `pip install xgboost` to install.
Alternately, you can install this by running `pip install pycaret[models]`
2025-07-09 03:24:51,391:WARNING:
'catboost' is a soft dependency and not included in the pycaret installation. Please run: `pip install catboost` to install.
Alternately, you can install this by running `pip install pycaret[models]`
2025-07-09 03:24:51,403:INFO:Preparing preprocessing pipeline...
2025-07-09 03:24:51,416:INFO:Set up simple imputation.
2025-07-09 03:24:51,592:INFO:Set up encoding of ordinal features.
2025-07-09 03:24:51,656:INFO:Set up encoding of categorical features.
2025-07-09 03:24:51,656:INFO:Set up column transformation.
2025-07-09 03:24:51,656:INFO:Set up feature normalization.
2025-07-09 03:24:53,368:INFO:Finished creating preprocessing pipeline.
2025-07-09 03:24:53,397:INFO:Pipeline: Pipeline(memory=FastMemory(location=C:\Users\gusta\AppData\Local\Temp\joblib),
         steps=[('numerical_imputer',
                 TransformerWrapper(exclude=None,
                                    include=['qtd_filhos', 'idade',
                                             'tempo_emprego',
                                             'qt_pessoas_residencia', 'renda'],
                                    transformer=SimpleImputer(add_indicator=False,
                                                              copy=True,
                                                              fill_value=None,
                                                              keep_empty_features=False,
                                                              missing_values=nan,
                                                              strategy='mean')...
                                                              handle_unknown='value',
                                                              return_df=True,
                                                              use_cat_names=True,
                                                              verbose=0))),
                ('transformation',
                 TransformerWrapper(exclude=None, include=None,
                                    transformer=PowerTransformer(copy=True,
                                                                 method='yeo-johnson',
                                                                 standardize=False))),
                ('normalize',
                 TransformerWrapper(exclude=None, include=None,
                                    transformer=StandardScaler(copy=True,
                                                               with_mean=True,
                                                               with_std=True)))],
         verbose=False)
2025-07-09 03:24:53,397:INFO:Creating final display dataframe.
2025-07-09 03:24:54,569:INFO:Setup _display_container:                     Description             Value
0                    Session id               123
1                        Target               mau
2                   Target type            Binary
3           Original data shape      (750000, 13)
4        Transformed data shape      (750000, 30)
5   Transformed train set shape      (600000, 30)
6    Transformed test set shape      (150000, 30)
7              Numeric features                 5
8          Categorical features                 7
9                    Preprocess              True
10              Imputation type            simple
11           Numeric imputation              mean
12       Categorical imputation              mode
13     Maximum one-hot encoding                25
14              Encoding method              None
15               Transformation              True
16        Transformation method       yeo-johnson
17                    Normalize              True
18             Normalize method            zscore
19               Fold Generator   StratifiedKFold
20                  Fold Number                 5
21                     CPU Jobs                -1
22                      Use GPU             False
23               Log Experiment             False
24              Experiment Name  clf-default-name
25                          USI              4232
2025-07-09 03:24:54,663:WARNING:
'xgboost' is a soft dependency and not included in the pycaret installation. Please run: `pip install xgboost` to install.
Alternately, you can install this by running `pip install pycaret[models]`
2025-07-09 03:24:54,665:WARNING:
'catboost' is a soft dependency and not included in the pycaret installation. Please run: `pip install catboost` to install.
Alternately, you can install this by running `pip install pycaret[models]`
2025-07-09 03:24:54,708:WARNING:
'xgboost' is a soft dependency and not included in the pycaret installation. Please run: `pip install xgboost` to install.
Alternately, you can install this by running `pip install pycaret[models]`
2025-07-09 03:24:54,708:WARNING:
'catboost' is a soft dependency and not included in the pycaret installation. Please run: `pip install catboost` to install.
Alternately, you can install this by running `pip install pycaret[models]`
2025-07-09 03:24:54,710:INFO:setup() successfully completed in 5.56s...............
2025-07-09 03:24:54,718:INFO:Initializing compare_models()
2025-07-09 03:24:54,719:INFO:compare_models(self=<pycaret.classification.oop.ClassificationExperiment object at 0x000001B41AA199D0>, include=['lr', 'rf', 'et', 'lightgbm'], exclude=None, fold=2, round=4, cross_validation=True, sort=Accuracy, n_select=1, budget_time=None, turbo=True, errors=ignore, fit_kwargs=None, groups=None, experiment_custom_tags=None, probability_threshold=None, verbose=True, parallel=None, caller_params={'self': <pycaret.classification.oop.ClassificationExperiment object at 0x000001B41AA199D0>, 'include': ['lr', 'rf', 'et', 'lightgbm'], 'exclude': None, 'fold': 2, 'round': 4, 'cross_validation': True, 'sort': 'Accuracy', 'n_select': 1, 'budget_time': None, 'turbo': True, 'errors': 'ignore', 'fit_kwargs': None, 'groups': None, 'experiment_custom_tags': None, 'probability_threshold': None, 'engine': None, 'verbose': True, 'parallel': None, '__class__': <class 'pycaret.classification.oop.ClassificationExperiment'>})
2025-07-09 03:24:54,719:INFO:Checking exceptions
2025-07-09 03:24:54,869:INFO:Preparing display monitor
2025-07-09 03:24:54,890:INFO:Initializing Logistic Regression
2025-07-09 03:24:54,890:INFO:Total runtime is 0.0 minutes
2025-07-09 03:24:54,894:INFO:SubProcess create_model() called ==================================
2025-07-09 03:24:54,895:INFO:Initializing create_model()
2025-07-09 03:24:54,895:INFO:create_model(self=<pycaret.classification.oop.ClassificationExperiment object at 0x000001B41AA199D0>, estimator=lr, fold=StratifiedKFold(n_splits=2, random_state=None, shuffle=False), round=4, cross_validation=True, predict=True, fit_kwargs={}, groups=None, refit=False, probability_threshold=None, experiment_custom_tags=None, verbose=False, system=False, add_to_model_list=True, metrics=None, display=<pycaret.internal.display.display.CommonDisplay object at 0x000001B41C3EA910>, model_only=True, return_train_score=False, error_score=0.0, kwargs={})
2025-07-09 03:24:54,895:INFO:Checking exceptions
2025-07-09 03:24:54,895:INFO:Importing libraries
2025-07-09 03:24:54,895:INFO:Copying training dataset
2025-07-09 03:24:55,271:INFO:Defining folds
2025-07-09 03:24:55,271:INFO:Declaring metric variables
2025-07-09 03:24:55,271:INFO:Importing untrained model
2025-07-09 03:24:55,271:INFO:Logistic Regression Imported successfully
2025-07-09 03:24:55,287:INFO:Starting cross validation
2025-07-09 03:24:55,290:INFO:Cross validating with StratifiedKFold(n_splits=2, random_state=None, shuffle=False), n_jobs=-1
2025-07-09 03:25:16,465:INFO:Calculating mean and std
2025-07-09 03:25:16,465:INFO:Creating metrics dataframe
2025-07-09 03:25:16,471:INFO:Uploading results into container
2025-07-09 03:25:16,471:INFO:Uploading model into container now
2025-07-09 03:25:16,471:INFO:_master_model_container: 1
2025-07-09 03:25:16,471:INFO:_display_container: 2
2025-07-09 03:25:16,477:INFO:LogisticRegression(C=1.0, class_weight=None, dual=False, fit_intercept=True,
                   intercept_scaling=1, l1_ratio=None, max_iter=1000,
                   multi_class='auto', n_jobs=None, penalty='l2',
                   random_state=123, solver='lbfgs', tol=0.0001, verbose=0,
                   warm_start=False)
2025-07-09 03:25:16,477:INFO:create_model() successfully completed......................................
2025-07-09 03:25:16,717:INFO:SubProcess create_model() end ==================================
2025-07-09 03:25:16,718:INFO:Creating metrics dataframe
2025-07-09 03:25:16,726:INFO:Initializing Random Forest Classifier
2025-07-09 03:25:16,726:INFO:Total runtime is 0.36393988132476807 minutes
2025-07-09 03:25:16,729:INFO:SubProcess create_model() called ==================================
2025-07-09 03:25:16,733:INFO:Initializing create_model()
2025-07-09 03:25:16,733:INFO:create_model(self=<pycaret.classification.oop.ClassificationExperiment object at 0x000001B41AA199D0>, estimator=rf, fold=StratifiedKFold(n_splits=2, random_state=None, shuffle=False), round=4, cross_validation=True, predict=True, fit_kwargs={}, groups=None, refit=False, probability_threshold=None, experiment_custom_tags=None, verbose=False, system=False, add_to_model_list=True, metrics=None, display=<pycaret.internal.display.display.CommonDisplay object at 0x000001B41C3EA910>, model_only=True, return_train_score=False, error_score=0.0, kwargs={})
2025-07-09 03:25:16,733:INFO:Checking exceptions
2025-07-09 03:25:16,733:INFO:Importing libraries
2025-07-09 03:25:16,733:INFO:Copying training dataset
2025-07-09 03:25:17,050:INFO:Defining folds
2025-07-09 03:25:17,050:INFO:Declaring metric variables
2025-07-09 03:25:17,050:INFO:Importing untrained model
2025-07-09 03:25:17,058:INFO:Random Forest Classifier Imported successfully
2025-07-09 03:25:17,065:INFO:Starting cross validation
2025-07-09 03:25:17,068:INFO:Cross validating with StratifiedKFold(n_splits=2, random_state=None, shuffle=False), n_jobs=-1
2025-07-09 03:25:57,914:INFO:Calculating mean and std
2025-07-09 03:25:57,914:INFO:Creating metrics dataframe
2025-07-09 03:25:57,914:INFO:Uploading results into container
2025-07-09 03:25:57,914:INFO:Uploading model into container now
2025-07-09 03:25:57,914:INFO:_master_model_container: 2
2025-07-09 03:25:57,914:INFO:_display_container: 2
2025-07-09 03:25:57,914:INFO:RandomForestClassifier(bootstrap=True, ccp_alpha=0.0, class_weight=None,
                       criterion='gini', max_depth=None, max_features='sqrt',
                       max_leaf_nodes=None, max_samples=None,
                       min_impurity_decrease=0.0, min_samples_leaf=1,
                       min_samples_split=2, min_weight_fraction_leaf=0.0,
                       monotonic_cst=None, n_estimators=100, n_jobs=-1,
                       oob_score=False, random_state=123, verbose=0,
                       warm_start=False)
2025-07-09 03:25:57,914:INFO:create_model() successfully completed......................................
2025-07-09 03:25:58,101:INFO:SubProcess create_model() end ==================================
2025-07-09 03:25:58,101:INFO:Creating metrics dataframe
2025-07-09 03:25:58,117:INFO:Initializing Extra Trees Classifier
2025-07-09 03:25:58,117:INFO:Total runtime is 1.053794002532959 minutes
2025-07-09 03:25:58,126:INFO:SubProcess create_model() called ==================================
2025-07-09 03:25:58,126:INFO:Initializing create_model()
2025-07-09 03:25:58,126:INFO:create_model(self=<pycaret.classification.oop.ClassificationExperiment object at 0x000001B41AA199D0>, estimator=et, fold=StratifiedKFold(n_splits=2, random_state=None, shuffle=False), round=4, cross_validation=True, predict=True, fit_kwargs={}, groups=None, refit=False, probability_threshold=None, experiment_custom_tags=None, verbose=False, system=False, add_to_model_list=True, metrics=None, display=<pycaret.internal.display.display.CommonDisplay object at 0x000001B41C3EA910>, model_only=True, return_train_score=False, error_score=0.0, kwargs={})
2025-07-09 03:25:58,126:INFO:Checking exceptions
2025-07-09 03:25:58,126:INFO:Importing libraries
2025-07-09 03:25:58,126:INFO:Copying training dataset
2025-07-09 03:25:58,513:INFO:Defining folds
2025-07-09 03:25:58,513:INFO:Declaring metric variables
2025-07-09 03:25:58,513:INFO:Importing untrained model
2025-07-09 03:25:58,522:INFO:Extra Trees Classifier Imported successfully
2025-07-09 03:25:58,528:INFO:Starting cross validation
2025-07-09 03:25:58,530:INFO:Cross validating with StratifiedKFold(n_splits=2, random_state=None, shuffle=False), n_jobs=-1
2025-07-09 03:26:42,444:INFO:Calculating mean and std
2025-07-09 03:26:42,444:INFO:Creating metrics dataframe
2025-07-09 03:26:42,449:INFO:Uploading results into container
2025-07-09 03:26:42,451:INFO:Uploading model into container now
2025-07-09 03:26:42,451:INFO:_master_model_container: 3
2025-07-09 03:26:42,451:INFO:_display_container: 2
2025-07-09 03:26:42,451:INFO:ExtraTreesClassifier(bootstrap=False, ccp_alpha=0.0, class_weight=None,
                     criterion='gini', max_depth=None, max_features='sqrt',
                     max_leaf_nodes=None, max_samples=None,
                     min_impurity_decrease=0.0, min_samples_leaf=1,
                     min_samples_split=2, min_weight_fraction_leaf=0.0,
                     monotonic_cst=None, n_estimators=100, n_jobs=-1,
                     oob_score=False, random_state=123, verbose=0,
                     warm_start=False)
2025-07-09 03:26:42,451:INFO:create_model() successfully completed......................................
2025-07-09 03:26:42,625:INFO:SubProcess create_model() end ==================================
2025-07-09 03:26:42,625:INFO:Creating metrics dataframe
2025-07-09 03:26:42,647:INFO:Initializing Light Gradient Boosting Machine
2025-07-09 03:26:42,647:INFO:Total runtime is 1.795961352189382 minutes
2025-07-09 03:26:42,650:INFO:SubProcess create_model() called ==================================
2025-07-09 03:26:42,650:INFO:Initializing create_model()
2025-07-09 03:26:42,650:INFO:create_model(self=<pycaret.classification.oop.ClassificationExperiment object at 0x000001B41AA199D0>, estimator=lightgbm, fold=StratifiedKFold(n_splits=2, random_state=None, shuffle=False), round=4, cross_validation=True, predict=True, fit_kwargs={}, groups=None, refit=False, probability_threshold=None, experiment_custom_tags=None, verbose=False, system=False, add_to_model_list=True, metrics=None, display=<pycaret.internal.display.display.CommonDisplay object at 0x000001B41C3EA910>, model_only=True, return_train_score=False, error_score=0.0, kwargs={})
2025-07-09 03:26:42,650:INFO:Checking exceptions
2025-07-09 03:26:42,650:INFO:Importing libraries
2025-07-09 03:26:42,650:INFO:Copying training dataset
2025-07-09 03:26:43,045:INFO:Defining folds
2025-07-09 03:26:43,045:INFO:Declaring metric variables
2025-07-09 03:26:43,052:INFO:Importing untrained model
2025-07-09 03:26:43,052:INFO:Light Gradient Boosting Machine Imported successfully
2025-07-09 03:26:43,064:INFO:Starting cross validation
2025-07-09 03:26:43,068:INFO:Cross validating with StratifiedKFold(n_splits=2, random_state=None, shuffle=False), n_jobs=-1
2025-07-09 03:27:08,183:INFO:Calculating mean and std
2025-07-09 03:27:08,183:INFO:Creating metrics dataframe
2025-07-09 03:27:08,183:INFO:Uploading results into container
2025-07-09 03:27:08,183:INFO:Uploading model into container now
2025-07-09 03:27:08,183:INFO:_master_model_container: 4
2025-07-09 03:27:08,183:INFO:_display_container: 2
2025-07-09 03:27:08,183:INFO:LGBMClassifier(boosting_type='gbdt', class_weight=None, colsample_bytree=1.0,
               importance_type='split', learning_rate=0.1, max_depth=-1,
               min_child_samples=20, min_child_weight=0.001, min_split_gain=0.0,
               n_estimators=100, n_jobs=-1, num_leaves=31, objective=None,
               random_state=123, reg_alpha=0.0, reg_lambda=0.0, subsample=1.0,
               subsample_for_bin=200000, subsample_freq=0)
2025-07-09 03:27:08,183:INFO:create_model() successfully completed......................................
2025-07-09 03:27:08,376:INFO:SubProcess create_model() end ==================================
2025-07-09 03:27:08,376:INFO:Creating metrics dataframe
2025-07-09 03:27:08,399:INFO:Initializing create_model()
2025-07-09 03:27:08,400:INFO:create_model(self=<pycaret.classification.oop.ClassificationExperiment object at 0x000001B41AA199D0>, estimator=LogisticRegression(C=1.0, class_weight=None, dual=False, fit_intercept=True,
                   intercept_scaling=1, l1_ratio=None, max_iter=1000,
                   multi_class='auto', n_jobs=None, penalty='l2',
                   random_state=123, solver='lbfgs', tol=0.0001, verbose=0,
                   warm_start=False), fold=StratifiedKFold(n_splits=2, random_state=None, shuffle=False), round=4, cross_validation=False, predict=False, fit_kwargs={}, groups=None, refit=True, probability_threshold=None, experiment_custom_tags=None, verbose=False, system=False, add_to_model_list=True, metrics=None, display=None, model_only=True, return_train_score=False, error_score=0.0, kwargs={})
2025-07-09 03:27:08,400:INFO:Checking exceptions
2025-07-09 03:27:08,403:INFO:Importing libraries
2025-07-09 03:27:08,403:INFO:Copying training dataset
2025-07-09 03:27:08,771:INFO:Defining folds
2025-07-09 03:27:08,771:INFO:Declaring metric variables
2025-07-09 03:27:08,771:INFO:Importing untrained model
2025-07-09 03:27:08,771:INFO:Declaring custom model
2025-07-09 03:27:08,787:INFO:Logistic Regression Imported successfully
2025-07-09 03:27:08,787:INFO:Cross validation set to False
2025-07-09 03:27:08,787:INFO:Fitting Model
2025-07-09 03:27:33,026:INFO:LogisticRegression(C=1.0, class_weight=None, dual=False, fit_intercept=True,
                   intercept_scaling=1, l1_ratio=None, max_iter=1000,
                   multi_class='auto', n_jobs=None, penalty='l2',
                   random_state=123, solver='lbfgs', tol=0.0001, verbose=0,
                   warm_start=False)
2025-07-09 03:27:33,026:INFO:create_model() successfully completed......................................
2025-07-09 03:27:33,245:INFO:_master_model_container: 4
2025-07-09 03:27:33,245:INFO:_display_container: 2
2025-07-09 03:27:33,246:INFO:LogisticRegression(C=1.0, class_weight=None, dual=False, fit_intercept=True,
                   intercept_scaling=1, l1_ratio=None, max_iter=1000,
                   multi_class='auto', n_jobs=None, penalty='l2',
                   random_state=123, solver='lbfgs', tol=0.0001, verbose=0,
                   warm_start=False)
2025-07-09 03:27:33,246:INFO:compare_models() successfully completed......................................
2025-07-09 03:27:33,317:INFO:Initializing create_model()
2025-07-09 03:27:33,317:INFO:create_model(self=<pycaret.classification.oop.ClassificationExperiment object at 0x000001B41AA199D0>, estimator=lightgbm, fold=None, round=4, cross_validation=True, predict=True, fit_kwargs=None, groups=None, refit=True, probability_threshold=None, experiment_custom_tags=None, verbose=True, system=True, add_to_model_list=True, metrics=None, display=None, model_only=True, return_train_score=False, error_score=0.0, kwargs={})
2025-07-09 03:27:33,317:INFO:Checking exceptions
2025-07-09 03:27:33,340:INFO:Importing libraries
2025-07-09 03:27:33,342:INFO:Copying training dataset
2025-07-09 03:27:33,725:INFO:Defining folds
2025-07-09 03:27:33,725:INFO:Declaring metric variables
2025-07-09 03:27:33,725:INFO:Importing untrained model
2025-07-09 03:27:33,743:INFO:Light Gradient Boosting Machine Imported successfully
2025-07-09 03:27:33,749:INFO:Starting cross validation
2025-07-09 03:27:33,749:INFO:Cross validating with StratifiedKFold(n_splits=5, random_state=None, shuffle=False), n_jobs=-1
2025-07-09 03:28:15,140:INFO:Calculating mean and std
2025-07-09 03:28:15,140:INFO:Creating metrics dataframe
2025-07-09 03:28:15,140:INFO:Finalizing model
2025-07-09 03:28:37,618:INFO:[LightGBM] [Warning] Found whitespace in feature_names, replace with underlines
2025-07-09 03:28:37,619:INFO:[LightGBM] [Info] Number of positive: 46914, number of negative: 553086
2025-07-09 03:28:37,701:INFO:[LightGBM] [Info] Auto-choosing row-wise multi-threading, the overhead of testing was 0.025923 seconds.
2025-07-09 03:28:37,701:INFO:You can set `force_row_wise=true` to remove the overhead.
2025-07-09 03:28:37,701:INFO:And if memory is not enough, you can set `force_col_wise=true`.
2025-07-09 03:28:37,703:INFO:[LightGBM] [Info] Total Bins 649
2025-07-09 03:28:37,703:INFO:[LightGBM] [Info] Number of data points in the train set: 600000, number of used features: 29
2025-07-09 03:28:37,708:INFO:[LightGBM] [Info] [binary:BoostFromScore]: pavg=0.078190 -> initscore=-2.467197
2025-07-09 03:28:37,708:INFO:[LightGBM] [Info] Start training from score -2.467197
2025-07-09 03:28:38,529:INFO:Uploading results into container
2025-07-09 03:28:38,531:INFO:Uploading model into container now
2025-07-09 03:28:38,541:INFO:_master_model_container: 5
2025-07-09 03:28:38,542:INFO:_display_container: 3
2025-07-09 03:28:38,543:INFO:LGBMClassifier(boosting_type='gbdt', class_weight=None, colsample_bytree=1.0,
               importance_type='split', learning_rate=0.1, max_depth=-1,
               min_child_samples=20, min_child_weight=0.001, min_split_gain=0.0,
               n_estimators=100, n_jobs=-1, num_leaves=31, objective=None,
               random_state=123, reg_alpha=0.0, reg_lambda=0.0, subsample=1.0,
               subsample_for_bin=200000, subsample_freq=0)
2025-07-09 03:28:38,543:INFO:create_model() successfully completed......................................
2025-07-09 03:28:38,713:INFO:Initializing tune_model()
2025-07-09 03:28:38,713:INFO:tune_model(self=<pycaret.classification.oop.ClassificationExperiment object at 0x000001B41AA199D0>, estimator=LGBMClassifier(boosting_type='gbdt', class_weight=None, colsample_bytree=1.0,
               importance_type='split', learning_rate=0.1, max_depth=-1,
               min_child_samples=20, min_child_weight=0.001, min_split_gain=0.0,
               n_estimators=100, n_jobs=-1, num_leaves=31, objective=None,
               random_state=123, reg_alpha=0.0, reg_lambda=0.0, subsample=1.0,
               subsample_for_bin=200000, subsample_freq=0), fold=None, round=4, n_iter=10, custom_grid=None, optimize=Accuracy, custom_scorer=None, search_library=scikit-learn, search_algorithm=None, early_stopping=False, early_stopping_max_iters=10, choose_better=True, fit_kwargs=None, groups=None, return_tuner=False, verbose=True, tuner_verbose=True, return_train_score=False, kwargs={})
2025-07-09 03:28:38,713:INFO:Checking exceptions
2025-07-09 03:28:38,872:INFO:Copying training dataset
2025-07-09 03:28:39,078:INFO:Checking base model
2025-07-09 03:28:39,078:INFO:Base model : Light Gradient Boosting Machine
2025-07-09 03:28:39,078:INFO:Declaring metric variables
2025-07-09 03:28:39,078:INFO:Defining Hyperparameters
2025-07-09 03:28:39,260:INFO:Tuning with n_jobs=-1
2025-07-09 03:28:39,260:INFO:Initializing RandomizedSearchCV
2025-07-09 03:37:01,721:INFO:best_params: {'actual_estimator__reg_lambda': 0.1, 'actual_estimator__reg_alpha': 0.0001, 'actual_estimator__num_leaves': 10, 'actual_estimator__n_estimators': 180, 'actual_estimator__min_split_gain': 0.7, 'actual_estimator__min_child_samples': 96, 'actual_estimator__learning_rate': 0.05, 'actual_estimator__feature_fraction': 0.9, 'actual_estimator__bagging_freq': 4, 'actual_estimator__bagging_fraction': 0.6}
2025-07-09 03:37:01,769:INFO:Hyperparameter search completed
2025-07-09 03:37:01,769:INFO:SubProcess create_model() called ==================================
2025-07-09 03:37:01,784:INFO:Initializing create_model()
2025-07-09 03:37:01,784:INFO:create_model(self=<pycaret.classification.oop.ClassificationExperiment object at 0x000001B41AA199D0>, estimator=LGBMClassifier(boosting_type='gbdt', class_weight=None, colsample_bytree=1.0,
               importance_type='split', learning_rate=0.1, max_depth=-1,
               min_child_samples=20, min_child_weight=0.001, min_split_gain=0.0,
               n_estimators=100, n_jobs=-1, num_leaves=31, objective=None,
               random_state=123, reg_alpha=0.0, reg_lambda=0.0, subsample=1.0,
               subsample_for_bin=200000, subsample_freq=0), fold=StratifiedKFold(n_splits=5, random_state=None, shuffle=False), round=4, cross_validation=True, predict=True, fit_kwargs={}, groups=None, refit=True, probability_threshold=None, experiment_custom_tags=None, verbose=True, system=False, add_to_model_list=True, metrics=None, display=<pycaret.internal.display.display.CommonDisplay object at 0x000001B41AA48C10>, model_only=True, return_train_score=False, error_score=0.0, kwargs={'reg_lambda': 0.1, 'reg_alpha': 0.0001, 'num_leaves': 10, 'n_estimators': 180, 'min_split_gain': 0.7, 'min_child_samples': 96, 'learning_rate': 0.05, 'feature_fraction': 0.9, 'bagging_freq': 4, 'bagging_fraction': 0.6})
2025-07-09 03:37:01,784:INFO:Checking exceptions
2025-07-09 03:37:01,800:INFO:Importing libraries
2025-07-09 03:37:01,800:INFO:Copying training dataset
2025-07-09 03:37:02,219:INFO:Defining folds
2025-07-09 03:37:02,226:INFO:Declaring metric variables
2025-07-09 03:37:02,277:INFO:Importing untrained model
2025-07-09 03:37:02,277:INFO:Declaring custom model
2025-07-09 03:37:02,306:INFO:Light Gradient Boosting Machine Imported successfully
2025-07-09 03:37:02,313:INFO:Starting cross validation
2025-07-09 03:37:02,326:INFO:Cross validating with StratifiedKFold(n_splits=5, random_state=None, shuffle=False), n_jobs=-1
2025-07-09 03:37:43,188:INFO:Calculating mean and std
2025-07-09 03:37:43,193:INFO:Creating metrics dataframe
2025-07-09 03:37:43,211:INFO:Finalizing model
2025-07-09 03:38:06,107:INFO:[LightGBM] [Warning] feature_fraction is set=0.9, colsample_bytree=1.0 will be ignored. Current value: feature_fraction=0.9
2025-07-09 03:38:06,107:INFO:[LightGBM] [Warning] bagging_fraction is set=0.6, subsample=1.0 will be ignored. Current value: bagging_fraction=0.6
2025-07-09 03:38:06,107:INFO:[LightGBM] [Warning] bagging_freq is set=4, subsample_freq=0 will be ignored. Current value: bagging_freq=4
2025-07-09 03:38:06,353:INFO:[LightGBM] [Warning] Found whitespace in feature_names, replace with underlines
2025-07-09 03:38:06,353:INFO:[LightGBM] [Warning] feature_fraction is set=0.9, colsample_bytree=1.0 will be ignored. Current value: feature_fraction=0.9
2025-07-09 03:38:06,353:INFO:[LightGBM] [Warning] bagging_fraction is set=0.6, subsample=1.0 will be ignored. Current value: bagging_fraction=0.6
2025-07-09 03:38:06,355:INFO:[LightGBM] [Warning] bagging_freq is set=4, subsample_freq=0 will be ignored. Current value: bagging_freq=4
2025-07-09 03:38:06,355:INFO:[LightGBM] [Info] Number of positive: 46914, number of negative: 553086
2025-07-09 03:38:06,433:INFO:[LightGBM] [Info] Auto-choosing row-wise multi-threading, the overhead of testing was 0.022265 seconds.
2025-07-09 03:38:06,433:INFO:You can set `force_row_wise=true` to remove the overhead.
2025-07-09 03:38:06,433:INFO:And if memory is not enough, you can set `force_col_wise=true`.
2025-07-09 03:38:06,435:INFO:[LightGBM] [Info] Total Bins 649
2025-07-09 03:38:06,437:INFO:[LightGBM] [Info] Number of data points in the train set: 600000, number of used features: 29
2025-07-09 03:38:06,443:INFO:[LightGBM] [Info] [binary:BoostFromScore]: pavg=0.078190 -> initscore=-2.467197
2025-07-09 03:38:06,443:INFO:[LightGBM] [Info] Start training from score -2.467197
2025-07-09 03:38:08,034:INFO:Uploading results into container
2025-07-09 03:38:08,035:INFO:Uploading model into container now
2025-07-09 03:38:08,038:INFO:_master_model_container: 6
2025-07-09 03:38:08,038:INFO:_display_container: 4
2025-07-09 03:38:08,038:INFO:LGBMClassifier(bagging_fraction=0.6, bagging_freq=4, boosting_type='gbdt',
               class_weight=None, colsample_bytree=1.0, feature_fraction=0.9,
               importance_type='split', learning_rate=0.05, max_depth=-1,
               min_child_samples=96, min_child_weight=0.001, min_split_gain=0.7,
               n_estimators=180, n_jobs=-1, num_leaves=10, objective=None,
               random_state=123, reg_alpha=0.0001, reg_lambda=0.1,
               subsample=1.0, subsample_for_bin=200000, subsample_freq=0)
2025-07-09 03:38:08,038:INFO:create_model() successfully completed......................................
2025-07-09 03:38:08,490:INFO:SubProcess create_model() end ==================================
2025-07-09 03:38:08,490:INFO:choose_better activated
2025-07-09 03:38:08,505:INFO:SubProcess create_model() called ==================================
2025-07-09 03:38:08,505:INFO:Initializing create_model()
2025-07-09 03:38:08,505:INFO:create_model(self=<pycaret.classification.oop.ClassificationExperiment object at 0x000001B41AA199D0>, estimator=LGBMClassifier(boosting_type='gbdt', class_weight=None, colsample_bytree=1.0,
               importance_type='split', learning_rate=0.1, max_depth=-1,
               min_child_samples=20, min_child_weight=0.001, min_split_gain=0.0,
               n_estimators=100, n_jobs=-1, num_leaves=31, objective=None,
               random_state=123, reg_alpha=0.0, reg_lambda=0.0, subsample=1.0,
               subsample_for_bin=200000, subsample_freq=0), fold=StratifiedKFold(n_splits=5, random_state=None, shuffle=False), round=4, cross_validation=True, predict=True, fit_kwargs={}, groups=None, refit=True, probability_threshold=None, experiment_custom_tags=None, verbose=False, system=False, add_to_model_list=True, metrics=None, display=None, model_only=True, return_train_score=False, error_score=0.0, kwargs={})
2025-07-09 03:38:08,505:INFO:Checking exceptions
2025-07-09 03:38:08,505:INFO:Importing libraries
2025-07-09 03:38:08,505:INFO:Copying training dataset
2025-07-09 03:38:08,824:INFO:Defining folds
2025-07-09 03:38:08,824:INFO:Declaring metric variables
2025-07-09 03:38:08,824:INFO:Importing untrained model
2025-07-09 03:38:08,824:INFO:Declaring custom model
2025-07-09 03:38:08,826:INFO:Light Gradient Boosting Machine Imported successfully
2025-07-09 03:38:08,826:INFO:Starting cross validation
2025-07-09 03:38:08,828:INFO:Cross validating with StratifiedKFold(n_splits=5, random_state=None, shuffle=False), n_jobs=-1
2025-07-09 03:38:45,861:INFO:Calculating mean and std
2025-07-09 03:38:45,863:INFO:Creating metrics dataframe
2025-07-09 03:38:45,865:INFO:Finalizing model
2025-07-09 03:39:09,636:INFO:[LightGBM] [Warning] Found whitespace in feature_names, replace with underlines
2025-07-09 03:39:09,637:INFO:[LightGBM] [Info] Number of positive: 46914, number of negative: 553086
2025-07-09 03:39:09,722:INFO:[LightGBM] [Info] Auto-choosing row-wise multi-threading, the overhead of testing was 0.020780 seconds.
2025-07-09 03:39:09,722:INFO:You can set `force_row_wise=true` to remove the overhead.
2025-07-09 03:39:09,722:INFO:And if memory is not enough, you can set `force_col_wise=true`.
2025-07-09 03:39:09,722:INFO:[LightGBM] [Info] Total Bins 649
2025-07-09 03:39:09,724:INFO:[LightGBM] [Info] Number of data points in the train set: 600000, number of used features: 29
2025-07-09 03:39:09,728:INFO:[LightGBM] [Info] [binary:BoostFromScore]: pavg=0.078190 -> initscore=-2.467197
2025-07-09 03:39:09,728:INFO:[LightGBM] [Info] Start training from score -2.467197
2025-07-09 03:39:10,525:INFO:Uploading results into container
2025-07-09 03:39:10,527:INFO:Uploading model into container now
2025-07-09 03:39:10,527:INFO:_master_model_container: 7
2025-07-09 03:39:10,527:INFO:_display_container: 5
2025-07-09 03:39:10,527:INFO:LGBMClassifier(boosting_type='gbdt', class_weight=None, colsample_bytree=1.0,
               importance_type='split', learning_rate=0.1, max_depth=-1,
               min_child_samples=20, min_child_weight=0.001, min_split_gain=0.0,
               n_estimators=100, n_jobs=-1, num_leaves=31, objective=None,
               random_state=123, reg_alpha=0.0, reg_lambda=0.0, subsample=1.0,
               subsample_for_bin=200000, subsample_freq=0)
2025-07-09 03:39:10,527:INFO:create_model() successfully completed......................................
2025-07-09 03:39:10,685:INFO:SubProcess create_model() end ==================================
2025-07-09 03:39:10,685:INFO:LGBMClassifier(boosting_type='gbdt', class_weight=None, colsample_bytree=1.0,
               importance_type='split', learning_rate=0.1, max_depth=-1,
               min_child_samples=20, min_child_weight=0.001, min_split_gain=0.0,
               n_estimators=100, n_jobs=-1, num_leaves=31, objective=None,
               random_state=123, reg_alpha=0.0, reg_lambda=0.0, subsample=1.0,
               subsample_for_bin=200000, subsample_freq=0) result for Accuracy is 0.9222
2025-07-09 03:39:10,685:INFO:LGBMClassifier(bagging_fraction=0.6, bagging_freq=4, boosting_type='gbdt',
               class_weight=None, colsample_bytree=1.0, feature_fraction=0.9,
               importance_type='split', learning_rate=0.05, max_depth=-1,
               min_child_samples=96, min_child_weight=0.001, min_split_gain=0.7,
               n_estimators=180, n_jobs=-1, num_leaves=10, objective=None,
               random_state=123, reg_alpha=0.0001, reg_lambda=0.1,
               subsample=1.0, subsample_for_bin=200000, subsample_freq=0) result for Accuracy is 0.9223
2025-07-09 03:39:10,685:INFO:LGBMClassifier(bagging_fraction=0.6, bagging_freq=4, boosting_type='gbdt',
               class_weight=None, colsample_bytree=1.0, feature_fraction=0.9,
               importance_type='split', learning_rate=0.05, max_depth=-1,
               min_child_samples=96, min_child_weight=0.001, min_split_gain=0.7,
               n_estimators=180, n_jobs=-1, num_leaves=10, objective=None,
               random_state=123, reg_alpha=0.0001, reg_lambda=0.1,
               subsample=1.0, subsample_for_bin=200000, subsample_freq=0) is best model
2025-07-09 03:39:10,685:INFO:choose_better completed
2025-07-09 03:39:10,704:INFO:_master_model_container: 7
2025-07-09 03:39:10,704:INFO:_display_container: 4
2025-07-09 03:39:10,706:INFO:LGBMClassifier(bagging_fraction=0.6, bagging_freq=4, boosting_type='gbdt',
               class_weight=None, colsample_bytree=1.0, feature_fraction=0.9,
               importance_type='split', learning_rate=0.05, max_depth=-1,
               min_child_samples=96, min_child_weight=0.001, min_split_gain=0.7,
               n_estimators=180, n_jobs=-1, num_leaves=10, objective=None,
               random_state=123, reg_alpha=0.0001, reg_lambda=0.1,
               subsample=1.0, subsample_for_bin=200000, subsample_freq=0)
2025-07-09 03:39:10,706:INFO:tune_model() successfully completed......................................
2025-07-09 03:39:10,892:INFO:Initializing plot_model()
2025-07-09 03:39:10,892:INFO:plot_model(self=<pycaret.classification.oop.ClassificationExperiment object at 0x000001B41AA199D0>, estimator=LGBMClassifier(bagging_fraction=0.6, bagging_freq=4, boosting_type='gbdt',
               class_weight=None, colsample_bytree=1.0, feature_fraction=0.9,
               importance_type='split', learning_rate=0.05, max_depth=-1,
               min_child_samples=96, min_child_weight=0.001, min_split_gain=0.7,
               n_estimators=180, n_jobs=-1, num_leaves=10, objective=None,
               random_state=123, reg_alpha=0.0001, reg_lambda=0.1,
               subsample=1.0, subsample_for_bin=200000, subsample_freq=0), plot=feature, scale=1, save=False, fold=None, fit_kwargs=None, plot_kwargs=None, groups=None, feature_name=None, label=False, verbose=True, system=True, display=None, display_format=None)
2025-07-09 03:39:10,892:INFO:Checking exceptions
2025-07-09 03:39:10,996:INFO:Preloading libraries
2025-07-09 03:39:11,018:INFO:Copying training dataset
2025-07-09 03:39:11,018:INFO:Plot type: feature
2025-07-09 03:39:11,018:WARNING:No coef_ found. Trying feature_importances_
2025-07-09 03:39:11,544:INFO:Visual Rendered Successfully
2025-07-09 03:39:11,693:INFO:plot_model() successfully completed......................................
2025-07-09 03:39:11,705:INFO:Initializing plot_model()
2025-07-09 03:39:11,705:INFO:plot_model(self=<pycaret.classification.oop.ClassificationExperiment object at 0x000001B41AA199D0>, estimator=LGBMClassifier(bagging_fraction=0.6, bagging_freq=4, boosting_type='gbdt',
               class_weight=None, colsample_bytree=1.0, feature_fraction=0.9,
               importance_type='split', learning_rate=0.05, max_depth=-1,
               min_child_samples=96, min_child_weight=0.001, min_split_gain=0.7,
               n_estimators=180, n_jobs=-1, num_leaves=10, objective=None,
               random_state=123, reg_alpha=0.0001, reg_lambda=0.1,
               subsample=1.0, subsample_for_bin=200000, subsample_freq=0), plot=auc, scale=1, save=False, fold=None, fit_kwargs=None, plot_kwargs=None, groups=None, feature_name=None, label=False, verbose=True, system=True, display=None, display_format=None)
2025-07-09 03:39:11,705:INFO:Checking exceptions
2025-07-09 03:39:11,857:INFO:Preloading libraries
2025-07-09 03:39:11,870:INFO:Copying training dataset
2025-07-09 03:39:11,870:INFO:Plot type: auc
2025-07-09 03:39:12,724:INFO:Fitting Model
2025-07-09 03:39:12,734:INFO:Scoring test/hold-out set
2025-07-09 03:39:12,734:INFO:[LightGBM] [Warning] feature_fraction is set=0.9, colsample_bytree=1.0 will be ignored. Current value: feature_fraction=0.9
2025-07-09 03:39:12,734:INFO:[LightGBM] [Warning] bagging_fraction is set=0.6, subsample=1.0 will be ignored. Current value: bagging_fraction=0.6
2025-07-09 03:39:12,734:INFO:[LightGBM] [Warning] bagging_freq is set=4, subsample_freq=0 will be ignored. Current value: bagging_freq=4
2025-07-09 03:39:12,876:INFO:[LightGBM] [Warning] feature_fraction is set=0.9, colsample_bytree=1.0 will be ignored. Current value: feature_fraction=0.9
2025-07-09 03:39:12,876:INFO:[LightGBM] [Warning] bagging_fraction is set=0.6, subsample=1.0 will be ignored. Current value: bagging_fraction=0.6
2025-07-09 03:39:12,876:INFO:[LightGBM] [Warning] bagging_freq is set=4, subsample_freq=0 will be ignored. Current value: bagging_freq=4
2025-07-09 03:39:13,331:INFO:Visual Rendered Successfully
2025-07-09 03:39:13,442:INFO:plot_model() successfully completed......................................
2025-07-09 03:39:13,457:INFO:Initializing plot_model()
2025-07-09 03:39:13,457:INFO:plot_model(self=<pycaret.classification.oop.ClassificationExperiment object at 0x000001B41AA199D0>, estimator=LGBMClassifier(bagging_fraction=0.6, bagging_freq=4, boosting_type='gbdt',
               class_weight=None, colsample_bytree=1.0, feature_fraction=0.9,
               importance_type='split', learning_rate=0.05, max_depth=-1,
               min_child_samples=96, min_child_weight=0.001, min_split_gain=0.7,
               n_estimators=180, n_jobs=-1, num_leaves=10, objective=None,
               random_state=123, reg_alpha=0.0001, reg_lambda=0.1,
               subsample=1.0, subsample_for_bin=200000, subsample_freq=0), plot=confusion_matrix, scale=1, save=False, fold=None, fit_kwargs=None, plot_kwargs=None, groups=None, feature_name=None, label=False, verbose=True, system=True, display=None, display_format=None)
2025-07-09 03:39:13,457:INFO:Checking exceptions
2025-07-09 03:39:13,596:INFO:Preloading libraries
2025-07-09 03:39:13,614:INFO:Copying training dataset
2025-07-09 03:39:13,614:INFO:Plot type: confusion_matrix
2025-07-09 03:39:14,516:INFO:Fitting Model
2025-07-09 03:39:14,516:INFO:Scoring test/hold-out set
2025-07-09 03:39:14,516:INFO:[LightGBM] [Warning] feature_fraction is set=0.9, colsample_bytree=1.0 will be ignored. Current value: feature_fraction=0.9
2025-07-09 03:39:14,516:INFO:[LightGBM] [Warning] bagging_fraction is set=0.6, subsample=1.0 will be ignored. Current value: bagging_fraction=0.6
2025-07-09 03:39:14,516:INFO:[LightGBM] [Warning] bagging_freq is set=4, subsample_freq=0 will be ignored. Current value: bagging_freq=4
2025-07-09 03:39:14,666:INFO:[LightGBM] [Warning] feature_fraction is set=0.9, colsample_bytree=1.0 will be ignored. Current value: feature_fraction=0.9
2025-07-09 03:39:14,666:INFO:[LightGBM] [Warning] bagging_fraction is set=0.6, subsample=1.0 will be ignored. Current value: bagging_fraction=0.6
2025-07-09 03:39:14,666:INFO:[LightGBM] [Warning] bagging_freq is set=4, subsample_freq=0 will be ignored. Current value: bagging_freq=4
2025-07-09 03:39:14,964:INFO:Visual Rendered Successfully
2025-07-09 03:39:15,123:INFO:plot_model() successfully completed......................................
2025-07-09 03:39:15,144:INFO:Initializing predict_model()
2025-07-09 03:39:15,144:INFO:predict_model(self=<pycaret.classification.oop.ClassificationExperiment object at 0x000001B41AA199D0>, estimator=LGBMClassifier(bagging_fraction=0.6, bagging_freq=4, boosting_type='gbdt',
               class_weight=None, colsample_bytree=1.0, feature_fraction=0.9,
               importance_type='split', learning_rate=0.05, max_depth=-1,
               min_child_samples=96, min_child_weight=0.001, min_split_gain=0.7,
               n_estimators=180, n_jobs=-1, num_leaves=10, objective=None,
               random_state=123, reg_alpha=0.0001, reg_lambda=0.1,
               subsample=1.0, subsample_for_bin=200000, subsample_freq=0), probability_threshold=None, encoded_labels=False, raw_score=False, round=4, verbose=True, ml_usecase=None, preprocess=True, encode_labels=<function _SupervisedExperiment.predict_model.<locals>.encode_labels at 0x000001B41CB496C0>)
2025-07-09 03:39:15,144:INFO:Checking exceptions
2025-07-09 03:39:15,144:INFO:Preloading libraries
2025-07-09 03:39:15,148:INFO:Set up data.
2025-07-09 03:39:15,197:INFO:Set up index.
2025-07-09 03:39:15,851:INFO:Initializing save_model()
2025-07-09 03:39:15,851:INFO:save_model(model=LGBMClassifier(bagging_fraction=0.6, bagging_freq=4, boosting_type='gbdt',
               class_weight=None, colsample_bytree=1.0, feature_fraction=0.9,
               importance_type='split', learning_rate=0.05, max_depth=-1,
               min_child_samples=96, min_child_weight=0.001, min_split_gain=0.7,
               n_estimators=180, n_jobs=-1, num_leaves=10, objective=None,
               random_state=123, reg_alpha=0.0001, reg_lambda=0.1,
               subsample=1.0, subsample_for_bin=200000, subsample_freq=0), model_name=lightgbm_pipeline, prep_pipe_=Pipeline(memory=FastMemory(location=C:\Users\gusta\AppData\Local\Temp\joblib),
         steps=[('numerical_imputer',
                 TransformerWrapper(exclude=None,
                                    include=['qtd_filhos', 'idade',
                                             'tempo_emprego',
                                             'qt_pessoas_residencia', 'renda'],
                                    transformer=SimpleImputer(add_indicator=False,
                                                              copy=True,
                                                              fill_value=None,
                                                              keep_empty_features=False,
                                                              missing_values=nan,
                                                              strategy='mean')...
                                                              handle_unknown='value',
                                                              return_df=True,
                                                              use_cat_names=True,
                                                              verbose=0))),
                ('transformation',
                 TransformerWrapper(exclude=None, include=None,
                                    transformer=PowerTransformer(copy=True,
                                                                 method='yeo-johnson',
                                                                 standardize=False))),
                ('normalize',
                 TransformerWrapper(exclude=None, include=None,
                                    transformer=StandardScaler(copy=True,
                                                               with_mean=True,
                                                               with_std=True)))],
         verbose=False), verbose=True, use_case=MLUsecase.CLASSIFICATION, kwargs={})
2025-07-09 03:39:15,851:INFO:Adding model into prep_pipe
2025-07-09 03:39:15,884:INFO:lightgbm_pipeline.pkl saved in current working directory
2025-07-09 03:39:15,928:INFO:Pipeline(memory=Memory(location=None),
         steps=[('numerical_imputer',
                 TransformerWrapper(exclude=None,
                                    include=['qtd_filhos', 'idade',
                                             'tempo_emprego',
                                             'qt_pessoas_residencia', 'renda'],
                                    transformer=SimpleImputer(add_indicator=False,
                                                              copy=True,
                                                              fill_value=None,
                                                              keep_empty_features=False,
                                                              missing_values=nan,
                                                              strategy='mean'))),
                ('categorical_imputer',
                 TransformerWra...
                                boosting_type='gbdt', class_weight=None,
                                colsample_bytree=1.0, feature_fraction=0.9,
                                importance_type='split', learning_rate=0.05,
                                max_depth=-1, min_child_samples=96,
                                min_child_weight=0.001, min_split_gain=0.7,
                                n_estimators=180, n_jobs=-1, num_leaves=10,
                                objective=None, random_state=123,
                                reg_alpha=0.0001, reg_lambda=0.1, subsample=1.0,
                                subsample_for_bin=200000, subsample_freq=0))],
         verbose=False)
2025-07-09 03:39:15,930:INFO:save_model() successfully completed......................................
