Price,Close,Close,Close,High,High,High,Low,Low,Low,Open,Open,Open,Volume,Volume,Volume
Ticker,GOOG,MSFT,NVDA,GOOG,MSFT,NVDA,GOOG,MSFT,NVDA,GOOG,MSFT,NVDA,GOOG,MSFT,NVDA
Date,,,,,,,,,,,,,,,
2023-01-03,89.27713775634766,235.24002075195312,14.303278923034668,91.1184226545952,241.2982496784464,14.983722051275688,88.6003430742412,233.09950356417312,14.084458370348052,89.40652977671246,238.67661840759735,14.838840315183736,20738500.0,25740000,401277000
2023-01-04,88.29180908203125,224.94985961914062,14.736923217773438,90.8098811314599,228.65155528390636,14.840838154777497,87.38610288413852,221.86674131670614,14.229339743985019,90.58096963247291,228.07224672935166,14.555073030909787,27046500.0,50623400,431324000
2023-01-05,86.36094665527344,218.2828826904297,14.253320693969727,87.7941606559298,223.42796620859252,14.552075670491968,86.15193754574908,217.7428428679085,14.136415909839469,87.65482124958022,223.0843004172486,14.479135485903637,23136100.0,39585600,389168000
2023-01-06,87.7444076538086,220.85540771484375,14.846835136413574,88.05294384962349,221.67037414337992,14.997711535520914,85.16661325169555,215.376502057129,14.0225107548316,86.94817590492201,218.96037666884743,14.462150107377472,26612600.0,43613600,405044000
2023-01-09,88.38138580322266,223.0057373046875,15.615203857421875,90.40181484744842,227.05111407181693,16.042852902543725,88.1624217030434,222.30860727948638,15.12860215409785,88.7745203696875,222.34787609092098,15.271485666138863,22996700.0,27369800,504231000
2023-01-10,88.81930541992188,224.7043914794922,15.895976066589355,89.05319819764858,227.11982022415233,15.948932173589144,86.29127849832223,223.21192206293,15.459333553934178,86.31118846725929,223.6341254274707,15.49430474778188,22855600.0,27033900,384101000
2023-01-11,91.82508087158203,231.49903869628906,15.987898826599121,92.01418003236891,231.67577081089505,16.01487714757313,89.31695610724726,226.92345084138603,15.550257708216126,89.63544729709926,227.100182955992,15.827031344724569,25998800.0,28669300,353285000
2023-01-12,91.47673797607422,234.18939208984375,16.497482299804688,92.18339010996303,235.5542116762938,16.62337859607864,90.14305081561142,229.32906420902535,15.479316490900496,91.96442597963112,230.99826575626707,16.086819482461305,22754200.0,27269500,551409000
2023-01-13,92.36253356933594,234.8963623046875,16.885162353515625,92.54168533315664,235.0338256158968,16.90814423644885,90.50134622261136,230.6644400284827,16.15176413943949,91.0965267592125,232.7067627824332,16.264670572186482,18630700.0,21333300,447287000
2023-01-17,91.72554779052734,235.99607849121094,17.68750762939453,92.53172690097314,236.54593172373328,17.713487319827372,90.41176317583279,232.79512362957803,16.885165521758307,92.34262015914376,233.65918727061418,16.885165521758307,22935800.0,29831300,511102000
2023-01-18,91.34733581542969,231.53829956054688,17.362775802612305,93.14681132961738,237.98929120508885,17.858368155388927,90.96912991895344,231.25355950265987,17.267852350964912,92.5018710679812,237.19396675189898,17.652537414377978,19641600.0,30028700,439624000
2023-01-19,93.46730041503906,227.72860717773438,16.751272201538086,93.95498836892797,231.25358612173252,17.182919592747304,90.94922076610231,226.50125078588513,16.717301550134714,90.95917575103884,229.5451006306224,17.022050215153467,28707700.0,28623000,452932000
2023-01-20,98.81198120117188,235.8684539794922,17.82439613342285,98.95132061724973,236.37903845699122,17.84138241393569,95.45787263688962,230.26188313206725,16.811226343623662,95.49767738997299,230.60554893050247,16.997072985244962,53704800.0,35389800,564967000
2023-01-23,100.73287963867188,238.1856689453125,19.17728614807129,100.92198637945205,240.72874754062073,19.22924361779151,98.2844773668706,235.30873805800567,17.803411956257197,98.66268325500256,236.7324833169044,18.049208922830783,31791800.0,31934000,655163000
2023-01-24,98.7423095703125,237.65545654296875,19.249225616455078,100.61344425937016,239.53086062869244,19.479038745727824,98.23471165395418,236.08444941515683,18.804590277949554,99.08071071236088,238.1071302689207,18.811584516005322,27391400.0,40234400,496204000
2023-01-25,96.27400970458984,236.25137329101562,19.307180404663086,97.25934063228942,238.8926465935646,19.354142810511668,94.81292767591877,226.71726242697446,18.56478866094539,96.74178770521466,230.23241286471827,18.89751622008394,31000900.0,66526600,449537000
2023-01-26,98.69255065917969,243.5074920654297,19.785789489746094,98.74231039669573,243.81187403333118,20.149491827776068,96.36357777137192,237.61618177352415,19.262218285340538,97.8166942324974,239.23628611084743,19.68487233931353,24542100.0,33454500,489535000
2023-01-27,100.23523712158203,243.66461181640625,20.34832763671875,101.10113854540126,245.30435814766528,20.61111281542293,98.50344186737202,242.3587028258491,19.38911447092714,98.58306655785783,244.4795782533274,19.446067014153495,29020400.0,26498900,542142000
2023-01-30,97.48824310302734,238.3133544921875,19.14631462097168,98.94036475098629,241.151002013822,20.123512763635727,97.06026989637677,237.81258347035998,19.134323407436817,98.27950110151227,240.08073579959722,19.933669670014947,24365100.0,25867400,488611000
2023-01-31,99.39920806884766,243.32093811035156,19.521007537841797,99.43902041706131,243.45840142159702,19.6708843656897,97.3290115223109,238.5489760451487,18.934488166658255,97.39868123332758,239.03991858279355,19.15430738711603,22306800.0,26541100,498017000
2023-02-01,100.95185089111328,248.1714324951172,20.925851821899414,101.7082703143887,250.55740584151195,21.174646573762274,97.95603815400965,241.02331092985187,19.594941785261792,99.26981526105172,243.50747876870054,19.67487620181203,26392600.0,31259900,660477000
2023-02-02,108.28710174560547,259.8067626953125,21.691225051879883,108.30700412117132,259.89512874467925,21.931028319443673,106.03775363524876,252.58990234951898,20.683052314586803,106.28657509367761,254.13146890622428,20.982805922594803,46622600.0,39940400,564276000
2023-02-03,104.72398376464844,253.67001342773438,21.082725524902344,107.51077973262802,259.4140470711342,21.727197912040786,102.81303665630321,252.44265709216836,20.771979321521542,103.02204578439452,254.83845905637355,20.982807015101592,36823400.0,29077300,429366000
2023-02-06,102.98223114013672,252.11862182617188,21.07172966003418,104.20642851928456,253.62090480368727,21.552334734159007,101.72816880613156,250.1646801008737,20.768976402166963,102.20092808008586,252.77649801588666,20.788960480361574,25573000.0,22518000,452197000
2023-02-07,107.53068542480469,262.71319580078125,22.154848098754883,108.15771278413196,263.90126847590375,22.24077813579431,103.05985695958798,255.36868388280342,21.1326848754413,103.1414711292283,255.81054419875986,21.364495296060316,33738800.0,50841400,664150000
2023-02-08,99.5285873413086,261.89825439453125,22.186819076538086,103.0917125905503,271.7465619102977,22.859268377946858,97.99087248930825,261.3876549048757,21.989979871627146,102.20590877068695,268.25105293927203,22.36866926710401,73546000.0,54686000,559651000
2023-02-09,95.0099868774414,258.844482421875,22.31871223449707,100.13571055317259,269.01682516976877,23.00115361559773,93.41753102694793,258.0393296438196,22.101890841134466,100.06604084700814,268.8400631214715,22.587493006154816,97798600.0,42375100,523876000
2023-02-10,94.41281127929688,258.333984375,21.247589111328125,96.56262465151482,259.30604106753316,22.059923209964126,94.08436514397408,255.938182254322,20.79396224758763,95.28866004672967,256.7924175253064,21.672242294842736,49325300.0,25818500,550737000
2023-02-13,94.55215454101562,266.4050598144531,21.770158767700195,94.9005030653758,269.62564159022224,22.02994609258764,93.6066360329768,262.3105859582913,20.944834933269593,94.5621095255483,262.79173001037145,21.520363482899203,43116600.0,44630900,474919000
2023-02-14,94.50239562988281,267.23968505859375,22.952192306518555,94.72634103796074,269.9889513959728,23.03012755681978,92.21324255629635,264.40202269183845,21.348505011824344,94.21376939358002,267.7306276163226,21.56033132218114,42513100.0,37047900,675474000
2023-02-15,96.64225006103516,265.1036376953125,22.745361328125,96.88111652786327,266.49156688669603,22.8362864231292,93.91516908391556,262.01278189893924,22.087901043076933,94.29337495584576,264.11929330764815,22.53053721244562,36964500.0,28922400,420575000
2023-02-16,95.32847595214844,258.0458679199219,21.983985900878906,97.41857468456848,262.5640049267377,22.531535636340326,94.52229685661901,257.79978182996587,21.90904654743779,95.089609478182,259.88658706642394,22.11487725263338,35642100.0,29603600,412026000
2023-02-17,94.14408111572266,254.0198974609375,21.370487213134766,95.29861630007824,256.0181152654841,21.72219826611611,93.00945589988527,251.9921505278432,20.957825285879114,94.62182164559383,255.32909225276762,21.613288266361437,31095100.0,30000100,465888000
2023-02-21,91.61607360839844,248.7143096923828,20.638090133666992,92.97463678728393,251.49016824327242,21.47640202756458,91.56630627413868,247.6512158869296,20.60111977052066,92.80045871080388,250.49597073877874,20.982806991007344,28367200.0,28397400,410015000
2023-02-22,91.36724853515625,247.5724639892578,20.737009048461914,91.9246062085135,250.35816054888014,21.08672289537773,90.44163234565723,246.42078280013976,20.40428148237051,91.500611925036,250.11207443958386,20.690048547419124,29891100.0,22491100,513184000
2023-02-23,90.64068603515625,250.78143310546875,23.644624710083008,91.6956866525768,252.8190182527777,23.86844224060142,89.5856854177357,246.55858711540606,23.00614795090794,91.6956866525768,251.559058591663,23.42080908535159,32423700.0,29219100,1117995000
2023-02-24,88.92878723144531,245.31829833984375,23.266935348510742,89.70510896249682,247.07043006861863,23.454783066670746,88.4410993017847,244.21583748216142,22.928214087929295,89.20746604839424,246.04671856075686,23.205986370917074,31295600.0,24990900,589716000
2023-02-27,89.67525482177734,246.2436065673828,23.48175811767578,90.02360335546858,248.86196635972186,23.86044752352484,89.18756687460962,245.48565714962064,23.43479762020704,89.66529983697802,248.50760176361655,23.65062037481705,22724300.0,21190000,452994000
2023-02-28,89.87431335449219,245.5151824951172,23.196990966796875,91.01888598257007,247.5527826462789,23.805493492684064,89.09798402975161,244.83598244472995,23.18699892583366,89.11789399864223,245.17067096137697,23.352863375406507,30546900.0,22491000,455963000
2023-03-01,90.08332061767578,242.41448974609375,22.679414749145508,90.7700626617366,247.00152304863036,23.236958420824973,89.42642833948149,241.94199363895714,22.489569788217572,89.73497210352491,246.8341863098164,23.17300974177125,26323900.0,27565300,460026000
2023-03-02,91.87483215332031,247.17872619628906,23.294912338256836,92.04403651471844,247.46417946735576,23.360858289754244,89.34680524447734,241.76483192375827,22.41363444953809,89.43638491738555,242.69011807533903,22.469590264985175,23328600.0,24808200,389415000
2023-03-03,93.57676696777344,251.2932586669922,23.870439529418945,93.66634663777482,251.61809409992222,23.88043157064552,92.22318527450915,247.45432176855098,23.111061548282237,92.3028023669873,248.24180024051145,23.300906520013164,30242500.0,30760100,412393000
2023-03-06,95.12942504882812,252.84852600097656,23.534717559814453,95.8460320884577,256.04764510840005,24.22814773094674,93.85546035323266,251.972460138509,23.467771069999735,93.91517507539227,252.41541208786404,23.87144155642439,28288200.0,24109800,437429000
2023-03-07,93.72607421875,250.171142578125,23.272884368896484,95.63702138219357,253.6557304344605,24.109340983531098,93.40161458962325,249.42304618349874,23.225913991146093,94.97018163142353,252.28747719365353,23.58468213091472,24101500.0,21473200,515154000
2023-03-08,94.20380401611328,249.72816467285156,24.165307998657227,95.78630481892661,250.55501034221174,24.184296675428683,93.95995625752542,246.88341003286706,23.40879926857115,93.95995625752542,250.06283815522548,23.471758111550603,25395200.0,17340200,513573000
2023-03-09,92.22319030761719,248.36978149414062,23.42078971862793,95.46781670437458,255.49642520187024,24.43812863634961,91.91962782028254,247.6413612448282,23.367822715310396,94.04455763819666,251.81498682862087,24.15930848577099,24438900.0,26653400,501257000
2023-03-10,90.58097076416016,244.69815063476562,22.950092315673828,92.74073931800866,248.83239377023597,23.61166323098952,90.37196163895824,243.72365937177543,22.71124714341151,92.06394461064731,247.14917339603343,23.393804334985997,32850100.0,28333900,474866000
2023-03-13,91.22791290283203,249.94471740722656,22.951091766357422,92.64121711517166,253.87225680008146,23.282876988335172,89.51601987112868,241.88293471762614,22.282527312833135,90.13807358361221,243.52678799195508,22.73723188407138,31508600.0,33339700,421890000
2023-03-14,93.80569458007812,256.7071533203125,24.047380447387695,94.38296221530149,256.9827685172578,24.20327932512599,92.34262311544556,251.8543282071445,23.444771213854455,92.63125693305724,252.73039401598515,23.48074905093903,32303900.0,33620300,474910000
2023-03-15,96.09485626220703,261.28436279296875,24.212276458740234,96.79155335178928,262.30808931293495,24.27023747433623,92.60140064232174,255.15188676906854,23.344839767755705,93.09904359014584,255.90985113280536,23.74557858510268,38367300.0,46028000,524486000
2023-03-16,100.59354400634766,271.87591552734375,25.52442169189453,101.48930282075987,272.23026506647096,25.57139016249906,95.41806044618829,259.1581735865581,23.878489494645066,96.11475752771521,261.0579509308683,24.011404490940855,54499500.0,54768800,583253000
2023-03-17,101.97698974609375,275.0553283691406,25.708303451538086,103.00213298143821,278.89426524045854,26.381865775250695,100.27505181264394,271.9940319281041,25.65133933448188,100.36462389646458,273.90366232764774,25.965136614007125,76140300.0,69527400,848547000
2023-03-20,101.44949340820312,267.96807861328125,25.883190155029297,102.0964307702903,273.1358865548913,26.00711022624769,100.31486807494271,265.6253342067157,25.113689438376866,100.58359193032379,272.643714369976,25.598375276520795,26033900.0,43466600,432747000
2023-03-21,105.34104919433594,269.4938659667969,26.181995391845703,105.46048622824132,270.69476759188797,26.37487092143437,101.37981582099496,265.30054831790585,25.364527413942184,101.49925285490033,270.57665104512716,26.163008623155417,33122800.0,34558700,547408000
2023-03-22,103.72869873046875,268.02716064453125,26.450822830200195,107.00319028480114,276.64017464446556,27.571095597302328,103.71874374521104,267.91886713354575,26.21997184820259,104.64435994502796,269.1197685728432,26.407849562791487,32336900.0,34873300,797295000
2023-03-23,105.75907897949219,273.3131103515625,27.173351287841797,106.59611020702042,276.6598758012789,27.481151940364768,104.91308750622107,270.89163117862455,26.672677017823016,105.39082047288845,273.58872562295534,27.097400403214937,31385800.0,36610900,564889000
2023-03-24,105.56002044677734,276.1775207519531,26.761619567871094,105.65955511182464,276.2365790138879,27.149368241079962,104.24624335849856,270.9703303661151,26.33789496036664,105.24152926154093,272.8996370155353,27.013456826272407,25236200.0,28172000,454920000
2023-03-27,102.57415771484375,272.0530700683594,26.51378059387207,104.90313056250179,277.0535256674426,26.98247605929165,102.14618449375519,271.20651838815945,26.347887967682432,104.8235058717345,276.10856359356126,26.81958174522854,25393400.0,26840200,361026000
2023-03-28,100.8821792602539,270.9211120605469,26.392860412597656,102.51444752600926,271.8168690429862,26.49579420860575,99.80726866765536,267.79087413033056,25.833224372418172,102.51444752600926,271.4723425051547,26.429837056217544,24913500.0,21878600,356104000
2023-03-29,101.41962432861328,276.1184387207031,26.96648597717285,102.33528544029393,276.7385804574417,27.06042483163502,100.55372295077275,274.0513096115096,26.579738018819665,102.23575837918568,274.5926869792437,26.80759068169934,26148300.0,25087000,393694000
2023-03-30,100.84236907958984,279.6029968261719,27.36522674560547,101.13100290751238,280.00658160899906,27.481152585329546,99.81722579725437,277.07325471108254,27.08440898873497,100.96180612358746,279.7802016370314,27.211327368787387,25009800.0,25053400,364516000
2023-03-31,103.50973510742188,283.78643798828125,27.75897216796875,103.69884186107308,284.7412531215559,27.815934380003373,100.96180559621337,278.56942542902976,27.08740743538737,101.23052945201815,279.28800755276933,27.122384566656116,28108000.0,32766000,433933000
2023-04-03,104.41544342041016,282.7332763671875,27.946849822998047,104.45524817267045,283.7569729997611,27.981826954201942,101.89736381123552,279.5046276679569,27.318258357219978,102.185997622408,282.0343701563342,27.49114640923392,20719900.0,24883300,398716000
2023-04-04,104.62445831298828,282.6839904785156,27.4351806640625,105.59983425918185,285.9028155833691,27.981826516516946,104.10690538390568,281.1976510040957,27.289275517291117,104.34577187778977,282.7332257176792,27.947848187847303,20377200.0,25824300,368592000
2023-04-05,104.45524597167969,279.888427734375,26.863555908203125,106.03775440739336,282.65443254812493,26.980478653593416,103.61124400377517,278.49067578511693,26.377871240257907,105.61973617661177,281.3747970971364,26.811589608214934,21864200.0,22064800,515015000
2023-04-06,108.38663482666016,287.0347900390625,27.019453048706055,109.11318927328242,287.5072560547923,27.062424408814838,104.32089288146136,277.6146083330159,26.40984834215217,105.27138513441434,278.7761273414218,26.566746033983005,34684200.0,29770300,397654000
2023-04-10,106.4458236694336,284.8594665527344,27.561100006103516,107.46101953690977,285.0661704846128,27.603072562534653,105.10218922688338,280.2527115064888,26.651690804540983,106.88375189410401,284.68226171417155,26.805590178121808,19741500.0,23103000,395279000
2023-04-11,105.61974334716797,278.402099609375,27.151369094848633,106.71455632786862,281.5028083472433,27.771966381877682,104.78369923541715,277.230757468165,27.108395825863244,106.41596751793713,281.27639833215596,27.70600922833138,18721300.0,27276600,314378000
2023-04-12,104.72398376464844,279.0517883300781,26.477802276611328,107.07982227374721,282.51669989305793,27.45017025119376,104.475162289288,277.5457425781535,26.430831901042534,106.8837523483541,280.331454092245,27.352234292394773,22761600.0,27403400,446259000
2023-04-13,107.67997741699219,285.3023681640625,26.445823669433594,107.75462081759139,285.3614264229886,26.869548260916794,105.93822719767972,278.73680804839455,26.31191176986607,105.9680845579194,279.15021586087715,26.7166476867757,21650700.0,24222700,353615000
2023-04-14,108.9439926147461,281.6603088378906,26.740631103515625,109.06342965518762,283.96367102936733,26.865549967420687,107.08280526669972,279.2486531464038,26.202980206526043,107.18233993044869,282.5068305661248,26.486796261789348,20758700.0,20987900,395660000
2023-04-17,105.91831970214844,284.2786865234375,26.984477996826172,106.20695351358656,287.0348692146032,26.988475111317545,104.82350677169838,281.6800326007046,26.41584700251684,104.93298882408622,285.3910006419592,26.547761311286525,29043400.0,23836200,321471000
2023-04-18,104.62445831298828,283.8553771972656,27.649044036865234,106.54536043624745,287.19231898396373,28.091757324454164,104.28605715267598,282.51668329191097,27.33924575942383,106.49559310303333,287.0052911530972,27.515132130784668,17641400.0,20161800,604812000
2023-04-19,104.52491760253906,283.9341735839844,27.912870407104492,105.22659595576813,284.5247562324658,27.98182586482497,103.31067523267343,280.08538311239806,27.214324706114123,103.72371218206571,281.51266456597375,27.343240685548253,16732000.0,17150300,358660000
2023-04-20,105.40077209472656,281.6307678222656,27.086410522460938,106.38411347306022,284.50506674858116,28.011810174837088,104.14670980873836,280.6168942704113,26.982477923410777,104.15666479330964,280.78424603946644,27.65304199464376,22515300.0,23244400,427713000
2023-04-21,105.41073608398438,281.2862548828125,27.101398468017578,106.13729055775771,281.78825008105144,27.165358012841736,104.98773652799665,278.6285130858529,26.704656772926235,105.58988026100053,280.54799661030216,26.934507038823,22379000.0,21676400,345103000
2023-04-24,106.27661895751953,277.3586730957031,27.02444839477539,106.81407421311313,280.4889106927274,27.3482375101197,104.86331491138166,274.3564350994669,26.653688900019212,105.5500645591004,277.6736704704658,26.995467887974886,21410900.0,26611000,339282000
2023-04-25,104.11685180664062,271.108154296875,26.223966598510742,106.93351254210845,277.1913956236309,27.22931413806429,104.06708447751939,271.0589190518227,26.207978142776422,106.10742347663711,275.13411938360406,27.06042320812397,31408100.0,45772200,378527000
2023-04-26,103.95760345458984,290.7458190917969,26.93850326538086,106.51548777205272,294.88007785035614,27.31226106523399,102.78316585395933,288.1471653314123,26.687666728848185,105.06237134981976,292.05501404925786,26.98447484193406,37068200.0,64599200,406337000
2023-04-27,107.859130859375,300.0577392578125,27.208332061767578,108.63545261146601,300.42197197875873,27.477158506001263,103.92774717536115,290.62773158265634,26.60772223648643,104.73393388158743,291.33646086804055,27.345244195270258,38235200.0,46462600,377161000
2023-04-28,107.7098388671875,302.44964599609375,27.730993270874023,107.77950857486836,304.09348419157374,27.739986302047615,105.54011535071814,298.5614739081994,27.053431845436577,107.29182062110233,299.25052694953416,27.20733314471315,23957900.0,36446700,292216000
2023-05-01,107.20223999023438,300.7762756347656,28.891237258911133,108.16766849767576,303.7686910534892,29.039141923615947,106.99323086905045,300.3726908217299,27.76197146754515,107.21219497507987,302.1642048581886,27.82193199383704,20926300.0,21294100,570329000
2023-05-02,105.48039245605469,300.6286315917969,28.19169044494629,107.22214260656568,304.33959922450805,28.81728552032771,104.00736613051419,299.1521149683054,28.0647739674423,107.15247290428236,302.9418469765617,28.661386629023887,20343100.0,26404400,402730000
2023-05-03,105.61974334716797,299.63446044921875,27.783954620361328,107.62026255605073,303.778542392161,28.348588429903444,105.12210039290142,299.3293160567343,27.454168889483142,105.71927041933552,301.81970644560397,27.821930062469157,17116300.0,22360800,383387000
2023-05-04,104.71402740478516,300.6286315917969,27.544109344482422,105.79889297169748,302.9418469765617,27.840915535411145,104.20642947555356,298.65008970357985,27.222317856560554,105.6595535547992,301.44562423928016,27.633050368513334,19780600.0,22519900,321850000
2023-05-05,105.71428680419922,305.7865905761719,28.661388397216797,105.93823220343529,307.085932430796,28.736338582243373,104.24524690093706,299.50646831862997,27.713004846193435,104.8235092767686,300.93377975527426,27.807942509671445,20705300.0,28181200,361494000
2023-05-08,107.72974395751953,303.81787109375,29.132078170776367,107.90889572370182,305.3436228273613,29.201033629261158,105.29129653383215,301.2979520150605,28.331599383389104,105.29627022971015,305.2747115147881,28.503486722502963,17266000.0,21318600,344979000
2023-05-09,107.43115997314453,302.1937255859375,28.55245590209961,110.07364276113574,305.18614092145225,28.954195421712242,107.21716956104675,301.51452555847186,28.43153605029766,108.26719646482212,303.1780699689536,28.88024404414107,24782400.0,21340800,314869000
2023-05-10,111.75070190429688,307.42059326171875,28.866254806518555,112.97490692724274,308.09979329228884,29.094107482413545,107.96861996362168,302.85325092434726,28.442530182163917,108.03828967429801,303.78836006860274,28.986175863013205,47533500.0,30078000,369350000
2023-05-11,116.34891510009766,305.2550048828125,28.559450149536133,117.88165619022585,306.2492022660023,28.931210344411994,114.38820079913218,301.46530325501186,28.227666813122973,115.31381692520219,305.24518186660805,28.87724453995884,57115100.0,31680200,322149000
2023-05-12,117.36410522460938,304.1329040527344,28.321603775024414,117.70250636108216,305.78659550903757,28.761318691018904,116.00056847437612,301.8000125269122,28.027793994385252,116.44844406803567,305.68815505667965,28.510480265792832,31272500.0,19758100,274222000
2023-05-15,116.40863800048828,304.615234375,28.9342098236084,118.23498671652519,305.04834834939237,28.950200187469783,115.93090502061266,302.77451500373724,28.133730950674487,115.940852412348,304.26088478130237,28.489498915064928,22107900.0,16336500,293926000
2023-05-16,119.52386474609375,306.8594970703125,29.194040298461914,120.62863256077875,308.79865663517415,29.850615404152038,116.27923859578779,304.9793957630767,28.81328895261737,116.27923859578779,304.9793957630767,28.822281983258687,32370100.0,26730300,449405000
2023-05-17,120.9073257446289,309.75982666015625,30.158414840698242,121.70354985109103,310.1840128280389,30.179401120807487,118.89684411944845,306.54383920821226,29.410901079426516,119.61345113066413,308.07292647953415,29.5648004668943,26659600.0,24315000,432535000
2023-05-18,122.93769836425781,314.2187805175781,31.657438278198242,123.3159118270961,314.73177784456124,31.807340536574944,120.91726941031143,309.483610472281,30.30031991259901,120.98693911239828,310.2826700411064,30.39026164884716,27014500.0,27276000,748725000
2023-05-19,122.66898345947266,314.0412292480469,31.243709564208984,125.88275782763722,314.4456963446299,31.559504464567972,122.14148316339876,312.09783032838016,30.895935843609628,123.61450199846229,312.46282914333904,31.515532395418244,30251300.0,27529500,473908000
2023-05-22,125.2766342163086,316.84283447265625,31.1557674407959,126.4510718375126,318.2337976929915,31.499544048329298,122.86803665863356,313.7156584548846,30.660089053951964,122.92775897390055,314.29768758586613,30.880944390289034,29760200.0,24115700,372000000
2023-05-23,122.70879364013672,311.0028076171875,30.668081283569336,124.82874977188175,318.3620609809565,31.267692227057807,122.4699271617469,310.99293302124596,30.61111907309606,124.34106183041925,315.70838374356634,30.979879050427765,24477900.0,30797200,356253000
2023-05-24,121.06657409667969,309.6118469238281,30.518178939819336,122.17134203333526,312.22605590477934,30.587134398271413,120.18077026904467,308.3885711303924,29.786653705153253,121.30544058223454,310.47996842062906,30.19039081167834,23087900.0,23384900,721419000
2023-05-25,123.76380157470703,321.51885986328125,37.955345153808594,125.38612247022512,322.48560688715077,39.454371441773645,122.32064004042262,315.67878902000206,36.61121702902255,124.61974806606005,318.87502712507745,38.497991938105514,33812700.0,43301700,1543911000
2023-05-26,124.83870697021484,328.39471435546875,38.92072677612305,125.40601961234306,328.89780691493297,39.14458044480816,122.70879581601918,319.50637450410005,37.5256327431475,123.48014388390779,319.64446830879535,37.865412266925354,25154700.0,36630600,714397000
2023-05-30,124.05242919921875,326.7373962402344,40.08496856689453,125.78422447247827,331.20622279832344,41.91078253323842,122.3106789411819,326.05671145740513,39.92307495310247,125.69465238976777,330.70313021071354,40.56865561638492,27230700.0,29503100,923401000
2023-05-31,122.78842163085938,323.9555358886719,37.809444427490234,124.31120781084275,331.4035709455312,40.26884571341783,122.5196901911984,322.9098221088515,37.79745117886432,123.11686019993697,327.8028654551653,39.462370269421555,41548800.0,45950600,1002580000
2023-06-01,123.78370666503906,328.08892822265625,39.74419021606445,124.45054637702194,329.02611175560344,40.02400727959351,122.71875108547152,320.3350817076628,38.31511796351833,122.91780522254956,321.52873380846023,38.46401952597585,25017700.0,26773900,635873000
2023-06-02,124.63965606689453,330.8708801269531,39.30147171020508,126.14751359149375,332.94252854790284,40.47371062756024,123.763799618833,328.0593594203414,39.03264531714134,123.90313903676483,329.7364153100341,40.070972345035095,19362400.0,25864000,482731000
2023-06-05,126.03304290771484,331.40350341796875,39.14558029174805,127.386632254605,333.98811839226124,39.539321788375425,123.79364977265178,330.14078960970863,38.68188071638041,124.02256885645558,330.6932250192304,38.88374928722303,22672500.0,21307100,396094000
2023-06-06,127.30702209472656,329.174072265625,38.62891387939453,128.2724506249467,330.8412533912164,39.13458601689933,125.37616503428626,327.68448335101743,38.123241741889736,126.0031924126324,330.8017851103892,38.804802160748494,19450100.0,20396200,388729000
2023-06-07,122.3604507446289,319.0131530761719,37.454551696777344,128.93929113866884,329.9731116515835,39.47744945385498,122.05190695268048,318.1450315839659,37.33561714302101,126.97359541514106,327.17146599385774,38.89376845678286,34179300.0,40717100,511998000
2023-06-08,122.09171295166016,320.8677673339844,38.488990783691406,123.14672111234258,322.2291369225087,38.842797765126164,121.4348282416394,318.98355595766924,37.48454176498526,122.0071145659302,319.5655851097024,37.703420255024895,24815000.0,23277700,417772000
2023-06-09,122.290771484375,322.37713623046875,38.74884796142578,123.69910183143158,325.53390634602147,39.68933264036205,121.84288830914471,320.0292702055803,38.545959600574975,121.98222771652439,320.6014248165846,39.0157005810381,20304500.0,22514900,427717000
2023-06-12,123.76380157470703,327.3687438964844,39.4604606628418,124.16191745798756,327.6153679268259,39.50843481392578,121.77322975173328,320.7690824361064,38.59693356856273,122.81330170681413,324.14288231211435,39.17861681441675,22255700.0,24260300,388701000
2023-06-13,123.84342193603516,329.77581787109375,40.99961471557617,125.26668104339029,332.4294950152336,41.078573986392584,123.26118060940287,325.928488773513,39.718316587873154,125.05767192050398,329.95337995894954,40.16407236318805,19287700.0,22951300,613208000
2023-06-14,123.79365539550781,332.78466796875,42.97353744506836,124.20172625238887,334.46172377002256,42.97653416086688,121.58412711369931,328.31584080318265,40.52986821598953,123.21639535436614,329.82517898213644,40.8017229530102,24659600.0,26003800,740465000
2023-06-15,125.19701385498047,343.39935302734375,42.629730224609375,125.56527237038758,345.1158468804941,43.265384836246646,122.55950471008445,332.6465498488754,42.12400575806211,123.2960141474699,332.92276759657176,42.57875935956908,24517100.0,38899100,568622000
2023-06-16,123.47516632080078,337.707275390625,42.668704986572266,126.1027204892562,346.72386629713804,43.69714280637508,123.20644246891663,337.3324320738404,42.637719859224546,126.1027204892562,346.575897868739,43.42629077833163,56686800.0,46533600,655709000
2023-06-20,123.26615142822266,333.48504638671875,43.784095764160156,124.58490974007022,337.46062508330874,43.96599947936296,122.25096319883583,331.3246171835482,42.65071563542564,122.95264154792456,334.72804129963237,42.974540163328015,22698000.0,26375400,451153000
2023-06-21,120.68836975097656,329.0556945800781,43.021514892578125,122.82823594386119,333.1693972869812,43.591207435657196,120.29025387430032,327.5858247663164,42.05704501017966,122.65405787486884,331.82774670017375,43.47726740199492,22612000.0,25117800,551603000
2023-06-22,123.28605651855469,335.1226501464844,43.00152587890625,123.35074493293604,335.52711724274883,43.402304245478625,119.03618184029152,328.8386735229286,42.2109571046696,120.09118996670323,329.6081394338645,42.22994393165169,20781900.0,23556800,417737000
2023-06-23,122.4400634765625,330.49591064453125,42.18597412109375,122.85808930986228,333.3962115699487,42.78564528889148,121.28553582452349,328.9471346567787,41.9920797064,121.46468758352954,329.8448196096955,42.440836083085124,29542900.0,23084700,358140000
2023-06-26,118.5285873413086,324.16265869140625,40.60982894897461,122.14147980946397,331.571224712544,42.74066558376808,118.42906027574189,324.05412845410723,40.078117742451454,120.89339354984655,329.2135144395698,42.43782951394114,23185000.0,21520600,594322000
2023-06-27,118.44896697998047,330.05206298828125,41.853153228759766,119.32978945906655,331.61071384237505,41.91711748885724,116.35886828697781,324.85320839821026,40.425934710005095,117.28447680532017,327.37863643109444,40.77674114143434,27221700.0,24354100,462175000
2023-06-28,120.50921630859375,331.3147888183594,41.09456253051758,120.69831546247532,333.41603075704074,41.82216589254702,117.04561810118291,329.3023279341392,40.49589038816184,117.40392162586087,330.1408558113541,40.637811188976045,19753100.0,20259500,582639000
2023-06-29,119.44425201416016,330.5255126953125,40.79972839355469,120.34001076057014,331.57119617322525,41.57730383820015,118.64802032992282,328.1283343509732,40.57784938235287,119.5238691078414,330.19010762744165,41.53532693406014,18517500.0,16997000,380514000
2023-06-30,120.39972686767578,335.94146728515625,42.2789192199707,121.45472740704297,338.1018966475319,42.526785015369995,120.31014719528767,332.6465731689778,41.47835753719588,120.52911129064951,333.18913410608565,41.657260733272246,23865800.0,26823800,501148000
2023-07-03,119.99166107177734,333.42584228515625,42.38985824584961,120.44949165700562,336.2965498508415,42.874594246480044,119.14069591223657,332.0250345348407,42.17897482861766,119.75279459109923,334.60964977189394,42.4938015963702,13888300.0,12508700,198209000
2023-07-05,122.0519027709961,333.5837097167969,42.29391098022461,122.78841977763858,337.0364466828848,43.15343851678274,119.49401840420481,330.2099093118582,42.062035314453695,119.49401840420481,330.5650335205982,42.11200726932329,17830300.0,18172400,323618000
2023-07-06,120.35991668701172,336.66156005859375,42.08002853393555,120.57888078630921,338.3583347909345,42.15598728056081,118.68783617551885,330.9694876074592,41.32344159639819,120.07128288279486,332.7451687923729,41.82117097723614,17732500.0,28161200,303582000
2023-07-07,119.57364654541016,332.6662902832031,42.47980499267578,121.17605744018381,337.1745856915764,43.19041935735987,119.52387921340204,332.44925988855226,42.156983201831395,120.32011096495954,334.7379385766014,42.29890400613968,20982400.0,21185300,355881000
2023-07-10,116.31906127929688,327.34906005859375,42.156982421875,118.5086871355719,330.7031716252325,42.787638599844065,116.0901421902162,323.16632530270994,41.6262701482501,118.5086871355719,330.0816741278203,42.633723309603205,32960100.0,32791400,353908000
2023-07-11,117.15509796142578,327.98040771484375,42.38186264038086,117.66766957312922,328.36512559547043,42.734670684336905,115.28396327359579,322.58427205153635,42.04404961503228,116.20957942944025,326.58944439701025,42.45782138833829,18286600.0,26698200,298244000
2023-07-12,119.05609130859375,332.6465148925781,43.878047943115234,120.38977064895514,337.0364047109199,43.91103088418023,118.439011372849,331.13717698244034,42.753661731653004,118.737600153177,332.05461117957884,43.00952257917707,22059600.0,29995300,481277000
2023-07-13,124.24153137207031,338.03277587890625,45.9519157409668,124.74414798012141,339.0981784792485,46.12981621305511,120.48929955905058,334.4419154262678,44.46772535978278,120.9670400962163,334.9746317791757,44.49371214998775,31535900.0,20567200,478204000
2023-07-14,125.10742950439453,340.5779724121094,45.44418716430664,126.49087624165418,346.68438690739697,48.06175733241629,124.31120537283498,339.6605380799491,45.03540997862711,124.5401168682048,342.8962447343513,46.557577615257735,20482800.0,28302200,772075000
2023-07-17,124.47045135498047,341.0613708496094,46.43564987182617,126.67998725250087,342.3043356947929,46.47063062366615,123.91309368476946,337.57904017391905,45.23730653549651,125.46573724803083,341.0120279721599,46.26374664142169,20675300.0,20363900,510488000
2023-07-18,123.49507141113281,354.63555908203125,47.46808624267578,124.40077759573606,361.82712581899557,47.86986733415163,122.71874965477905,337.5494653799333,45.709048195215274,124.31617920879273,341.1600154859038,46.675519644053644,21071200.0,64872700,569164000
2023-07-19,122.2011947631836,350.2850646972656,47.05131530761719,124.87851611457583,357.56541162077775,47.791912159998795,121.89265858130986,347.6807303302268,46.71649899256564,124.20172143663174,356.8650077338188,47.43810520447181,22313800.0,39732900,427502000
2023-07-20,118.96652221679688,342.1859436035156,45.49515914916992,124.11214848892867,353.13605781346064,47.061305343359635,118.12550441772859,340.70619925367106,45.03740890727205,121.54431664214903,348.79548040834504,46.48162003261086,27541700.0,33778400,537865000
2023-07-21,119.74284362792969,339.1277770996094,44.284820556640625,120.72818213149837,345.56959587744933,45.84097398700811,118.50869124397666,335.2409797862232,44.07593496513591,120.30020889280264,344.43513130446024,45.7630136202291,56498100.0,69368900,963769000
2023-07-24,121.30543518066406,340.4496765136719,44.5876579284668,122.76850657721761,342.2352622665316,45.08438839809802,120.80779226175079,337.68749929823326,44.01597143107396,121.35122355348278,341.1797041463386,44.70659248014653,22276100.0,26678100,382516000
2023-07-25,122.21115112304688,346.2405090332031,45.65407943725586,123.10690991179244,347.13822434840125,46.15780227032599,120.95708881880307,340.41031183591446,44.89849137503462,121.30543734958512,342.4227427678616,44.916483110194,31820800.0,41637700,348081000
2023-07-26,129.04876708984375,333.2088317871094,45.42720413208008,130.75069739047112,340.01568008356725,46.027878005743126,128.10324856873333,328.611755590644,44.60565396264289,129.7454641481958,336.82928631733375,45.99589396822997,46216900.0,58383700,364237000
2023-07-27,129.25778198242188,326.2540283203125,45.874961853027344,132.97020952527186,336.7207386752654,47.369145223192646,128.57103224428454,324.6065664004519,45.72504215697437,131.17869177075232,335.8822409797451,46.49362365353158,35931600.0,39635300,455976000
2023-07-28,132.38296508789062,333.80078125,46.72449493408203,133.43798084303444,335.41864979274794,47.00134424016971,130.30282131178834,328.6710180456,46.35569676531063,130.35258864152686,329.16426624441624,46.64253893821814,26971000.0,28484900,331194000
2023-07-31,132.4824981689453,331.3838195800781,46.70349884033203,133.1991051854434,333.1397816268532,47.1042809800561,131.5071223024894,328.85836158947654,46.48062096434278,132.38296351065412,332.3703157885018,46.728486722217035,18381900.0,25446000,251055000
2023-08-01,131.26824951171875,331.7981262207031,46.481624603271484,132.29339271729313,333.96842988932275,46.87441172832599,130.13362425570162,329.1937919238342,46.00188696062389,130.23812501712436,330.6636616188916,46.434649363103794,22154300.0,18311900,237858000
2023-08-02,128.0335693359375,323.0775451660156,44.244842529296875,129.8051769090741,329.1247724313431,45.814984349202334,127.24729261428382,321.9529249093119,43.363323884808985,129.22790930176964,329.1247724313431,45.80599038921623,22705800.0,27761300,530142000
2023-08-03,128.1629638671875,322.2488708496094,44.4907112121582,129.15824972270406,325.42539000063243,45.093382845124545,127.17265170731427,321.5484669368351,43.776101176403955,127.76484041286672,321.597779707483,43.776101176403955,15018100.0,18253700,324176000
2023-08-04,127.93405151367188,323.3537292480469,44.65562057495117,131.30807033426711,330.61435706998384,45.61709364469408,127.71012128321605,322.82101286060225,44.36877842760478,128.98906739563424,327.39836976439574,44.960454456109325,20509500.0,23727700,362666000
2023-08-07,131.31802368164062,325.6522521972656,45.3922233581543,131.43745312948764,326.638748415641,45.51515735566512,128.81984636055205,323.09723060433043,44.538689151581146,128.8994710547359,323.9357584110446,45.086390535169315,17621000.0,17741500,322154000
2023-08-08,131.21849060058594,321.6470947265625,44.6396369934082,131.31802526623122,324.31064668065517,45.21732080653418,129.516560200799,318.6382931645677,44.03196695287684,130.3625441113529,322.54480993915706,44.82853306928863,16836000.0,22327600,353843000
2023-08-09,129.5364532470703,317.87872314453125,42.530784606933594,131.8455238147228,322.69279994467314,44.287824912823,128.8945047788988,316.7146345953678,42.111011764378375,131.566844978883,322.06145794853927,44.24984363147646,17745200.0,22373300,586449000
2023-08-10,129.59617614746094,318.5692443847656,42.36487579345703,132.02168422066035,323.8272865467836,43.550229596888094,129.42199808776857,316.842875851902,41.81217607853569,131.34787376182086,321.6175143529931,42.13699953791343,17855700.0,20113700,492705000
2023-08-11,129.5563507080078,316.6752014160156,40.83271026611328,129.82508212621227,318.0562902782417,41.995077780865394,128.14304669503673,314.8994899313142,40.61682850581949,128.59291174561892,315.9353291570932,41.72822134358296,15191500.0,24342600,533085000
2023-08-14,131.20855712890625,319.6642761230469,43.7291259765625,131.28818183249845,319.68399521148456,43.77610121709491,128.97911098890287,315.75772901793835,40.28900646052013,129.23789507229236,317.05006689482826,40.4639102150388,17526200.0,18836100,690286000
2023-08-15,129.65589904785156,317.513671875,43.91602325439453,131.3677920187556,320.7000656335948,45.24330157403039,129.20702109553514,316.5666438946888,43.68614920885437,130.9696685447909,318.63829206231935,44.535687703362775,14769200.0,16966300,676512000
2023-08-16,128.5013427734375,316.7425842285156,43.46227264404297,130.28090809159713,320.7167146880456,44.65062306232533,127.8544131157973,316.1494272765782,43.38231446466475,128.6705395271764,317.13801214006867,44.49570885554983,17548400.0,20698900,527451000
2023-08-17,129.84500122070312,313.2627868652344,43.32034683227539,131.86641746660837,318.19581584517493,44.03795349007865,129.2378762328174,312.6004217100495,42.97753170604989,129.83503864241928,316.8810112071374,43.94600464449855,23665600.0,21257200,452395000
2023-08-18,127.50607299804688,312.8673400878906,43.27537536621094,129.21796590382195,314.74564524442695,43.55422246965972,126.40130507846943,307.9935939126714,41.63726968400494,128.45159153409708,310.90003574711136,42.611736188017545,23619400.0,24744800,583768000
2023-08-21,128.3222198486328,318.2057189941406,46.941375732421875,128.65066605913978,319.08554388527233,47.03932184051733,126.56057451981297,313.42097159988043,44.197874362477556,127.24731671318328,314.30079649101214,44.46972532960602,21851100.0,24040000,692573000
2023-08-22,129.07861328125,318.779052734375,45.64308166503906,130.33266787777032,322.357724957099,48.16070824217046,128.31722027856705,317.7904679139887,45.30826536444509,128.52125568279652,321.7843590357293,48.108734662611624,15569400.0,16102000,755293000
2023-08-23,132.58204650878906,323.2672119140625,47.090301513671875,133.43799302310862,325.4421104227594,47.1742553295172,129.8947623261838,319.7676134661455,45.183341294545,130.23317108718135,320.1235196626651,45.84098333128326,26497000.0,21166400,779046000
2023-08-24,129.80519104003906,316.31744384765625,47.137264251708984,134.33374512421491,329.1789402935589,50.23857177595236,129.6857615865114,316.30754834662827,47.13326863032971,134.09189440607807,329.0504194570365,50.1885998204007,18680400.0,23281400,1156044000
2023-08-25,130.07391357421875,319.2931823730469,45.992889404296875,130.78055804159237,321.64598924403964,47.77891298286314,127.43639689050404,315.1608742969989,44.999428538775895,129.52650330500572,317.8004094240076,46.98634645720228,20678100.0,21684100,925341000
2023-08-28,131.16873168945312,320.00494384765625,46.809444427490234,132.61190849968008,322.4269587484768,46.9543657684175,130.23317563186578,318.0475348868792,44.863508175320256,131.457373126242,321.9425618021561,46.45663639493685,16715500.0,14808500,685192000
2023-08-29,134.85128784179688,324.6611633300781,48.757381439208984,136.64777154543356,325.2246639510212,49.05422026588247,132.35311059131993,318.20570528498234,46.36568562252749,132.37103108273348,318.20570528498234,46.64053709400586,30803300.0,19284600,701397000
2023-08-30,136.2845001220703,325.03680419921875,49.237117767333984,136.60299892108665,326.0451498323158,49.89975418473673,134.38450261361442,322.72351939208045,48.39857488779277,134.9309257868267,324.9181788505266,49.01723659596874,21773400.0,15222100,735206000
2023-08-31,136.7025146484375,324.01861572265625,49.32807159423828,137.74755261910067,327.1326523087655,49.71685929593791,136.17501437416826,323.0497916021966,48.93128883683363,136.40392586245238,325.44218047674366,49.353059479355466,28147900.0,26411000,528570000
2023-09-01,136.1551055908203,324.9083251953125,48.4825325012207,137.92671316640642,328.20029972236824,49.77282850136187,135.2991591632001,323.0497807085255,48.115732155842714,137.77741117868558,327.52806921372286,49.73485103360682,16665700.0,14931200,463830000
2023-09-05,136.06553649902344,329.742431640625,48.52151107788086,136.72241362411103,331.0276099185002,48.82434715495617,134.92094864878234,324.9082678960457,47.83388674600478,135.79680506470848,325.2443830910927,48.19668764519063,17730200.0,18553900,382653000
2023-09-06,134.7318572998047,329.0801696777344,47.03919982910156,136.8319113102247,330.6421206560539,48.526509476419605,134.05507012788405,326.41097819074616,46.55842365882449,136.36910697764438,329.57446216279004,48.418561612125444,15814300.0,17535800,468670000
2023-09-07,135.55792236328125,326.14404296875,46.219581604003906,135.93613582551458,329.27784015884396,46.322534533431615,133.32849190006834,325.27408344304047,45.131085343555235,133.96547420196575,327.5082949368657,45.50391366248569,16976000.0,18381000,433330000
2023-09-08,136.55323791503906,330.4542236328125,45.55088806152344,136.86675543895996,332.3226633487049,46.584409473307375,135.2295056956283,325.69913325335335,45.250028806839694,135.2295056956283,326.32194649198414,45.92071940996517,17810700.0,19530100,473069000
2023-09-11,137.09066772460938,334.0823974609375,45.15707015991211,137.61219953463367,334.556929093658,46.14161060053682,135.90627522584188,331.60103960424,44.29147025437245,136.7323642391575,333.3903759343724,46.12661816019719,17180800.0,16583300,473966000
2023-09-12,135.42857360839844,327.9828186035156,44.849212646484375,136.9911647346782,332.94553436993846,45.65184205526837,135.2892189887063,327.6961506893259,44.51036898860746,136.48357434082791,331.98660575990687,44.71727382674797,15212900.0,17565500,349256000
2023-09-13,136.851806640625,332.22381591796875,45.46392822265625,137.05086077654903,333.0048063818992,45.90872175707665,134.293914674087,327.38965178199726,44.482380908447524,135.2593431795185,327.52803797035625,44.57933609209525,16394900.0,16544400,398355000
2023-09-14,138.33477783203125,334.83367919921875,45.55988693237305,138.89213544619693,336.9689957887937,45.965697093021376,136.41386835443595,332.7279887772519,45.110094621925995,137.73760028150744,335.2785242515413,45.92871548306057,19064600.0,20267000,370097000
2023-09-15,137.64804077148438,326.4505310058594,43.87966537475586,138.70304137845025,333.5485638717136,45.57787583202591,136.53331025452835,325.88703033061086,43.78770512533303,138.14568371340093,333.074062392952,45.319995927008314,48947600.0,37666900,506831000
2023-09-18,138.304931640625,325.30377197265625,43.94562911987305,139.27034496584977,326.62847222908215,44.22150221868088,136.98119960666872,322.6345804518513,41.980540410534175,136.98119960666872,324.0581452403847,42.72819494263605,16233600.0,16834200,500271000
2023-09-19,138.175537109375,324.8984069824219,43.49983596801758,138.51891194439125,325.6299802911353,43.94562846497067,136.85180509944482,320.8056813654168,42.98207442166159,137.5982694908963,322.44673584714667,43.81269066855042,15479100.0,16505900,373064000
2023-09-20,133.9555206298828,317.10833740234375,42.21943283081055,138.18548554679785,325.82766263304757,43.88266351133672,133.88585851665223,316.85132586781475,42.203441401322486,138.17553815543835,325.74858912301113,43.579802461208814,21473500.0,21436500,367108000
2023-09-21,130.7407684326172,315.88250732421875,40.99799346923828,132.56214361923037,321.6360782353787,42.080491854886056,130.4720369626293,311.40421928226147,40.96101186346446,131.76591178877,315.6156002828941,41.563733109931555,22042700.0,35529500,450736000
2023-09-22,130.6312713623047,313.39129638671875,41.59071731567383,132.38296903863727,317.78061558235316,42.09548435148274,129.89475434602193,312.54109771841047,41.21189133870758,131.05923699974304,317.6520947233704,41.552732912761606,17348700.0,21447900,479236000
2023-09-25,131.5469207763672,313.9152526855469,42.20243453979492,131.59668810313792,314.04377354761226,42.51628820929066,129.41700979754037,311.404238631424,41.15791680778017,130.15352674792194,312.9760849775433,41.5717264252529,14650000.0,17836000,419091000
2023-09-26,128.83975219726562,308.57684326171875,41.89158248901367,130.78553788592035,312.27414039183174,42.800161757936735,127.58569747453306,306.4810183520329,41.6357005718536,130.2968551990528,311.53270186557626,41.98154094572675,20378800.0,26297600,402282000
2023-09-27,130.84027099609375,309.2194519042969,42.44832992553711,131.09903982307208,310.7121944558891,42.85214595930491,128.77007481970136,306.1548329521496,41.60972161036604,128.82978953463055,308.7350248311766,42.31039716357095,18764200.0,19410100,444935000
2023-09-28,132.50241088867188,310.05975341796875,43.06903839111328,133.54744888814088,311.8787458429494,43.42587144415849,130.07391096977557,305.9175806621763,42.095490602814664,130.07391096977557,307.43997954346224,42.440328178113646,18201400.0,19683600,424663000
2023-09-29,131.2284393310547,312.14569091796875,43.478851318359375,134.2541014929729,315.8232280557425,44.12355300458746,130.70093906988754,311.3844913845662,43.28693891278796,133.44792242163658,314.1228607733478,43.80669850043533,23224200.0,24140300,397830000
2023-10-02,134.5327911376953,318.1265869140625,44.761253356933594,134.72189788558038,318.21558609786393,45.154069017187716,131.44243271973966,311.58216015238867,43.840678635675474,131.5320048044671,312.66960950158256,44.009599054426594,19210400.0,20570000,433298000
2023-10-03,132.67160034179688,309.8126220703125,43.49683380126953,134.60245722608684,317.7213009072656,45.109089160595936,132.1888861207244,307.657484158639,43.22595946616348,134.29390587074533,317.1676656330005,44.78723595609942,19628700.0,21033500,470850000
2023-10-04,135.6276092529297,315.31903076171875,44.02060317993164,135.9261980501909,316.38671934680445,44.122557129199414,132.8009858506282,310.4156581127954,43.27194952336519,133.02991253441417,310.4453144529802,43.72174187256945,22848000.0,20720100,361821000
2023-10-05,135.34893798828125,315.7144470214844,44.66729736328125,135.85652834118827,316.3273949780159,44.879200950918715,133.82117045329818,311.30536698470246,43.867668737435245,135.48827740987483,315.4475399696837,44.02959243795168,15922900.0,16965600,393483000
2023-10-06,138.07601928710938,323.5242614746094,45.74079895019531,138.52987856158327,325.4322228400408,45.767786867817584,134.30389211785717,312.6893506739022,44.005603198940975,134.30389211785717,312.93649686639475,44.17252564280475,20819300.0,25645500,434436000
2023-10-09,138.8423614501953,326.0550537109375,45.25202178955078,139.3101469653702,326.5295551178962,45.583868691074,136.05555832636873,319.49083600200555,44.34744233696588,137.33948544226755,321.0429214154338,44.82122173529832,16599100.0,19891200,409675000
2023-10-10,138.54380798339844,324.64141845703125,45.77678298950195,140.0765569260567,327.3204751601556,46.23756795276768,137.7774335120693,323.92963610326484,45.06711283415853,138.85234421310184,327.1820587892371,45.289010107776726,19554900.0,20557100,368582000
2023-10-11,141.031982421875,328.6253967285156,46.78432083129883,141.54953524468698,329.020824643838,46.83729768668541,139.18075038917712,325.3828395521265,46.028670465862824,139.19071296588902,327.42918731045415,46.17460275218862,20146300.0,20063200,378137000
2023-10-12,139.62863159179688,327.3797607421875,46.923248291015625,141.70879035736306,329.82156651499986,47.58694209872688,138.7925952042081,324.9676113079431,46.30853537914647,141.48982627677714,326.7964993042076,46.75532686388765,18173100.0,19313100,481325000
2023-10-13,137.92672729492188,323.98895263671875,45.439937591552734,140.67371102020667,330.019296623983,47.09417346423808,137.3196022644556,322.6345659293272,45.25902168835329,139.98696129217092,328.5858665652145,46.93824369140591,19438700.0,21072400,474115000
2023-10-16,139.8277130126953,328.8428955078125,46.07364273071289,140.24074995373522,332.3029426566613,46.2035797488567,138.6632304032856,326.82617386510276,44.89118841251042,139.0712860553355,327.2710189684246,45.04211942155451,17345600.0,22158000,375099000
2023-10-17,140.32534790039062,328.26953125,43.91764450073242,140.5841167364959,329.65354421009977,44.73326836237256,137.87595104832158,323.67261705395947,42.46031976761086,139.369866867257,325.8277251039162,43.97961605242817,17424000.0,18338500,812333000
2023-10-18,138.62342834472656,326.34173583984375,42.17645263671875,141.32065999899146,331.759191769858,43.19898137436451,138.05114195075987,324.55239964479256,41.80562611222444,140.08649993196647,328.6945726494821,42.57127011789517,18304900.0,23153600,627294000
2023-10-19,138.3248291015625,327.5379333496094,42.08149719238281,140.34029214619687,333.0344625947889,43.27694225554759,137.94663078943668,327.1326099487148,41.86259688147746,139.14097082318807,328.35844548463956,42.79116734856338,21831200.0,25052100,501233000
2023-10-20,136.09539794921875,322.9410400390625,41.367828369140625,138.38454334477072,328.13111072358873,42.450326848741874,135.60272110702797,321.73496526369917,41.0589695927208,137.9366677320261,327.9333816774439,41.870593705500575,24953900.0,25012600,477266000
2023-10-23,137.24990844726562,325.560791015625,42.9550895690918,138.3646388922732,328.9318691915997,43.22796572045594,134.47306769281525,320.68707463176605,40.92603122154225,135.58778295096647,321.7547330640911,41.20990005021661,20780700.0,24374700,478530000
2023-10-24,139.45945739746094,326.7569580078125,43.64276885986328,140.04668762868056,328.0520017824309,43.67675350399577,138.09592055519693,323.86041156041205,42.67122288444641,138.50399142474643,327.5181575017648,43.05704182148603,26535200.0,31153600,401463000
2023-10-25,126.0728530883789,336.78118896484375,41.759639739990234,129.48669135061922,342.24806157017446,43.629774950649335,125.49558548993762,333.765987296064,41.53574451341277,129.15824520735833,341.08150860571766,43.37788900782008,58796100.0,55053800,398379000
2023-10-26,122.85808563232422,324.1470947265625,40.30731964111328,124.86855967349787,337.7302406507204,42.23642589504536,121.74336276593957,323.20792706940125,39.86152709976489,123.883228825173,336.6526868052071,41.833612702341114,33907400.0,37828500,541001000
2023-10-27,122.81827545166016,326.0451965332031,40.481239318847656,123.85337364723375,332.876322086507,41.18691356194545,120.88741847208745,324.65128814798715,39.99646337372596,123.44530280374534,326.6581143687127,41.11094855365019,37367700.0,29856500,416784000
2023-10-30,125.15719604492188,333.4595642089844,41.14193344116211,125.95342776488519,335.5751503381647,41.746652746404344,123.29600876572896,328.04210819348634,40.462248113483334,123.87327638303094,329.60408920215934,41.0679702193919,24165600.0,22828100,388028000
2023-10-31,124.70932006835938,334.25042724609375,40.761104583740234,125.96337477235224,335.1302822914459,40.8600615518642,123.34080202432419,330.8694837708354,39.211823492574105,125.67474096458068,334.98200058976215,40.43125946211653,21123400.0,20265300,517969000
2023-11-01,126.96862030029297,342.1195983886719,42.305397033691406,127.13781707865934,343.45419409526926,42.361370852066266,124.33609247029821,335.77286978156485,40.85007013008419,124.74912943118413,335.91128615477885,40.86506257244454,26536600.0,28158800,437593000
2023-11-02,127.97386932373047,344.3439025878906,43.485843658447266,129.47674564155224,344.8480603761851,43.86366687925398,127.50608371209792,340.83440806099617,42.874127693562194,128.94924530279357,343.2762139918915,43.307924724858786,24091700.0,24348100,409172000
2023-11-03,129.75540161132812,348.7727355957031,44.98414993286133,130.1137050977592,350.34461211282445,45.28800612867796,128.4018123500169,343.36517506433484,43.70274239785865,128.48143703443003,345.6389384028993,43.99960568025811,19517900.0,23624000,424610000
2023-11-06,130.830322265625,352.46014404296875,45.729801177978516,130.93980431686748,353.4586243635472,45.91371784511654,129.31748351759907,349.31645156155355,44.87819475411046,129.606124919446,349.4153160772212,45.264017491010264,15360400.0,23828300,400733000
2023-11-07,131.77584838867188,356.4145202636719,45.933712005615234,132.65170484912954,358.3224819200667,46.19658683928955,130.52179360953656,353.54763002740117,45.137080351571434,131.3578301289601,355.29741447617323,45.69782127762116,19223800.0,25833900,343165000
2023-11-08,132.6317901611328,359.0540466308594,46.552425384521484,132.91046899102855,359.7163816170377,46.84528891690733,131.5369848113588,356.4342725186346,45.946703314492126,131.73603894887614,357.55137827923454,46.07864213351029,15093600.0,26767800,346719000
2023-11-09,131.06919860839844,356.5726623535156,46.928245544433594,133.32850178489792,360.62586616316025,48.207651210787375,130.89003925468984,356.2464124670446,46.728337455833405,132.73132418834552,358.1642694379123,47.445004273987976,17976500.0,24847300,540496000
2023-11-10,133.4280242919922,365.4501647949219,48.31260299682617,133.63704101159271,365.8752490282028,48.44954055480649,130.2530598656544,356.9483292832311,47.26109230316845,130.9099521994189,357.36351801413326,47.47799081031637,20872900.0,28042100,421245000
2023-11-13,133.010009765625,362.4942932128906,48.59747314453125,133.4777953630591,364.2638685791425,49.0932455425318,132.14411587486134,361.7231982203745,48.07671461686158,132.73133092292272,364.0167223614231,48.29761289799248,16409900.0,19986500,384136000
2023-11-14,134.79156494140625,366.0433044433594,49.632991790771484,136.59304521470958,367.70414993309754,49.81091072360735,134.46313395203288,363.15665355329156,49.0172798779873,135.01052905889378,366.77487775321134,49.656982745411305,22317300.0,27683900,416954000
2023-11-15,135.7371063232422,366.19189453125,48.8653564453125,136.19492936775208,369.6193319212851,49.93685851102542,134.6920530106349,363.65595302337914,48.17767538907534,135.99587520984088,367.78673199342217,49.911872378334216,15840900.0,26860100,475497000
2023-11-16,138.04615783691406,372.6307678222656,49.45708084106445,138.22531720457332,372.8090670130161,49.50206198018349,135.4385135150892,366.6971049772861,48.30761579872143,136.31437000840492,367.4697650343208,48.656453168876766,17615100.0,27182300,339756000
2023-11-17,136.29444885253906,366.3702392578125,49.27516555786133,137.34944944008024,370.84770155077825,49.69397019639206,134.84132480668052,363.5470476915022,48.98429998268991,137.1703052739802,370.0948424049753,49.501058800683616,25565300.0,40157000,325205000
2023-11-20,137.26983642578125,373.8888244628906,50.385650634765625,137.77246069041456,375.305362924845,50.52458618809572,134.85129885654683,367.5094133597198,49.15821881141774,134.86124624877957,367.7273446792859,49.28915864996291,19569400.0,52465100,414120000
2023-11-21,137.96653747558594,369.5599365234375,49.920860290527344,138.30991235310645,372.6802933507884,50.4935928571012,137.05585748750462,367.62827122388927,49.19919468409959,137.2897502999192,372.13548017935176,50.10277517356445,17648100.0,28423100,565747000
2023-11-22,139.35992431640625,374.29498291015625,48.69343185424805,140.43483482094024,376.21673272866195,50.311681331872194,138.34472853098143,371.4420747164796,47.667906173948076,138.44426318740094,374.4435655805661,49.82890718697637,17306400.0,23345300,899420000
2023-11-24,137.56842041015625,373.87884521484375,47.75387191772461,139.01855271753246,374.4137729500515,48.89834203008512,136.82195597377654,371.6104130365719,47.7228842326847,138.8821899210185,373.77978004455406,48.44755071235246,8828600.0,10176600,294645000
2023-11-27,137.3992156982422,375.04779052734375,48.21964645385742,138.97176917589266,377.05872006421737,48.507511202220556,136.89161019120684,372.6604918874323,47.62991969245519,136.9214827388474,373.23502159050327,47.77784992335502,17886400.0,22179200,395662000
2023-11-28,137.96653747558594,379.09930419921875,47.79884338378906,138.00635741936563,379.39646949829165,48.30061351892133,136.39398380718177,374.60201121374763,47.45100504136806,136.9812140764912,374.7902259799763,48.21365202685113,17046900.0,20453100,401491000
2023-11-29,135.75697326660156,375.2855529785156,48.11770248413086,139.01156199433314,380.68425789892774,48.73941604084302,135.65247251282995,373.88881549531266,47.83783339129859,138.3297936702064,380.1493603159181,48.356594013738764,21014700.0,28963400,382005000
2023-11-30,133.28868103027344,375.3450012207031,46.748329162597656,136.31435856024342,376.51389184921896,48.08770841421174,132.16400314461637,371.9373642934916,46.40049083853704,135.75698571967007,374.92893951997735,48.00174591431098,29913500.0,30554400,526247000
2023-12-01,132.6915283203125,370.9864196777344,46.74333190917969,132.87067249915876,374.6020724832488,47.178131734648986,131.52901988879793,367.81651489373536,46.165600596706255,132.6915283203125,373.2152504766689,46.50344524286752,24258400.0,33020400,369317000
2023-12-04,130.0142059326172,365.6669006347656,45.48891067504883,130.8303324982828,366.0432999492324,46.055649290414806,128.78999330383172,359.4855901354516,44.98914235651732,130.67507724826325,365.6272685167618,46.055649290414806,24117100.0,32063300,437543000
2023-12-05,131.76589965820312,369.01507568359375,46.54852294921875,132.91047236815325,369.5698044164444,46.58250677034524,129.118435520067,362.1800014727598,45.25400705552958,129.75541788842193,363.002209215325,45.448933555568175,19235100.0,23065000,371718000
2023-12-06,130.81039428710938,365.330078125,45.48591613769531,132.68153629188032,370.65946442979055,47.36921155253726,130.6909648610533,364.5673336677576,45.39495069645239,132.27346550371564,370.0255016850389,47.197275238129286,16360600.0,21182100,380590000
2023-12-07,137.7973175048828,367.4598693847656,46.57850646972656,139.3400135494082,367.95516505438763,46.61149502575525,135.58778178936512,362.8734266471938,45.58687833083044,135.95604786652223,364.76545973280383,45.68284295931475,38419400.0,23118900,350823000
2023-12-08,135.995849609375,370.708984375,47.48816680908203,137.3394914993453,370.93680102116286,47.72307920041658,134.9309017122483,364.765436714598,46.53252440936205,135.02047378841806,365.7263114622475,46.57750949930058,22990900.0,20144800,359224000
2023-12-11,134.06500244140625,367.8065490722656,46.6094970703125,134.15457452405195,368.10374460980563,47.51315707527434,132.26353746286546,362.6554922898368,45.81279915946564,133.18916121077544,365.0131044942587,47.47317498768805,24502900.0,27708800,509728000
2023-12-12,133.010009765625,370.8575744628906,47.63910675048828,133.90576101904549,370.8972065792804,47.64810224234859,132.203830600175,366.9744432787704,46.02871160445361,132.64175883495227,367.3607883950642,46.02871160445361,26584000.0,24838300,372387000
2023-12-13,133.33843994140625,370.8476867675781,48.069950103759766,134.14461901011666,374.086939898613,48.57576068141439,132.3232441723217,367.28155178547297,47.59013074248943,133.9107262394662,372.48215648382853,47.611122768046286,25414500.0,30955500,447792000
2023-12-14,132.5720672607422,362.4870910644531,48.331851959228516,134.39842340990367,370.24343838413614,48.651731553134205,130.4421562282918,360.70403869901645,47.40420266220824,134.13467327691998,369.79766017755225,48.37183786178311,29619100.0,43277500,391232000
2023-12-15,133.2090606689453,367.2419738769531,48.87165069580078,134.19439917320338,368.8962446456856,49.385457727675515,132.00477323948746,362.83382989546425,48.10193922357277,132.2933994670953,363.3984742691784,48.17591276271675,58569400.0,78478200,479948000
2023-12-18,136.5432586669922,369.14385986328125,50.05820083618164,137.72765117577347,369.4905728812435,50.414066187630915,133.1393831198481,365.2112110016812,49.13155069141953,133.22895519525449,365.9739856872879,49.381456841806674,25699800.0,21802900,412587000
2023-12-19,137.448974609375,369.7481384277344,49.58537673950195,138.11581427079156,369.7481384277344,49.68134136834579,136.8020297293576,366.3603026960237,48.87664329291069,137.34943995495507,367.9947723838569,49.40544401373602,20661000.0,20603700,464444000
2023-12-20,139.00161743164062,367.1329650878906,48.092933654785156,142.4035035415894,372.4920679743351,49.98022517040364,138.75279598350446,367.0438154931247,48.07993804838336,139.6684570902229,371.47176008252643,49.636352578237826,33507300.0,26316700,397894000
2023-12-21,141.1315460205078,370.0254821777344,48.97161102294922,141.36045752902064,370.8872917707244,49.076571148767,139.81080573991832,366.5584126323143,48.40082241502789,140.10640274129122,369.0546918220557,48.79267736467951,18101500.0,17708000,300425000
2023-12-22,142.0471954345703,371.0556945800781,48.81167221069336,142.57469571160888,371.6500554361655,49.36446221767303,141.3853218503619,369.20329359245756,48.44880569619553,141.45998043739252,370.16416841117154,49.17653306295307,18494700.0,17091100,252507000
2023-12-26,142.146728515625,371.1349792480469,49.260498046875,143.26642506638242,373.3935264411523,49.581376676631486,141.82822976260738,369.9858895911405,48.94161756801922,142.3059627052774,371.4717766979323,48.949613984887115,11170100.0,12673100,244200000
2023-12-27,140.77325439453125,370.5505065917969,49.39844512939453,142.6443969359828,371.53118233613856,49.66134686842167,140.38608060750633,369.3023518404904,49.06656905386932,142.1567013282817,370.17407704899347,49.49241160440478,17288400.0,14905400,233648000
2023-12-28,140.61399841308594,371.74908447265625,49.50341033935547,141.59933697514373,372.91797489669426,49.86527396770583,140.16413329255334,370.6396271054035,49.39345101981501,141.18131869674727,371.83823405783414,49.62436711615611,12192500.0,14327000,246587000
2023-12-29,140.26564025878906,372.5019836425781,49.50341033935547,140.7682645183707,373.61144112939365,49.978234327074226,139.24049695536024,369.96607217829995,48.732699840316755,140.016818773746,372.46235152363494,49.79430147307111,14872700.0,18723000,389293000
2024-01-02,138.902099609375,367.3805847167969,48.14991760253906,139.95213414491474,372.3632576668665,49.27649344260116,137.0906871446073,363.3191544056819,47.57713465197093,138.9419195505414,370.3424429826701,49.22551389912714,20071900.0,25258600,411254000
2024-01-03,139.6983184814453,367.1131591796875,47.55113983154297,140.4248728786553,369.7481357898977,48.16590678620074,137.7774089492218,365.04282689247566,47.302232772788166,137.94662090327196,365.5381225658885,47.46717173653147,18974300.0,23083500,320896000
2024-01-04,137.38925170898438,364.4781799316406,47.979984283447266,139.97201969823868,369.5896348719219,48.48179475152094,137.3593943485074,363.71543548306664,47.49016653492504,139.19073184994926,367.1825051718643,47.74906818641796,18253300.0,20901500,306535000
2024-01-05,136.74232482910156,364.2899475097656,49.07856750488281,138.15562893957002,368.5593935584056,49.52839932284036,136.2048771424727,363.0517083951845,48.28786410604074,137.69979542310543,365.4984700948147,48.44380758245641,15433200.0,20987000,415039000
2024-01-08,139.86752319335938,371.1646728515625,52.23338317871094,139.9770052473925,371.66988411040546,52.2553780928012,137.23002169191204,365.53812127674354,49.46042624518818,137.34945113745462,365.8253710003868,49.493414803058315,17645300.0,23134000,642510000
2024-01-09,141.887939453125,372.25433349609375,53.120052337646484,142.1268135094218,372.4524336286839,54.304608899415356,139.13099356909962,367.6976072202341,51.670595858503674,139.3997249840765,368.509899386066,52.38133132087113,19579700.0,20830000,773100000
2024-01-10,143.1221160888672,379.1686096191406,54.329593658447266,143.8436892574364,380.5554615818058,54.57949980004687,141.78843662182845,372.77931406448965,53.468916845765996,141.8481513461947,372.828831535822,53.595871880743346,16641900.0,25514200,533796000
2024-01-11,142.99273681640625,381.01116943359375,54.801422119140625,145.96864740325577,387.00423522356067,55.32522751933409,141.54459387391984,376.8011560453087,53.53989856479592,144.21196823278393,382.3682747948277,54.97835763768243,17471100.0,27850800,596759000
2024-01-12,143.56002807617188,384.8150329589844,54.689456939697266,144.05767097207072,385.0230486833725,54.94936145206347,142.68417171959598,381.03096664819185,54.30960236510811,143.65954754323806,381.8630597761942,54.59949057976511,13995200.0,21645700,352994000
2024-01-16,143.40078735351562,386.59808349609375,56.360836029052734,145.15248498546094,390.32271672497956,56.813665103138256,142.38161257583326,383.9730224089054,54.879393878712925,142.7538424377146,389.9562027545636,54.99734961591672,19198900.0,27202300,449580000
2024-01-17,142.21640014648438,385.8056335449219,56.031959533691406,142.7339530613565,386.4395963207224,56.44980188752581,139.84761486962495,381.1894739959276,54.71945269845349,142.23631011659492,384.32966203351646,56.325847887071866,17884500.0,22234100,474394000
2024-01-18,144.30650329589844,390.1642150878906,57.085567474365234,144.89869960159834,390.2830812145117,57.57838249308432,142.67423508180605,386.4494974787357,56.08594275182373,142.76380716497314,388.0344497047316,57.238509934889585,18876800.0,23392100,491650000
2024-01-19,147.27244567871094,394.9190368652344,59.46866989135742,147.34210778973952,394.9190368652344,59.47766538428564,145.1126772471203,389.79766667261197,57.203517829580356,145.61528626488587,392.0364126276258,57.967230984594906,27170900.0,29272000,543501000
2024-01-22,147.01368713378906,392.7794189453125,59.63160705566406,149.3078138461343,396.8507352261163,60.3083548831195,146.88429510685154,389.8868786582818,59.04782663734,148.00897303488966,396.2563743199646,60.0264592424289,21829200.0,27016900,452955000
2024-01-23,147.97909545898438,395.1468811035156,59.850528717041016,148.15825481226227,395.6223758316309,59.88751357892662,146.49612923631082,390.22364091426874,58.56301013401379,147.02362953102596,392.02652441578425,59.54764104000483,14113600.0,20525900,294654000
2024-01-24,149.64125061035156,398.7724304199219,61.338966369628906,150.85550070014855,401.8135529594447,62.82540771389363,149.13364504963698,396.6822972921996,59.91550110281905,149.58152069561095,397.7620381791371,60.28136484798457,19245000.0,24867000,560271000
2024-01-25,152.9157257080078,401.0606689453125,61.593868255615234,154.03044106087503,403.18054870129856,62.69545573126452,150.50713564235818,398.7426890803626,60.8271540987025,151.02468856484268,400.5158558576053,62.326590967001806,21495100.0,21021200,482777000
2024-01-26,153.0650177001953,400.12957763671875,61.00809097290039,153.3835164900002,402.3485229332517,61.759811433716834,152.07969434131007,398.64369053415635,60.550266507965134,152.14935645979352,400.5654402719064,60.93711847607482,19494500.0,17803300,390309000
2024-01-29,154.1100616455078,405.8650817871094,62.44154739379883,154.46836516892455,406.1226452071924,62.46553664404452,152.19911458290434,400.52577999660826,60.88413369401423,152.9157216297378,402.23951388406,61.20900862072411,20909300.0,24510200,348733000
2024-01-30,152.32850646972656,404.7456970214844,62.750431060791016,154.3091156448154,409.1637257700459,63.46916289646236,152.05479374151358,402.6258473520781,62.23662409247559,153.28397240673996,408.38118040629575,62.876387020851176,26578900.0,33477600,410735000
2024-01-31,141.1315460205078,393.8393249511719,61.50390625,144.90367296245176,411.41243736511643,62.24562831970366,140.8827245413415,393.47281096125835,60.6772170002544,144.70461881649027,403.1310773427729,61.41693710561366,43908600.0,47871100,453795000
2024-02-01,142.03724670410156,399.98101806640625,63.00334167480469,143.9382310869859,404.1613152321926,63.167281577618986,141.5893559335678,398.01963609481663,61.626859664228725,143.01262255984318,398.0493526293656,62.07668769492248,25526900.0,30657700,369146000
2024-02-02,142.86331176757812,407.3509826660156,66.13516998291016,143.2017204690765,408.7675210638453,66.57499963939881,137.5186320789854,399.7630491761005,63.66609208338151,140.2258105698391,400.0106970175581,63.94998587832111,42116900.0,28245000,476578000
2024-02-05,144.2467803955078,401.8333435058594,69.30597686767578,145.97858335516779,407.2915110892072,69.47091584987561,143.2315996965748,400.1889583664192,67.17977633836104,143.36097653848321,406.0433564125419,68.19939012424172,29254400.0,25352300,680078000
2024-02-06,144.7245330810547,401.6748962402344,68.19739532470703,146.04826521191697,404.1315737898632,69.72781896754408,143.8387291964155,399.1191837351809,66.27512050871108,145.27194338883356,402.06124139601184,69.60386495591794,21517700.0,18382600,683111000
2024-02-07,145.98851013183594,410.15435791015625,70.07267761230469,146.30700886940565,410.4020057606588,70.1936343745623,144.52545401504912,403.5669311328783,67.57461541049389,145.43115252794465,403.60656325348486,68.29334720317483,21436100.0,22340500,495575000
2024-02-08,146.52597045898438,410.2137756347656,69.61485290527344,146.9141312970011,411.65014520614363,70.76741990227906,145.72973881547807,408.6486545795197,69.42892572649546,146.2771490195671,410.1543425713037,70.04768899799114,18241300.0,21225300,414422000
2024-02-09,149.51185607910156,416.5931701660156,72.1059341430664,149.98462297837207,416.8606491715924,72.15790895507466,146.73499978408023,411.18454998916735,70.18564978274989,147.25255272851453,411.34304822902254,70.50652846806685,21877700.0,22032800,436637000
2024-02-12,148.0288848876953,411.35296630859375,72.22087860107422,149.88011748468378,416.78138746189904,74.5829904741092,147.85968808742092,410.847755055397,71.22325216031359,148.83506413065072,416.6030882773996,72.57274383383451,17236100.0,21202900,613710000
2024-02-13,145.6799774169922,402.4971008300781,72.1009292602539,147.34210287749787,406.21181854248556,73.42243172037925,144.42592277857784,399.5946753127585,69.5938748865512,145.3814038270288,401.13007987504017,70.37358093821054,18138500.0,27824900,602580000
2024-02-14,146.44635009765625,406.3873596191406,73.87226867675781,147.1330997206111,406.73471379055,74.20814111994534,144.86881544298058,401.50465451788693,71.91100698040367,146.67526157635592,404.97813565927675,73.17453257134588,16651800.0,20401200,504917000
2024-02-15,143.26145935058594,403.4795837402344,72.6307144165039,144.07758591691123,406.03011869599004,73.94722123185431,141.21117276244362,401.22679392364836,72.37281568709578,143.77901228707154,405.0476293953427,73.84126585429142,26724300.0,21825500,420122000
2024-02-16,141.0917205810547,400.99847412109375,72.58573913574219,143.79889938383792,405.1964347241774,74.37406898709354,140.85286168995205,400.3831766468154,72.47378167003887,143.53018313134746,404.8689181418361,74.07218040927339,21849700.0,22281100,495327000
2024-02-20,141.52963256835938,399.7381286621094,69.4259262084961,142.65330800872974,401.4252298435828,71.92898383060526,140.13623857384684,394.9943472213883,67.70856895062664,140.2755779732981,400.18470090734456,71.91998452531317,18625600.0,24307900,704833000
2024-02-21,143.1619110107422,399.13275146484375,67.4466781616211,143.30125042031312,399.24193376469594,68.86214710879592,141.24101663688162,394.21034092041026,66.22313849991595,141.9675710448689,397.1380014467668,67.9804743369606,16499600.0,18631100,690298000
2024-02-22,144.63494873046875,408.531005859375,78.50852966308594,145.5107899618142,409.70205797134184,78.54551071436401,143.33111149451477,405.4743557171247,74.19214925252712,145.43116527044518,407.08207646174907,74.99684747143891,23024700.0,27009900,865100000
2024-02-23,144.60507202148438,407.2309265136719,78.78740692138672,145.26694560519326,412.7090915973696,82.36305967089498,144.10742910489103,405.87131159465224,77.54087350099768,144.28658845203006,412.5205590554713,80.759665666911,14519400.0,16295900,829388000
2024-02-26,138.09591674804688,404.4521789550781,79.06231689453125,143.16191826534566,409.0371695148512,80.61573447856021,138.08596935645082,404.27351975281573,78.47553160288044,142.77375737709573,408.34246112673543,79.67008277283831,33513000.0,16193500,503973000
2024-02-27,139.43955993652344,404.3926086425781,78.67145538330078,139.82772082802197,405.2262404801438,79.4501699351413,137.847096430097,400.7901076502163,77.1330392208547,138.75281023921275,404.89872387010075,79.35120044520698,22364000.0,14835800,391705000
2024-02-28,136.78213500976562,404.6307678222656,77.63385009765625,138.62342001381086,406.1987830728558,78.90337002935253,135.9958658248756,402.24895832016676,77.09605003023249,138.444275840111,405.0872739909664,77.59086697046706,30628700.0,13183100,393110000
2024-02-29,139.1210479736328,410.5059509277344,79.08230590820312,139.29024473728862,411.06170550216336,79.95997471561954,136.92147485925113,402.84444253870316,78.32059087723945,137.69779656866302,405.5438348800808,79.0643149217093,35485000.0,31947300,507289000
2024-03-01,137.4290771484375,412.3518371582031,82.24810791015625,139.3400242297367,412.71902889421233,82.26910374751212,137.32457638258526,407.76684684717014,79.40517391258761,138.95186334114246,408.153876143975,79.96996422541928,28522000.0,17800300,479135000
2024-03-04,133.56735229492188,411.7762756347656,85.20500183105469,135.9859047036927,414.18785690698894,87.66207928922401,132.23367295805892,409.1959690810067,83.6875739405617,135.89631743902993,410.30747829521556,84.09841513764894,43571500.0,17596000,615616000
2024-03-05,133.14932250976562,399.59918212890625,85.93576049804688,133.38819655001836,411.1112969231929,86.06872004565462,130.92983960476616,397.6044321579871,83.38960003379123,132.11423204238017,410.8234857245891,85.24198821051228,28447600.0,26919200,520639000
2024-03-06,131.93508911132812,399.0434265136719,88.67086029052734,134.10482014941,402.09017289690905,89.69452599594824,131.32796413873504,395.37147897743796,87.00141069166892,133.60717722718147,399.9167637441042,87.99308922719804,23175200.0,22344100,582520000
2024-03-07,134.60247802734375,406.0400695800781,92.63855743408203,135.17974570369196,406.6752047214003,92.7365248144859,132.03463844090868,399.1923248157397,89.57256358530061,133.25883591329173,403.04293193355477,90.12838069813151,24107300.0,18718500,608119000
2024-03-08,135.64749145507812,403.14215087890625,87.49925231933594,138.3297939056758,407.3103404061873,97.36801162259309,134.1645253714185,401.2664565057241,86.47758481062256,134.39841813578073,404.8689575439801,95.10675351305797,26472400.0,17971700,1142269000
2024-03-11,138.28501892089844,401.45501708984375,85.74581909179688,139.32010952636415,402.6062316222378,88.76782081371123,136.42383923457078,398.21973809181884,84.13834572804967,136.42383923457078,400.70079606171487,86.40060265646838,22536400.0,16120800,678364000
2024-03-12,138.96180725097656,412.13348388671875,91.8828125,139.61869956501798,412.4212950799544,91.92979413377263,137.55846572697882,403.70782104780903,86.12170491240781,137.59827047925845,404.5315189350478,88.02008324614344,19019700.0,22457000,668075000
2024-03-13,140.1063995361328,411.9548645019531,90.85814666748047,141.51970368304296,415.0115145438447,91.473941646385,139.34997253718265,408.33252598364385,88.40594947132757,139.39973986924898,414.93213401612815,91.02509163024045,19637000.0,17115900,635713000
2024-03-14,143.65957641601562,421.9981994628906,87.91510772705078,144.0477373453553,424.5785058716351,90.61622350841212,140.81803916165913,414.8229687362819,86.57154750613068,141.6291996748987,417.05592096351893,89.54757446626068,36117900.0,34157300,602318000
2024-03-15,141.49978637695312,413.264892578125,87.80814361572266,143.659554832315,419.39806083838096,89.51658184476094,140.46469578318113,409.6623914264508,86.22866844065179,142.73394628866993,416.1131423873529,86.90144388293218,41025900.0,45049800,642086000
2024-03-18,147.780029296875,414.1580505371094,88.42594146728516,152.20904800851997,417.54221722990445,92.37464071222252,147.44163577437985,410.6448639845401,87.05638881145386,148.665833039204,411.111304092611,90.35830507117406,47676700.0,20106000,668976000
2024-03-19,147.22268676757812,418.21710205078125,89.36864471435547,148.91466974023234,418.4751417976777,90.51426446803778,146.31697296442448,412.40148582557026,84.98208522610015,148.2776873792264,414.66420971411236,86.67152505126207,17748400.0,19837900,672171000
2024-03-20,148.97438049316406,422.0081481933594,90.34231567382812,149.05400518452484,422.73259778034867,90.38030520484318,146.9688800892644,417.4727666861834,88.19401951660328,148.08857668370393,418.8026102027015,89.76749997737916,17730000.0,17860100,479063000
2024-03-21,148.03883361816406,426.1167297363281,91.40496063232422,150.5917292530754,427.55575544088225,92.61756721905257,147.31226396001364,423.9234830206928,90.37530021359187,149.6113871985433,426.5732359122919,92.26968196617385,19843900.0,21296200,480372000
2024-03-22,151.05453491210938,425.49151611328125,94.2580337524414,151.84080403684533,426.6030252593982,94.74687156183035,149.38244681787967,422.8417631107263,90.80416666140296,149.5317488047315,426.44426419825527,91.11106503897344,19226300.0,17636500,586719000
2024-03-25,150.4374542236328,419.65606689453125,94.97078704833984,150.74201145898448,424.1716107025241,96.7342074446901,148.09854152495535,418.41553787360243,93.47928046219188,150.2384000856177,422.0180389961963,93.91013861786189,15114700.0,18060500,552136000
2024-03-26,150.98487854003906,418.4552001953125,92.53058624267578,152.4778074943312,422.76231287812396,96.34333614885402,150.31803876287827,418.15748537548563,92.47160751849903,150.527055498697,422.3851872487767,95.8195062336972,19312700.0,16725600,513648000
2024-03-27,151.22373962402344,418.23687744140625,90.22035217285156,151.9702040369206,421.2340147133464,93.20936779906054,149.4222746041288,415.83523039825434,89.09372349939157,151.4277750526382,421.2240807902947,93.08141149546424,16622000.0,16705000,586067000
2024-03-28,151.542236328125,417.53228759765625,90.3263168334961,151.9503072206797,418.6735682140503,91.2700069314821,150.61662766569765,415.94440442920035,89.163696917333,151.28346744318867,417.7704594727013,89.97043098866838,21105600.0,21871200,435212000
2024-04-01,155.76223754882812,421.3531188964844,90.33331298828125,156.25988048029402,424.64797113919235,92.1947007975338,150.93509503886602,419.0209183546172,89.17469715880289,151.11425439135942,420.7378213676411,90.26933865065378,24469800.0,16316000,452441000
2024-04-02,155.13522338867188,418.2468566894531,89.42261505126953,155.25466803529602,419.17973696688534,90.06440242112468,152.7365956795216,414.6741269340057,87.59121620163441,154.0205079325735,416.9269168072685,88.41893947358703,17598100.0,17912000,433064000
2024-04-03,155.63284301757812,417.26434326171875,88.93477630615234,155.8120023671829,420.0530500088036,90.3443168469122,153.40540191838465,415.91463197146663,88.3709661913593,154.18968157696656,416.54979735190346,88.45493823513225,17266200.0,16502300,370067000
2024-04-04,151.22373962402344,414.71380615234375,85.87677764892578,155.44374205201333,425.4220608182633,90.60422800372173,151.16402490088885,414.4061573873391,85.85178433643762,154.34893669187858,421.76992047315406,90.37629845117095,24184800.0,19370900,434965000
2024-04-05,153.2143096923828,422.2959289550781,87.97908782958984,154.1100609031813,423.2784485638512,88.45193199631433,150.36877863435,415.1504997519638,85.89777114739914,150.96495390021258,416.8276974614869,86.83745712010142,16289800.0,16544300,399678000
2024-04-08,155.40394592285156,421.3729553222656,87.10437774658203,155.91651757401127,424.0425761054586,88.80081883400379,153.26408722854015,420.09272093696904,86.70350850941023,153.28896330227423,421.9485777283347,88.67085666122206,16641500.0,14272400,283220000
2024-04-09,157.39451599121094,423.0501403808594,85.3259506225586,159.13626636459972,424.49906970382636,87.60620698800746,155.90158709973485,418.42544485426635,82.99472376686872,156.60824679058442,423.2089317196758,87.41326961083752,21538100.0,12512300,503547000
2024-04-10,156.91677856445312,420.05303955078125,87.01040649414062,157.4144215142172,420.8171944866389,87.3712879556285,155.4636544689247,416.5200154975315,83.68149867040677,157.1357426772979,418.9911394928746,83.89843024698811,16339200.0,16216600,431929000
2024-04-11,160.03199768066406,424.6876525878906,90.58623504638672,160.36044381827898,426.1167444183971,90.70919574606373,157.1854796748576,419.15984809671994,86.89745219051976,157.59355049918426,422.5936541739285,87.39128560717941,17841700.0,17966400,431637000
2024-04-12,158.43955993652344,418.703369140625,88.15702819824219,160.93772200076836,421.9585162359949,90.1453808587556,157.8523449185831,416.58950274190113,87.50124546153059,158.65354275354042,420.8370731015467,89.66953167082109,16968200.0,19232100,426805000
2024-04-15,155.59303283691406,410.5059509277344,85.97274780273438,160.0718189916202,423.5860815606245,90.58323225547265,155.41387349356054,410.2975202475589,85.9007728583494,159.52440875756264,423.36774724307367,89.06873054875433,21140900.0,20273500,443077000
2024-04-16,155.26458740234375,411.4388122558594,87.38628387451172,156.48878470454247,415.2298762897989,88.08904823109181,154.3190689138674,410.59527673352017,86.03572977127556,154.90628390086408,411.4289086182102,86.40460421758179,15413200.0,16765600,370453000
2024-04-17,156.1404571533203,408.71954345703125,84.00739288330078,157.9329619598977,415.7062108618487,88.7458333599475,155.39895882932524,407.22097481991534,83.92241409948026,156.44899335301892,414.08855629342435,88.3109710984958,16237800.0,15855500,495400000
2024-04-18,156.71771240234375,401.2069396972656,84.6431884765625,157.73787429637503,408.769230365435,86.16169439997329,155.47360512335126,400.8893872722647,82.37493650827429,156.18523084208942,407.5187673684452,84.94209387359811,14016100.0,21029900,447260000
2024-04-19,154.9859161376953,396.095947265625,76.17497253417969,157.24521930392896,402.4077746386735,84.29630512599306,153.18445115165247,394.7561698730406,75.58117346384236,157.00634522902195,400.9687488676842,83.12269469975273,20063900.0,30276500,875198000
2024-04-22,157.2053985595703,397.9219970703125,79.49188232421875,158.43457720422234,399.7976914523607,80.04670035538005,154.92620062224327,392.7514806878664,76.3749101252901,155.2745415611511,397.04865981007964,78.07834524781059,17243900.0,20286900,596341000
2024-04-23,159.16610717773438,404.48193359375,82.39592742919922,159.72346480936866,405.10716505974153,82.74181446817349,157.2203215690728,400.0060952402287,80.23763989778655,157.84237520917472,401.1771473553241,80.74247130165297,16115400.0,15734500,438559000
2024-04-24,160.34054565429688,405.96063232421875,79.65082550048828,160.62917184903918,409.3447990752087,84.05437709629325,158.0712952848792,403.6979086365787,79.1569845005292,158.34001151164955,406.45684392489727,83.92241667959377,19485700.0,15065300,512208000
2024-04-25,157.2053985595703,396.01654052734375,82.60486602783203,157.53384471581393,396.8601062584313,83.29563335625151,152.04783561586922,385.0899520019121,78.19730980842563,152.63704010672708,391.0444908759172,78.84209462361733,36197800.0,40586500,424641000
2024-04-26,172.87118530273438,403.2414245605469,87.70618438720703,175.58831116293052,409.87080464048637,88.30198930446801,170.59197241799978,402.6856699602139,83.3596128981717,175.16034557775603,409.04710666417816,83.79047109382074,56500800.0,29694700,551011000
2024-04-29,167.10850524902344,399.2022705078125,87.7281723022461,170.57211129616846,403.24144058813954,87.96308807915567,166.27246869427466,396.1654576473054,85.23798574736955,169.964986258036,402.179540393514,87.56622296271497,35914600.0,19582100,388971000
2024-04-30,163.86387634277344,386.380126953125,86.37361907958984,169.06921754993925,399.112934090919,88.78982495986544,163.72453691882748,386.2213658866136,86.27165520822136,166.59096528212498,398.44799719369325,87.21134125053536,29420800.0,28781400,363709000
2024-05-01,164.78948974609375,391.9476013183594,83.01371765136719,168.01420626410095,398.67622906449674,85.9717451202874,164.12263484487258,387.3526772876393,81.22830132116862,165.39659955094953,389.63523841829954,85.04905184528752,25223200.0,23562500,559863000
2024-05-02,167.66587829589844,394.8256530761719,85.78881072998047,167.73554041543014,396.89981398666424,86.20867093085921,164.90893195424,391.6598205584853,83.17266601309362,165.88430793569268,394.64702416400013,84.42125626969049,17041100.0,17709400,377898000
2024-05-03,168.193359375,403.5788269042969,88.75983428955078,169.04930580388765,404.06510458639696,89.25166943381491,164.20225344161207,398.815177316325,87.01140828668458,168.7407544368837,399.2320083912343,87.76016278941914,22767100.0,17446700,398341000
2024-05-06,169.02940368652344,410.4067077636719,92.10973358154297,169.0990658013136,410.7937370714025,92.18970913389045,167.09854663956006,403.29101993493754,89.02574784622284,168.42227868914688,405.66292597330005,89.36063689142837,15147900.0,16996600,376203000
2024-05-07,172.16453552246094,406.2384948730469,90.52425384521484,172.65223103765175,411.52812730475875,91.75084815179432,169.19858805476193,405.9903890817075,88.98176145323684,169.31801749241833,411.5181933814727,91.06807385977748,21102400.0,20018200,437342000
2024-05-08,170.3531494140625,407.429443359375,90.3823013305664,171.09861155514432,409.1066410493604,91.16404211729393,169.71815648241372,403.6284454091321,89.39062281924463,169.94507852356688,405.07740513834375,89.45360566200054,14569900.0,11792300,325721000
2024-05-09,170.77114868164062,409.1959533691406,88.71784973144531,171.62709512370475,409.59291660377954,91.04208295679378,169.12891791013897,406.00034935781423,88.20202038816478,170.3431678671801,407.45921271703617,90.4992620554592,11937700.0,14689700,378013000
2024-05-10,169.4872283935547,411.5975646972656,89.84847259521484,170.53228162077622,412.23273004632824,91.3709748992257,167.11845829029107,408.6798382335046,89.19768547851668,168.89006596861205,409.8112151541409,90.2753342742342,18740500.0,13402300,335325000
2024-05-13,170.09434509277344,410.5852966308594,90.36931610107422,170.14411242247,415.1802205470415,90.96811842024397,164.97857644921768,407.70727562461724,88.49992744150495,165.06517190662683,414.84280031878484,90.44828491109924,19648600.0,15440200,289680000
2024-05-14,171.1195068359375,413.40380859375,91.32599639892578,171.96550597184986,414.3267549073316,91.62089767401247,169.61663051218866,408.43175863614476,88.90478722070216,170.78111325631593,408.8981987547859,89.56956971282393,18729500.0,15109300,296507000
2024-05-15,173.060302734375,420.6317443847656,94.59890747070312,173.2255205444955,421.35753100749633,94.83083350687552,171.21901789802692,414.85536761085484,91.5689050462718,171.48774932095938,415.48172683662517,92.44161932872312,20958200.0,22239500,417735000
2024-05-16,174.60299682617188,418.5538330078125,94.3280029296875,175.5087106331646,422.9582208339026,95.78752238437566,173.22951262162755,417.91755229509,94.07208269713682,173.77692289985708,419.35914332573157,94.87882442022669,17247300.0,17530100,323952000
2024-05-17,176.45420837402344,417.7783203125,92.44861602783203,176.65824378032863,420.4726599302369,94.70887485375151,174.15510066358578,415.6109428181483,91.77584059273352,174.7224208450474,420.09485405964773,94.33800216120143,16546400.0,15352200,359691000
2024-05-20,177.6187286376953,422.878662109375,94.74886322021484,179.1016949111226,424.30037978174784,95.16872341830162,176.3895499420499,417.55961512858175,93.40930707577944,176.47414073902465,417.778343258253,93.71920279909754,17495100.0,16272100,318764000
2024-05-21,178.69361877441406,426.5572509765625,95.35466766357422,178.97231279047915,430.46450167288947,95.36866300361463,176.474135532202,422.39149513236316,93.14939104451075,177.55899348782262,424.36001790160714,93.56825212335475,14706000.0,21453300,328946000
2024-05-22,177.16087341308594,428.0286865234375,94.91881561279297,178.00886190082392,429.9077641693655,95.98846392246197,175.94662351519383,424.6583193119375,93.21837781672151,177.55898166062008,427.60118209872775,95.42765114316352,16189400.0,18073700,548648000
2024-05-23,174.2347412109375,424.5290832519531,103.76490783691406,179.06188373408688,431.090897164325,106.2850758370863,173.71718830847908,422.9582395726222,101.48664948420172,177.93720584610716,430.46453792464195,101.99448585081109,14928400.0,17211700,835065000
2024-05-24,175.498779296875,427.6707763671875,106.43402862548828,176.46818687286654,428.565562226306,106.44002335978084,174.37410127570018,421.95405016489985,102.96616635990915,175.6878860636416,424.71796179341015,104.41468788795488,11400600.0,11845800,429494000
2024-05-28,177.18080139160156,427.8298645019531,113.86357879638672,177.6684817663742,428.3269711402922,114.90123977492766,174.85182082753647,424.13138989907134,109.84690116806794,174.91155073890857,427.14385491376675,110.20778262251307,15655300.0,15718000,652728000
2024-05-29,176.56370544433594,426.6865234375,114.78727722167969,177.3897945303486,428.44627000677747,115.45405793078952,175.42908017169887,423.22665032702537,110.86457027293942,175.976490431931,423.22665032702537,113.01286640628571,15023800.0,15517100,557442000
2024-05-30,172.7418212890625,412.2704162597656,110.46369934082031,175.8570710684257,421.84466424386284,115.78095222554882,172.41337511409716,411.84288150879064,109.62697631949285,175.8570710684257,421.84466424386284,114.612337538274,18844000.0,28424800,487350000
2024-05-31,173.13992309570312,412.7277526855469,109.59699249267578,173.59774605548205,414.3383733012913,112.67997913664935,170.16401310971617,402.1692127903504,106.90487625910878,172.58255029510445,414.3383733012913,112.48303762096089,28085200.0,47995300,613263000
2024-06-03,173.59776306152344,411.1270446777344,114.96221923828125,175.03097717260903,414.02020882309534,114.96221923828125,171.63704864383791,406.553688084388,111.96620219037665,173.06031536329505,413.1254229827006,113.58367447543728,20742800.0,17484700,438392000
2024-06-04,174.30441284179688,413.6623229980469,116.39875793457031,174.3641275618965,414.03017705380546,116.561706418007,172.40341325539,407.30928563189894,114.00754518844305,173.6276105780023,410.04337212748766,115.67800167050594,14066600.0,14348900,403324000
2024-06-05,176.2352752685547,421.5563659667969,122.39977264404297,177.13102647161713,421.6259378345122,122.4087647447128,174.46365245832024,413.89096003424896,117.42940615929226,175.70279368634698,415.39223173706347,118.33210934086958,15233900.0,16988000,528402000
2024-06-06,177.5092315673828,422.0633850097656,120.958251953125,177.867535069039,422.848821948627,125.54574130546908,176.37460634328087,418.14618249774657,118.28113030159747,176.59355525115092,421.5563568996983,124.00724541916884,14255800.0,14861300,664696000
2024-06-07,175.12054443359375,421.3973083496094,120.8482894897461,178.5741875907091,423.81323935854607,121.65202623467715,174.9612950507807,420.55222098628695,117.98323363858707,177.61872166754497,423.73371564550735,119.7306529022316,14716300.0,13621700,412386000
2024-06-10,175.9973907470703,425.39404296875,121.74999237060547,177.83079699459753,425.6028192678221,123.05955958930451,173.7554492975208,421.4370934236562,116.9715638416941,175.81802752495432,422.2424037753453,120.33046067723372,17122200.0,14003000,314162700
2024-06-11,177.55181884765625,430.1761779785156,120.88021087646484,177.75109951120558,430.3153823959729,122.83972700807324,174.81166791246778,422.78918087724,118.7107397776175,177.08350092603828,423.01786084549974,121.73999195116299,14402400.0,14551100,222551200
2024-06-12,178.91690063476562,438.5076904296875,125.16914367675781,181.42787947273285,440.8341457768561,126.84872997628844,177.14327694877989,430.7428874309175,122.53979453852547,179.10622257947298,432.8009161252906,123.02967165119686,18600400.0,22366200,299595000
2024-06-13,176.10699462890625,439.0246887207031,129.57806396484375,177.87064426133762,440.8242426789463,129.76801958856166,176.0272793318939,436.8274858579273,127.12867070986337,177.2030457535148,438.2989324414096,129.3581169536998,15956900.0,15960600,260704500
2024-06-14,177.7311553955078,440.00897216796875,131.84751892089844,178.0898666483664,440.5756810111054,132.80727390157034,175.22218357185352,434.19281849694386,128.28839829543193,175.22218357185352,435.74378876375306,129.92799370452428,12361600.0,13582000,309320400
2024-06-17,178.1396942138672,445.775390625,130.94773864746094,179.27561067019667,448.3305259626429,133.69706139159663,175.85790258992213,438.16966532085047,129.54808953427707,176.3461379133103,440.0288392462003,132.9572533982128,15272900.0,20790000,288504400
2024-06-18,175.8180389404297,443.75714111328125,135.54660034179688,178.26923510757547,447.53516969127554,136.29641557179684,174.99100977195764,442.3155500964385,130.6578056523983,178.14965455035454,447.10763493198164,131.10769173939232,15640300.0,17112500,294335100
2024-06-20,177.0735321044922,443.1208801269531,130.74777221679688,178.09984190710827,443.94606381625726,140.72530869246972,175.82800902324556,438.7164921470121,129.4880881954488,176.07711363949488,443.71738383441055,139.765553796689,16753200.0,19877400,517768400
2024-06-21,179.61439514160156,447.17724609375,126.53881072998047,181.85832853145462,447.97260457820744,130.5978154647857,177.42227746039913,443.9261796037789,124.26937345205326,177.8507453258578,444.79114029939626,127.08867825178737,59728000.0,34486200,655484700
2024-06-24,180.14248657226562,445.0794677734375,118.08089447021484,181.4278748991179,450.13005783321864,124.42932809847615,179.58449466770367,443.82674934456685,118.0109120255889,180.6307370908269,447.197116551364,123.2096275256971,18198300.0,15913700,476060900
2024-06-25,184.9153289794922,448.3404541015625,126.05892181396484,185.08471828343806,448.80773551860256,126.46882443182822,180.45635054619015,444.1647465305247,119.29059361747449,180.49621579661166,445.65606632861267,121.1701275508724,18917700.0,16747500,425787500
2024-06-26,184.70606994628906,449.54345703125,126.36886596679688,185.26406180555398,450.9751265075422,128.0884358796131,183.33102292285417,445.59642930053803,122.56979895315696,183.5402622680096,446.4017395883299,126.09892820330649,13375700.0,16507000,362975900
2024-06-27,186.1907501220703,450.2294921875,123.9594497680664,186.82845731487285,453.5302875755873,126.37885933630702,184.78579647406917,449.1557248487335,122.8897136949346,184.98010536766324,449.56335593650766,124.06942327696439,13025700.0,14806300,252571700
2024-06-28,182.76307678222656,444.3636169433594,123.50955963134766,185.9117628453365,452.7448272217048,127.67853027804634,182.6684158097748,443.8267333016812,122.71975337861936,185.05484233965822,450.44819707911165,124.54930428199576,23032400.0,28362300,315516700
2024-07-01,183.82923889160156,454.0870361328125,124.26937866210938,184.67618542202868,454.72331684606445,124.80923890749885,182.07553275022136,443.0810879907853,118.8007251119183,183.8192649768011,446.0637277902953,123.4395813225982,11815900.0,17662800,284885500
2024-07-02,185.941650390625,456.62225341796875,122.6397705078125,186.2804290197841,456.9304570935814,123.37959365292392,182.4043617984991,450.48794440717063,121.00017523772506,182.8128970182058,450.57745029839504,121.10014907077634,12555500.0,13979800,218374000
2024-07-03,186.71885681152344,458.1036376953125,128.24839782714844,186.94802880286505,458.3521910129211,128.24839782714844,184.72103291035663,455.23037712106725,121.33010435521813,185.63276432631835,455.5385808076234,121.63003350315482,7409100.0,9932800,215749000
2024-07-05,191.27249145507812,464.8543395996094,125.79899597167969,191.5714048253656,465.6397765538939,128.81825608276083,186.6491104769195,456.3140515175161,125.64903140778242,186.6491104769195,456.95033221316646,127.34860945857926,14303400.0,16000300,214176700
2024-07-08,189.7977752685547,463.5419921875,128.16839599609375,190.9924860557011,464.99356542878803,130.73776982046533,188.6419414632955,461.77229375422786,127.0086858992603,190.6796152957187,463.8501958785038,127.4585719244731,12097600.0,12962300,237677300
2024-07-09,189.7579345703125,456.8807678222656,131.34764099121094,192.16926542683404,464.6256672353131,133.78704236722226,189.54868000321284,455.3496709136752,128.61830251041144,191.06324032448242,464.29759021110544,130.3178959397844,10198500.0,17207200,285366600
2024-07-10,191.96998596191406,463.55194091796875,134.87677001953125,192.61765188536268,463.7607172108967,135.0667256558596,189.9372837700379,456.20469022907776,132.38737791270125,190.06682303638334,458.55104934272356,133.99698191654937,12052900.0,18196100,248978600
2024-07-11,186.6291961669922,452.06878662109375,127.36861419677734,191.7208955304952,462.0904430463112,136.1164508461357,186.15091952345443,448.93699054354346,127.0187019512054,190.65472039137066,460.3008712942663,135.71655549549055,16452000.0,23111200,374782700
2024-07-12,186.11102294921875,450.9254150390625,129.20816040039062,188.01418569531108,453.71915189160546,131.88749271860638,185.47331579709967,448.0422026334216,127.18865386253758,186.25052091361547,451.70090017355875,128.22839089146464,14449100.0,16324300,252680500
2024-07-15,187.5159912109375,451.3330383300781,128.40835571289062,189.21985825223288,454.6139602586164,131.35762580228223,185.82208288068784,448.8176800220224,127.14866403247436,185.82208288068784,450.67685394437046,130.52782847793975,12186000.0,14429400,208326200
2024-07-16,184.8356170654297,446.9187316894531,126.32886505126953,189.65827857329185,451.67106983710227,129.00819736720675,184.45697320018698,444.07529634239484,124.54930487008038,188.28323149134974,451.5915461266938,128.40835436238444,12760100.0,17175700,214769500
2024-07-17,181.9659423828125,440.9534606933594,117.96092224121094,184.5665952870992,442.2757813397234,121.81997165296215,180.96952387855154,436.63857872187197,116.6912385563928,184.0185620689277,440.0288496296795,121.32009486519661,17376600.0,21778000,390086200
2024-07-18,178.57810974121094,437.82171630859375,121.0601577758789,183.39081251523982,442.07694811849893,122.36984015709355,177.57173261448804,431.88626155510383,116.53127526261207,182.88262939240457,441.76874441556754,121.81997263511246,17877200.0,20794800,320979500
2024-07-19,178.7475128173828,434.5805358886719,117.90094757080078,181.31827435333457,438.58724438350157,121.57004161457283,178.2194122325236,429.5001207828966,117.34108797082892,179.7239986831795,430.59376141790096,120.32034955926778,14485900.0,20940400,217223800
2024-07-22,182.69332885742188,440.3768310546875,123.50955963134766,183.63992334392967,442.0272287343498,124.03942781453529,181.2485099418617,436.37015276462773,119.8304661088677,181.69691040759497,439.23349185507885,120.3203432330864,16303900.0,15808800,258068900
2024-07-23,182.9424285888672,442.2757873535156,122.5597915649414,184.55662156919473,445.7953108894537,124.65928025097237,182.6733913574331,440.53591409904936,122.06991443104106,183.18155927979657,441.33127259326983,122.74974719191928,23772600.0,13107100,173911000
2024-07-24,173.7454833984375,426.4180603027344,114.22184753417969,177.31266333834552,438.9252800797557,119.92043994002134,172.94836078735528,425.11564336198785,113.41204956795865,174.7618344929483,437.90124163761953,119.1406333610656,31250700.0,26805800,327776900
2024-07-25,168.5541534423828,415.97882080078125,112.25233459472656,174.57251436164208,427.3128458662045,116.60126129148769,168.44454680160155,415.0939867790631,106.27381225253961,173.62591984806159,426.31863260886945,113.01214947730902,28967900.0,29943800,460067000
2024-07-26,168.0758514404297,422.8090515136719,113.03213500976562,169.23170045423535,426.4379540941027,116.17136057676942,165.27094636539994,414.8553456338981,111.55250401293692,168.16554065318968,415.7799870015666,116.16136853298354,25150100.0,23583800,293399100
2024-07-29,170.51708984375,424.2606506347656,111.5625,171.54339960461624,429.6492697069918,116.25134680115113,169.1121362162633,422.2423988579534,111.27257816967544,169.8893413710137,429.0825608465564,113.66198865142056,13768900.0,15125800,248152100
2024-07-30,171.24447631835938,420.4726867675781,103.7044448852539,172.33056878553097,426.5671885866718,111.96240417731258,169.51070273282616,414.9448331085773,102.51473565355279,171.2145849810346,425.2448982961915,111.49251876218644,13681400.0,32687600,486833300
2024-07-31,172.5298614501953,415.92913818359375,116.99116516113281,175.2799863086989,419.33928250485553,118.3108396333588,171.10499025802633,409.8246539863894,110.85267854952704,174.29352649586957,418.0666907004293,112.87218513169266,15650200.0,42891400,473174200
2024-08-01,171.8323516845703,414.6962585449219,109.18309783935547,175.05077889023,424.98637136355273,120.13040514788088,169.89929753739804,410.6995323530128,106.78368749587625,171.36403381575482,418.3549862264431,117.50104810323892,17177800.0,30296400,523462300
2024-08-02,167.79685974121094,406.1261901855469,107.24356079101562,169.60038989475044,412.59852862073603,108.69320802636011,165.7940641440123,402.0002109675361,101.3450209019017,167.58762038247167,410.1030434734576,103.73443129488524,18907800.0,29437900,482027500
2024-08-05,160.06466674804688,392.8633728027344,100.42524719238281,165.3456878229132,398.7193036046689,103.38452459369911,156.0391427100353,383.34874440032485,90.66765743904186,156.8063740057358,386.91799678720787,92.0373150047539,34907800.0,40709200,552842400
2024-08-06,159.9650115966797,397.29754638671875,104.22431182861328,161.76854176630374,403.3225066578681,107.68345833707174,157.56365468246898,396.1939842314513,100.52522659409519,160.36857505755367,397.6853041219084,103.8144091952266,36146500.0,24946500,409012100
2024-08-07,160.1742706298828,396.1243591308594,98.88563537597656,164.19979459850455,407.7069368759002,108.77319818362058,159.66610267866855,395.16992295159474,98.6656883565928,162.65535811810648,406.27529777749277,107.78343659639361,19334200.0,20650900,411440400
2024-08-08,163.25318908691406,400.3597106933594,104.94413757324219,164.90724730098054,403.51134950514665,105.47400576569116,161.4496741925987,397.6256244291568,97.49596860854,161.7625449521268,400.1111573966137,101.97486813365401,15733600.0,20203000,391910000
2024-08-09,164.7976531982422,403.67047119140625,104.72418975830078,164.92719246706665,405.68872296700823,106.57373239559361,160.35362004988897,399.9322498333492,103.40451530940655,161.06607082428397,401.6919964430869,105.6139698534446,13549200.0,19276700,290844200
2024-08-12,163.36280822753906,404.4559020996094,108.99313354492188,166.10295907223568,406.39463013243375,111.04263146519123,162.96424691360264,401.9007666876047,106.23381911518737,165.40048221300762,404.7044554196647,106.29380189006847,12435000.0,16762900,325559900
2024-08-13,165.33570861816406,411.6142578125,116.11138153076172,165.9435244900484,412.54882074125726,116.20136332032301,164.1798747537791,407.1999483356839,111.55250759337807,164.59338172697963,407.2198216789193,112.41229629244809,12717600.0,19414300,312646700
2024-08-14,161.44967651367188,414.4477233886719,118.05091094970703,164.36919041099168,415.30276256625774,118.57077948335262,158.9586304461226,410.0632696291805,114.04189674110647,163.62187659072688,412.3996465083127,118.5007970340635,22515900.0,18267000,339246400
2024-08-15,162.58560180664062,419.34808349609375,122.8297348022461,162.93435435683165,419.42775054091777,123.2096384456698,160.9116260556583,415.991550712489,117.44106320591041,161.62904857869057,418.1229861127925,118.73074633761901,18392500.0,20752100,318086700
2024-08-16,164.1499786376953,416.7983093261719,124.54930114746094,166.35205486717328,419.6568394696199,124.9691958147952,162.49592038476501,415.6329698343419,121.15013749579563,162.82474029317686,418.919805326896,121.90995234205361,16853100.0,22775600,302589900
2024-08-19,167.79685974121094,419.8460998535156,129.9679718017578,167.8666163302166,420.06522222853687,129.9679718017578,165.49513557024594,414.7963458443911,123.38959109072681,166.40188000248637,417.2863590170559,124.2493798220781,13100800.0,15234000,318333600
2024-08-20,168.3548583984375,423.10302734375,127.21864318847656,169.79966202769447,424.15879050030776,129.84799998824454,168.05592983966133,419.9556774327427,125.85897770804885,168.13564513561084,420.015435317403,128.36835370467122,12622500.0,16387600,300087400
2024-08-21,167.0296173095703,422.4456787109375,128.46835327148438,168.03599439629477,424.69662989295495,129.31815003716036,165.9734162631958,420.03533264675815,126.62881008429083,166.39191015680808,422.38589043229285,127.2886435744744,15269600.0,16067300,257883600
2024-08-22,164.8972930908203,413.8899841308594,123.70951843261719,168.81321026159983,425.0851042062188,130.7177938767418,164.43893391865004,412.953736731063,123.06967668655749,168.43456638911738,422.66478826233237,129.98797796054023,19123800.0,19361900,376189100
2024-08-23,166.83033752441406,415.1250305175781,129.33811950683594,167.34847938718525,417.58516466451346,129.56807382051312,165.06668777536825,410.44379375355777,125.18914813175064,165.95349960757738,415.3142739439322,125.82898983127045,14281600.0,18493800,323230300
2024-08-26,167.32855224609375,411.83819580078125,126.42884063720703,168.77337124165066,415.6130641605339,131.22765338990934,165.72433304902341,409.6967906199474,124.33935925298674,167.5527524913739,414.70669574720716,129.53808260280766,11990300.0,13152800,331964700
2024-08-27,165.78411865234375,412.1867980957031,128.26840209960938,167.6424294663076,412.70470986954564,129.1681743229575,165.56490536104474,408.6111429903849,123.84948497148315,167.0097091779591,411.21070203411466,125.01920259136338,13718200.0,13492900,303134600
2024-08-28,163.91082763671875,408.95977783203125,125.57905578613281,166.79047621925304,413.3421950254565,128.29838691719942,162.69519596618224,405.68291191971673,122.60978624415954,166.18266038398477,413.22267925405737,128.0884319398247,15208700.0,14882700,448101100
2024-08-29,162.8147735595703,411.4696960449219,117.56102752685547,167.02963467718953,420.3640158924635,124.3993464291812,161.40185288464895,408.95977368399144,116.6812470646182,165.46525036551398,413.2824329478728,121.33010304223866,17133800.0,17045200,453023300
2024-08-30,164.51864624023438,415.4736328125,119.34059143066406,164.68803554745267,415.822210323597,121.72000228172388,162.8247379639128,410.48363692465733,117.19111963899515,163.63183445295118,413.93977626013776,119.50054804230363,18498800.0,24308300,333751600
2024-09-03,158.04193115234375,407.80438232421875,107.973388671875,162.794851421707,418.20267931936957,116.18136480283337,157.2896303563664,405.4040060811421,107.26356453201906,162.73008178971705,416.2405478075573,115.9814171340765,26533100.0,20313600,477155100
2024-09-04,157.2447967529297,407.26654052734375,106.18383026123047,159.82551694837377,409.5971891641853,113.24208832420429,156.87612678333463,402.7546379619835,104.09434887245212,157.5088470400444,404.2884945573242,105.38403194779274,17410700.0,15135800,372470300
2024-09-05,158.031982421875,406.7585754394531,107.18358612060547,160.43832644366523,411.44975138862225,109.6229874268856,156.95584860212327,404.50759397621573,104.73419276980215,157.21491194230538,405.9916319874654,104.96413183407385,14139500.0,14195500,306850700
2024-09-06,151.58514404296875,400.0953063964844,102.8046646118164,158.64974722214538,409.0095348193582,108.12335346353827,151.39083514674604,399.19887738785627,100.92512296050285,158.1216466586556,407.4258901774711,108.01337995723738,24999100.0,19609500,413638100
2024-09-09,149.2005615234375,404.0992431640625,106.44377136230469,154.28899143236174,407.01753119323797,106.52375348417674,147.86360676197722,400.5434971977151,103.66445746112835,153.28128945081107,405.6131601713445,104.85415910703641,28057700.0,15295100,273912000
2024-09-10,149.66949462890625,412.5453796386719,108.0733642578125,151.95430520263582,414.66684525245614,109.37304700834024,149.20355939783312,406.0713456246143,104.92413884500664,151.10622848372844,406.56934824108026,107.78343479415585,20401800.0,19594300,268283700
2024-09-11,151.80462646484375,421.3500671386719,116.88119506835938,152.13387922005617,422.29625388353406,117.16112485124165,148.36246071366355,407.9438146629927,107.39352807236727,150.74703500975997,413.84017908445105,109.3630438515934,18991500.0,19266900,441422400
2024-09-12,155.1869354248047,425.29425048828125,119.12083435058594,155.25678384046466,425.6627675750461,120.77057045474369,153.15157268835566,418.07321227741465,115.3614370539407,154.4585967034471,421.6189886086143,116.82120128077001,21024100.0,17418800,367100500
2024-09-13,158.01051330566406,428.8699035644531,119.0808334350586,158.91345784103444,430.10494036688726,119.94069565795841,155.755648728388,423.76039168984255,117.58107480834963,156.0070756210139,424.12890877471926,119.06084000976254,16733900.0,15874600,238358300
2024-09-16,158.62911987304688,429.6169128417969,116.7612075805664,158.8785524071565,431.79816683164466,118.16098383065176,157.25224741303262,426.50938123863534,114.34159881620232,157.9706143292006,428.87987866290234,116.77120810734208,14157600.0,13834700,248772300
2024-09-17,159.9161834716797,433.41168212890625,115.57140350341797,161.22320750164613,440.08492951868885,118.7808938826076,159.0481631332768,430.5431821213062,114.81153124290536,159.7266123117633,438.47140586333086,118.15099033708098,12064800.0,18874200,231925900
2024-09-18,160.44497680664062,429.0890197753906,113.35176086425781,161.26312280572637,434.28816840172493,117.68105834506785,159.29759326798978,428.6906237541022,113.20178347448297,160.48489453662953,433.2622842089649,115.87135202544096,16756500.0,18898000,310318900
2024-09-19,162.86947631835938,436.93756103515625,117.85103607177734,164.6155040932057,439.73633345516527,119.64074895502783,162.15310375152245,435.1547030637013,117.2311330909559,164.4458917934048,439.46742297057807,117.3311154741421,17548200.0,21706600,293506400
2024-09-20,164.2662811279297,433.53118896484375,115.98133850097656,164.37603204660826,437.4853309751932,118.6009197546388,162.8095885003916,432.4853956233,115.37143602446805,164.14655838906322,435.47341133704515,117.041165532472,46362700.0,55167100,382462400
2024-09-23,162.69985961914062,431.77825927734375,116.24130249023438,166.23181758098326,434.7164566201473,116.97118080282907,162.58012165110702,428.6707276626035,114.84152614526418,164.96469605302332,432.5451724016005,116.5312567610485,15648400.0,15128900,206228500
2024-09-24,163.2685546875,427.4555969238281,120.85055541992188,164.176492741931,431.6188916752313,121.78040609310197,161.6622086004887,424.39785343692114,115.36143323881014,163.87717066392423,431.27028375011014,116.5012492087513,18774100.0,17015800,354966800
2024-09-25,162.6200408935547,430.3838195800781,123.4901351928711,163.84424554390736,431.38979462226376,124.91990547833531,162.40551734323734,426.8579828341436,121.5904392877682,162.60008202800464,428.11292879639643,122.00036937142775,13607900.0,13396400,284692900
2024-09-26,163.4581298828125,429.5870361328125,124.02005004882812,165.12433738176023,433.56108748494046,127.64946344549999,163.1288771112858,427.41575191106693,121.78041247124415,164.65540300026643,433.3519348863203,126.77960826024157,18234500.0,14492000,302582900
2024-09-27,164.91481018066406,426.3101501464844,121.38047790527344,166.59100475314528,430.1248672217253,124.01005220096552,163.4581326837826,425.762359424982,119.24082267160239,163.5379529228678,429.7961684722898,123.9500642912149,13604300.0,14896100,271009200
2024-09-30,166.8105010986328,428.5810546875,121.42046356201172,166.9801133920327,428.7006008520287,121.48045146740193,164.26628624932783,423.67075601092984,118.13099198549791,164.40596785707794,426.49940732473704,118.29096227592748,14070100.0,16807300,226553700
2024-10-01,168.03770446777344,419.00946044921875,116.9811782836914,170.05312356675083,426.7683500314763,122.42030559533124,165.5234203103271,417.1369656739266,115.77137385100936,168.47670815509065,426.73847108913304,121.75040758040218,18629500.0,19092900,302094500
2024-10-02,166.9302215576172,415.4636535644531,118.83087921142578,168.49666513124245,421.13092557899313,119.360792730428,165.87263008138385,415.0453180067373,115.12147695024304,167.37919706037525,420.89186366215563,116.42127087200362,12745000.0,16582300,221845900
2024-10-03,166.83045959472656,414.87603759765625,122.83023834228516,167.52886763193206,417.8739927473743,124.33999759824167,164.994624608732,412.63502577299244,120.32063993396463,165.4436153407923,415.9616796785687,120.90054847309592,11004300.0,13686400,277118000
2024-10-04,168.17738342285156,414.39794921875,124.89990234375,169.1651417037373,418.07321108796054,125.01988578554294,166.58102439541923,413.3123071245128,121.810403092212,168.95561168385737,416.5692334072243,124.91990339813242,11422100.0,19169700,243678100
2024-10-07,164.016845703125,407.90399169921875,127.69945526123047,169.51433291164238,415.4437282135342,130.61898369823507,163.7574413654542,407.3661403625253,124.92989659161151,168.7560635386529,414.3381769946468,124.96989107230341,14034700.0,20919800,346250200
2024-10-08,165.32386779785156,413.0533447265625,132.86862182617188,165.72296895610333,413.99956190900485,133.45852325335272,163.9370236242508,406.5394920239681,129.39917881279587,165.0544764190507,409.25856700863125,130.23904002332463,11723900.0,19229300,285722500
2024-10-09,162.6898651123047,415.7923278808594,132.628662109375,165.8825983372775,418.70067647812056,134.4983717641675,160.75426631287192,412.6449477589923,131.3588773259068,164.48078878674917,414.19871346026423,134.08843403580283,19666400.0,14974300,246191600
2024-10-10,162.80958557128906,414.1788330078125,134.78831481933594,163.93803021658485,415.68281071093077,134.97828670089152,161.27308796158508,411.49957636636015,130.97893005790212,161.7420223125794,413.57128437543724,131.88878735570256,12900500.0,13848400,242311300
2024-10-11,164.1465606689453,414.6568908691406,134.7783203125,164.89485824555993,415.4636526469778,135.75815840657205,162.1311415998337,411.59914761969196,133.63850429309608,162.95925941151893,414.47761722865823,133.98843884138304,10946000.0,14144900,170209500
2024-10-14,165.972412109375,417.4656677246094,138.0478057861328,167.23951840464235,422.3460875183581,139.57755854294567,164.40596850811767,415.8521136383557,136.27808612883217,164.53567829588263,416.10111495840073,136.44805696221857,9981800.0,16653100,232347700
2024-10-15,166.52114868164062,417.0672302246094,131.57884216308594,168.70618005069358,420.7923105426525,138.547722466739,165.67308722562564,413.60115139482065,128.71930149862905,166.7606093878907,420.4934907291295,137.84782283581688,14829300.0,18900200,377831000
2024-10-16,166.3615264892578,414.45770263671875,135.6981658935547,166.90029405802036,414.6967341717602,136.5980149944232,164.8409837085831,408.84024879356656,131.55883256815804,165.65313140202477,413.51151588006746,133.9584403413635,9968500.0,15508900,264879700
2024-10-17,164.13656616210938,415.0552978515625,136.90797424316406,167.54880112943871,420.81220682616237,140.8673441853548,163.99688456312464,413.9298070859751,136.8479863322171,167.00006177752527,420.6727515049861,139.31759037510415,15113400.0,14820000,306435900
2024-10-18,164.67535400390625,416.48956298828125,137.97779846191406,165.99234980298428,417.97360109842316,138.87764756674068,164.3760319327944,414.5971590742364,137.25791307551907,164.49575467157797,415.47364856596283,138.64768884107772,13091300.0,17145300,176090200
2024-10-21,165.4236602783203,417.1070861816406,143.6868896484375,165.8427051102763,417.2863598354636,143.6868896484375,163.93204336640198,412.09718088424023,137.97780144123402,164.20642828942988,414.457708513249,138.1077854115753,11384000.0,14206100,264554500
2024-10-22,166.44134521484375,425.8022155761719,143.56690979003906,167.08986370041146,428.85992860317606,144.39677817254247,164.29621633151714,416.3700446113444,141.7572032447214,164.32614701705697,416.8182287379404,142.88702644418225,11958600.0,25482200,226311600
2024-10-23,164.1066436767578,422.9038391113281,139.5375518798828,167.2195719618869,429.3579337373482,142.4070854107316,163.26156615464373,420.8421009299413,137.43789878035992,166.05221433986773,429.13881136450993,142.00715584596583,12754300.0,19654400,285930000
2024-10-24,164.1565399169922,423.0333251953125,140.38742065429688,164.67536385635017,424.27833177082186,141.3272719093067,162.40054033844325,420.71261591698874,138.4377373361036,164.21640128996543,423.6309040350223,140.79735837298583,12764400.0,13581600,172354900
2024-10-25,166.61094665527344,426.43963623046875,141.51722717285156,167.0200044057247,430.79217425375066,144.1068221770471,164.85493202249762,424.8659613297776,140.77735596279692,164.98963532280627,425.0552047565001,140.90732467853542,14566400.0,16899100,205122100
2024-10-28,167.9578857421875,424.8858642578125,140.4973907470703,170.21874866254464,430.21449827781026,143.11696423513524,165.41367087628183,424.5970142324742,140.02746516246322,170.20277852548895,429.9356180313113,142.976987375231,20858300.0,14882400,173586700
2024-10-29,170.7515411376953,430.2244873046875,141.22727966308594,171.46990807993288,431.43961494644003,142.23711171034327,168.27717457229605,424.09903059516625,138.87765156261756,169.00051981297196,426.29025434116863,140.26742736816374,28916100.0,17644100,157593600
2024-10-30,175.7401885986328,430.8021545410156,139.3175811767578,183.37281818194802,436.7483071680008,140.30742741103543,175.34608092530422,430.3738795735308,136.78798938993828,181.9959609227769,435.69254402246366,139.51754595215704,49698300.0,29749100,179418100
2024-10-31,172.2980194091797,404.72674560546875,132.7386474609375,178.0150088186449,414.4975548257246,137.5878737112806,172.1683096199305,404.67692710480617,132.08875807974474,174.32341036482913,413.70073237613923,137.57788081150406,32801900.0,53971000,270039600
2024-11-01,172.2581024169922,408.7306823730469,135.3782196044922,173.42546007693375,413.8401943287888,137.2879161101812,169.92341754541656,405.8721520793777,134.5483665061615,171.15062135368265,407.37612978056814,134.67833522595924,21752900.0,24230400,207127800
2024-11-04,170.29257202148438,406.82830810546875,136.0281219482422,171.52976286876077,408.78050033889826,138.9376575905799,169.1002924275085,403.9498686523884,135.54820341905642,170.85131368500362,408.1629515330161,137.18793904541485,16194000.0,19672300,187528200
2024-11-05,171.02093505859375,409.8163146972656,139.8874969482422,171.70637216526382,413.24257521436044,140.3474144064953,169.98328713827703,406.4498120639611,137.30791015086248,170.44224972306222,406.73866209939297,137.4278859649573,12518300.0,17626000,160537400
2024-11-06,177.92520141601562,418.50146484375,145.58656311035156,178.23449529525598,418.77040570560524,146.46642634688735,174.64266103018528,408.8800507986786,141.93715671974996,174.951970133578,410.77248502778195,142.93699575896497,27061500.0,26681800,242043900
2024-11-07,181.86624145507812,423.7304992675781,148.85606384277344,182.16556352998285,425.14484007349097,148.9060435973239,178.48393702420717,418.2026823789465,146.14649291865044,178.70343886419374,419.5970836269586,146.3664587614797,16730400.0,19901800,207323300
2024-11-08,179.4517364501953,420.85205078125,147.6062469482422,181.93608988065503,424.7962229099081,149.74590195013883,179.16240141973364,420.095077093531,146.236457046531,181.58687825588632,423.6209440547306,148.7460628790407,15021500.0,16891400,175665800
2024-11-11,181.55694580078125,416.34014892578125,145.23663330078125,181.67169024189303,423.11297221775334,148.82606753959354,179.58144448419563,414.3381687204943,143.54691790764704,179.6612647183404,420.83211176857736,148.65608145399648,12503400.0,24503300,182325600
2024-11-12,182.9038848876953,421.340087890625,148.26612854003906,183.60727119420463,422.744458901271,149.62591028148023,180.57917198310966,415.533390819855,145.98649668767203,180.96828610388522,416.57918414479684,146.7563770410738,14065800.0,19401200,198634700
2024-11-13,180.08030700683594,423.5014343261719,146.2464599609375,182.20048341961808,427.6149103778975,149.30596496785506,179.7111365260688,416.5393371261829,145.87650914358065,181.73652736364141,419.9556581526565,149.04601231096433,13969700.0,21502200,191903300
2024-11-14,176.94744873046875,425.1846923828125,146.7363739013672,180.03542477204525,426.4595778768523,148.97601887199116,175.6304376208683,418.3222016749388,145.52657719098687,179.34199500809183,423.30222788535474,147.6162371498861,17925800.0,30246900,194463300
2024-11-15,173.49530029296875,413.3421936035156,141.9571533203125,175.48078883073978,421.1110226744225,145.2166386002855,172.35289497475256,411.98764100476023,140.05746510375218,175.24132810697984,418.14294637599176,144.8466877533126,21708900.0,28247600,250132900
2024-11-18,176.39869689941406,414.0991516113281,140.12744140625,176.50844782695492,416.72858966014985,141.52722527651324,174.0240942257961,410.45376875637714,137.1279241566863,174.55788351993363,413.21269235073834,139.47755210471132,18725400.0,24742000,221866000
2024-11-19,179.17237854003906,416.12103271484375,146.98634338378906,179.7610356628362,416.27042741990954,147.10633445236968,174.7185067341715,409.9059394231008,140.96732287230222,174.8372399080373,411.4597051471197,141.2972716123141,15392900.0,18133500,227834900
2024-11-20,176.92747497558594,413.8302001953125,145.8665313720703,178.7034332806034,415.62302783332285,147.53626090336707,174.93201483744025,408.93981090505724,142.70703603144835,178.42407007919522,415.2046922657536,147.38629113505743,15729800.0,19191700,309871700
2024-11-21,168.85585021972656,412.0437927246094,146.6464080810547,175.18145549789298,418.9399686403921,152.8654088901037,164.93476294944196,409.4689690149979,140.67736706254192,175.05673923346154,418.6605301722443,149.32598496889756,38839400.0,20780200,400946600
2024-11-22,166.19192504882812,416.16552734375,141.92715454101562,167.88306980424588,416.56472079906104,147.13632286743956,165.33387647649843,410.2374116400306,141.07730047570033,166.780582207106,410.5467888521348,145.90650981286518,24497000.0,24814600,236406200
2024-11-25,169.04539489746094,417.95196533203125,135.9981231689453,170.07307085416926,420.23736087052777,142.02715192160386,167.0200041158874,414.0198472532827,135.79815839357323,167.60867641516356,417.54278213072394,141.9671640146257,21395700.0,27691100,344941900
2024-11-26,170.23269653320312,427.133544921875,136.89797973632812,171.10571032835793,428.18146205416855,139.277601884859,169.0453953359282,418.01185069672323,135.64818075181995,169.10527192731251,418.75036014607525,137.6778530821544,14937500.0,23458900,190287700
2024-11-27,170.43226623535156,422.1435546875,135.31822204589844,170.75153195687213,426.37509083138485,137.19792446250455,169.2848674640083,421.17549451394376,131.77879829463743,170.29256940350413,424.2593075311874,134.98827330747284,12433400.0,18332400,226370900
2024-11-29,170.10301208496094,422.61260986328125,138.22776794433594,170.48213917467183,424.0297817162198,139.32759715528792,168.36695621133114,416.9639323784013,136.02812477876728,169.67398022072197,419.24935840992123,136.75800311530705,9250700.0,16271900,141863200
2024-12-02,172.58734130859375,430.1175842285156,138.60769653320312,173.20594429747393,432.13353107658475,140.42739572538855,169.88350137476908,420.4669212999132,137.7978293194704,169.93339092253962,420.72641076442574,138.8076612979231,16593400.0,20207200,171682800
2024-12-03,172.62725830078125,430.3371276855469,140.23744201660156,173.92431041652506,431.60457529422956,140.51739577472358,172.11840622950385,426.88402964452257,137.92781588392697,172.72702217174466,428.9798333762607,138.23776359782383,15721500.0,18302000,164414000
2024-12-04,175.69029235839844,436.544677734375,145.1166534423828,176.02951694382102,438.79017518476684,145.76654278655016,172.3578774269222,431.7642546343851,140.26742746830917,172.38780811245044,432.1634480898198,141.97715912549498,18239800.0,26009400,231224300
2024-12-05,173.91432189941406,441.7342529296875,145.04666137695312,177.30661319063742,443.770179142923,146.52652104015894,173.6149998407543,435.2971785217715,143.93676281520223,176.91749908162544,437.0436765362191,145.0966598316491,16145500.0,21697800,172621200
2024-12-06,176.0894012451172,442.682373046875,142.42689514160156,176.4376080962673,445.2073090094776,145.68658966441174,173.15607214175068,440.88595677867977,141.29699424160657,173.4853249211239,441.4148949698492,144.58670004061705,13319500.0,18821000,188505600
2024-12-09,176.89846801757812,445.12744140625,138.79722595214844,177.83738550391604,447.4328163406456,139.93712045292858,175.20039040791823,439.6184986530788,137.1173878488451,175.51503437960727,441.7143023543043,138.9572148926683,19887800.0,19144400,189308600
2024-12-10,186.31773376464844,442.4428405761719,135.05758666992188,187.8160268138949,448.7202622082635,141.80696595909077,182.46212570826387,440.71632196493806,133.77769033829185,184.32500888640666,443.500747434082,138.99721154250668,34317400.0,18469500,210020900
2024-12-11,196.4861602783203,448.0915222167969,139.29718017578125,196.66594813117683,449.4488165759074,140.15710166074888,186.04803967773574,443.1614051498909,135.19756655561218,186.4875414177299,443.1614051498909,137.3473626393387,41664500.0,19200200,184905200
2024-12-12,193.40965270996094,448.6603698730469,137.32736206054688,196.48115029218562,455.24716851093444,138.42726697152892,193.06004491560958,448.2112581986308,135.7875104425574,196.0766124040666,448.2112581986308,137.0673914713081,25197800.0,20834800,159211400
2024-12-13,191.16221618652344,446.37493896484375,134.23765563964844,194.11883919838084,450.5266178755225,139.58716980719961,191.0423423812578,444.6883184556146,132.52780616182653,192.490704487651,447.5426110314286,138.92722683278515,18883200.0,20177800,231514900
2024-12-16,197.93450927734375,450.6863098144531,131.98785400390625,200.41168291616427,451.27512549789225,134.38762706465963,193.88911488994594,444.38893932865295,130.40799755691268,194.14382959225733,446.37494735046533,134.16764608739564,32248600.0,23598800,237951100
2024-12-17,196.8956756591797,453.5505676269531,130.3780059814453,202.64913062417182,454.3789237624039,131.57789255271604,196.46617230830898,448.67036888572403,126.84833189511964,198.30407475927043,450.10748972576295,129.07812250532473,24129500.0,22733500,259410300
2024-12-18,189.93360900878906,436.5147399902344,128.8981475830078,198.46389928471683,451.7441820228141,136.68742440979707,189.0646039194836,436.1454548251872,128.2682006428492,196.60601529827326,450.4168569277278,133.84768927135005,27638400.0,24444500,277444500
2024-12-19,189.484130859375,436.15545654296875,130.66796875,194.37856412730645,442.29314366547726,134.01766661792476,189.30434300339118,435.4468858542376,129.5380830968377,193.06005888438943,440.73626782337294,131.7478712095932,26981200.0,22963700,209719200
2024-12-20,192.74041748046875,435.726318359375,134.68760681152344,193.91406813278797,442.85201454579715,135.26755529215387,186.1579053424554,427.7722660445124,128.20820713472543,186.7971764103249,432.2432815476765,129.7980572196654,45319700.0,64263700,306528600
2024-12-23,195.7669677734375,434.3790283203125,139.6571502685547,196.26639877064787,436.7742196281346,139.77713434768583,191.411928868106,431.96385754199804,135.1075657604122,193.80919155814604,435.86603695951885,136.2674627166313,15235900.0,19152500,176053500
2024-12-24,197.34518432617188,438.4508361816406,140.2071075439453,197.44506138722352,438.7203153724094,141.88694573903672,194.97587425527323,433.32113775673025,138.6372445869122,195.94676829861982,433.7802087154167,139.98712655305678,6809800.0,7164500,105157000
2024-12-26,196.87571716308594,437.2332763671875,139.91712951660156,197.93450850289778,440.0576302640168,140.8370583714796,195.6471058614473,435.7562575113133,137.7173348045662,196.5161262135814,438.20133650274425,139.68715493157526,7907900.0,8194200,116205600
2024-12-27,193.81918334960938,429.66845703125,136.9973907470703,196.5760523318792,434.3490742197977,139.00721560881072,191.75354348102763,425.49682901810996,134.69761453351015,196.24642603002408,433.73031978660106,138.53725762424156,14693000.0,18117700,170582600
2024-12-30,192.47073364257812,423.9798583984375,137.47735595703125,193.55948963491522,426.6944166190143,140.2570989672278,190.14338320337714,421.05572893712207,134.00767398793965,190.64781342319387,425.2074080072107,134.81759702407376,12209500.0,13158700,167734700
2024-12-31,190.22328186035156,420.6565246582031,134.27764892578125,193.03008164381478,425.8760697244736,138.05731549303724,189.36425993005457,419.81820926028456,133.8176997545706,192.2260050490995,425.24732556190753,138.0173106258272,14355200.0,13246500,155659200
2025-01-02,190.41307067871094,417.74237060546875,138.29727172851562,192.9801381301293,425.2174031564215,138.8672266066605,188.49525744007033,414.01985416103116,134.61761764692358,191.26709343340778,424.67847521686525,135.98748671158143,17545200.0,16896500,198247200
2025-01-03,192.9102325439453,422.5028381347656,144.4567108154297,194.27866867483587,423.1814700735548,144.88666393436952,191.13225931471843,418.7004647827294,139.71714137538024,192.5056946331138,420.2373611517797,139.99711439640743,12875000.0,16662900,229322500
2025-01-06,197.7347412109375,426.99383544921875,149.41624450683594,199.33291137103032,433.450889550372,152.14600432101588,194.83803207586362,424.6285829292995,147.80640728049391,194.92792600382484,427.1435291929144,148.57632545203526,19483300.0,20573600,265377400
2025-01-07,196.4861602783203,421.5247802734375,140.12710571289062,201.909973886113,429.7882097463078,153.1159160516902,195.7170322333306,419.957914728963,139.99711279126652,198.04438263544472,428.1415176926379,153.0159191493047,16966800.0,18139100,351782200
2025-01-08,195.1676483154297,423.7104187011719,140.0971221923828,197.41508784704052,426.11559975123726,143.9367655713296,193.52951522204586,420.69647292951623,137.5473535279277,193.72928457657076,422.61261379874435,142.5668963792699,14335300.0,15054600,227349900
2025-01-10,192.95018005371094,418.11163330078125,135.8975067138672,197.39511312065048,423.86008600637365,139.90713250101766,191.38197456331892,414.1894746460312,134.20765966847648,195.19761966253236,423.7802594986814,137.43735839735214,20753800.0,20201100,207602500
2025-01-13,192.0711669921875,416.35516357421875,133.21774291992188,192.27095158503425,417.66253969684465,133.47772877314173,188.4453083016719,411.4649750549722,129.49808381781634,191.13224951636064,414.4090535363967,129.97805065881337,13169100.0,17604800,204808900
2025-01-14,190.8325958251953,414.8382263183594,131.7478790283203,193.050070773715,418.9000587938386,136.3674645891877,189.42419669059564,409.89811945983064,130.03804480886453,192.28094273517524,416.9739281792526,136.0374931021696,13651200.0,16935900,195590500
2025-01-15,196.75584411621094,425.4569091796875,136.22747802734375,197.57491832048342,427.29322350331137,136.43745017340345,193.11000369739423,417.4329894853562,131.277920981104,194.12884726518368,418.29128437786517,133.63770458598145,12894900.0,19637800,185217300
2025-01-16,194.1887664794922,423.7303466796875,133.55772399902344,196.75583391247915,428.6305247845027,138.73724031386243,194.0788910490422,423.5407549144398,133.47772952507327,195.60214951346643,427.84212760615685,138.6272498193542,13449600.0,15300000,209235600
2025-01-17,197.3251953125,428.1714782714844,137.6973419189453,198.58375597214695,433.61058460419247,138.48726255165812,195.0877388983694,427.31321381371214,135.44754884500142,197.82462632303964,433.22135040368397,136.67743145335606,22109100.0,26197500,201188800
2025-01-21,199.40283203125,427.64251708984375,140.81704711914062,203.6080326445683,430.03770829379437,141.8169551308445,199.21304580682195,424.7483264493822,137.07738566270945,200.28182025394423,429.33912735658424,139.14720257048143,19005200.0,26085700,197749000
2025-01-22,199.8023681640625,445.30712890625,147.05648803710938,201.88998612293432,446.37496460039233,147.77640781491758,198.9733108604717,435.1275277712005,143.65679142482674,200.32178068082086,436.68440364505375,144.64670591256592,15477400.0,27803800,237651400
2025-01-23,199.35289001464844,445.8160705566406,147.2064666748047,201.71020506522237,445.85599903960934,147.2164602628041,196.59603624015026,440.61650492666485,143.706788444335,199.75242873857272,441.1155043659929,145.03666800279981,15170800.0,18389300,155915500
2025-01-24,201.6702423095703,443.17138671875,142.60687255859375,202.33949329722083,445.7562002010948,148.95629439391405,199.5566528889042,440.5167060042179,141.86695041120194,199.6225872950207,444.2691915941594,148.35634349735062,12732400.0,15549500,234657600
2025-01-27,193.54949951171875,433.6903991699219,118.40910339355469,198.44391735433535,434.32913308449037,128.3881809500624,192.48070982544095,422.6525337820519,116.68926041493282,193.96901973467803,423.16152296669173,124.78852130861458,24970200.0,35647800,818830900
2025-01-28,196.8457489013672,446.30511474609375,128.9781494140625,197.00555524376668,447.4827461239755,128.9881430022562,192.39081751116362,430.51676503368185,116.23931491482392,194.42848935993928,433.73032267022137,121.79880142784785,15939200.0,23491700,579666400
2025-01-29,196.9556121826172,441.44482421875,123.6886215209961,198.2341696318412,445.98573732495043,126.87833061040895,194.96788645279017,439.51869372032735,120.03896327722832,197.14539841120728,445.79611510422404,126.48836708502724,12287800.0,23581400,467120600
2025-01-30,202.3994140625,414.1595458984375,124.63853454589844,203.00672387191645,422.0137922192137,124.9885008224628,199.24500307805343,412.33322134699057,118.08913405132431,199.53266972822976,417.9319804505241,123.08867408422283,14571500.0,54586300,392925500
2025-01-31,205.3660430908203,414.22943115234375,120.0589599609375,206.8443546537246,419.84816997012905,127.83824341487099,203.34833748699367,414.0797374049759,119.1790436181177,203.48317837651163,418.141600337115,123.76861793270326,17087300.0,34223400,390372900
2025-02-03,202.40939331054688,410.09771728515625,116.64927673339844,204.9864590771122,414.57872255523336,118.55909714130068,201.43051282665638,407.8422300476431,112.99961082645434,201.98487391595285,410.7763492208031,114.7394486968032,16719500.0,25679100,371235700
2025-02-04,207.4736328125,411.5447998046875,118.63909149169922,208.46249643839946,413.09171636714575,121.1888524384042,204.02754671792735,408.9200578355856,116.68926621972048,204.2672790849399,411.86416676091864,116.94924444838958,28285400.0,20532100,256550000
2025-02-05,193.0800323486328,412.4629821777344,124.81851959228516,194.32860987902825,413.0018796658512,124.98850212428793,189.69389069585742,409.5787506797878,120.74889426826606,192.88026299205453,411.5248607564065,121.74880228526035,43666400.0,16316700,262230800
2025-02-06,193.0900115966797,414.9879150390625,128.66815185546875,193.60942410647172,417.36315732347487,128.7581551695,190.2732286703268,413.1715497090401,125.19847756454047,190.77265967243562,413.1715497090401,127.40827329026631,20816600.0,16309800,251483600
2025-02-07,186.92703247070312,408.9300537109375,129.8280487060547,192.79534667048466,417.8122379259866,130.35799871586244,184.88936071436743,407.2833615993766,124.9884977355082,192.52066571940506,415.6465973451397,129.20811063964976,29565700.0,22886800,228186300
2025-02-10,187.98582458496094,411.3951110839844,133.55772399902344,189.77379609286592,414.62861779989964,134.98758517024453,187.39649966530655,410.0977246861568,129.94805537047182,188.84484651111416,412.8821197108573,130.0780330404282,16606000.0,20817900,216989100
2025-02-11,186.8571319580078,410.6166687011719,132.7877960205078,188.58515904568145,411.6645553606299,134.4676342706669,185.86825303657443,408.48093644203584,131.0079608594355,186.62239876540912,408.8202828688126,132.56781502240796,13028100.0,18140600,178902400
2025-02-12,185.21897888183594,408.2214660644531,131.12794494628906,186.61739486850084,409.92803560329327,132.22784993678553,183.42103942122037,403.56079794352274,129.0681367435288,185.0192095241481,406.3951110778186,130.00805277951918,17632300.0,19121700,160278600
2025-02-13,187.66619873046875,409.7184753417969,135.27755737304688,187.77607416088287,410.17754630619044,136.487452862588,184.66961270981918,405.54681680905935,131.15794096754342,185.7184056239068,406.185550721702,131.54790450828392,12729300.0,23891700,197430000
2025-02-14,186.6573486328125,407.6126708984375,138.8372344970703,187.93589085274974,408.0917213200678,139.23719160158925,185.89821895267022,405.06778596420224,135.4875365315285,186.6174008565631,406.9739674594389,136.46744211776974,12714200.0,22758500,195479600
2025-02-18,185.58856201171875,408.8202819824219,139.38717651367188,187.56630449733623,409.7783523938356,143.4268135927519,183.3710871600107,405.6865508328786,137.91731045487123,187.226695076443,407.18354917543536,141.25701494818574,19796000.0,21423100,219176600
2025-02-19,186.91705322265625,413.94000244140625,139.21719360351562,187.1467872178663,414.6585628844229,141.34700263351252,185.2889032654933,406.8342549807474,137.2073839146051,185.9731213052312,407.06380569744374,139.49716663707372,13120500.0,24114200,167536000
2025-02-20,186.4276123046875,416.1300048828125,140.0971221923828,186.90706182083724,419.30999755859375,140.6470746897965,184.38994042998203,412.5400085449219,136.7774200315485,186.28777222741775,415.2900085449219,140.01712771481476,12063800.0,23508700,143903600
2025-02-21,181.3733673095703,408.2099914550781,134.41763305664062,187.25666399411273,418.04998779296875,141.4470007486669,180.92388244913036,407.8900146484375,134.01767593596887,187.07686090508184,417.3399963378906,140.02711787829398,19520800.0,27524800,228217600
2025-02-24,180.9838104248047,404.0,130.2680206298828,184.87936617572134,409.3699951171875,138.57725415414035,180.67416563965807,399.32000732421875,130.06804206967678,183.59084088624112,408.510009765625,136.5474420161462,18734000.0,26443700,251381100
2025-02-25,177.16815185546875,397.8999938964844,126.61835479736328,180.55429349830055,401.9200134277344,130.18802626376245,176.56884378749382,396.70001220703125,124.42856133510212,179.94998624296272,401.1000061035156,129.96804527013506,20832500.0,29387400,271428700
2025-02-26,174.50119018554688,399.7300109863281,131.26792907714844,177.87734865828276,403.6000061035156,133.71770077604796,173.3924527442382,394.25,128.478192299153,176.74364576328153,398.010009765625,129.97805439122038,23637200.0,19619000,322553800
2025-02-27,170.0163116455078,392.5299987792969,120.13895416259766,176.38904098824568,405.739990234375,134.99758082030266,169.55882503535227,392.1700134277344,119.99896764539281,175.73978676984865,401.2699890136719,134.9875872324259,25930500.0,21127400,443175800
2025-02-28,172.02401733398438,396.989990234375,124.90850830078125,172.30369747869378,397.6300048828125,125.07849083366686,168.19837398997922,386.57000732421875,116.38929530836823,170.1062040953664,392.6600036621094,118.00914142194866,30049800.0,32845700,389091100
2025-03-03,168.46807861328125,388.489990234375,114.04950714111328,174.80086041257175,398.82000732421875,123.68861991301428,167.4492350449917,386.1600036621094,112.26967207329028,173.5323013294071,398.82000732421875,123.49864257535764,24122000.0,23007700,411381400
2025-03-04,172.41357421875,388.6099853515625,115.97933197021484,174.9656593689528,392.5799865722656,119.29902637351395,167.34933645157065,381.0,110.09987541363249,167.74889040520628,383.3999938964844,110.63982667322061,30711400.0,29342900,398163300
2025-03-05,174.79087829589844,401.0199890136719,117.28921508789062,175.55000797862252,401.6700134277344,118.26912068620358,170.73548550793336,388.80999755859375,114.49947076595478,172.12391841048589,389.3399963378906,117.56918811598004,18848000.0,23433100,284337900
2025-03-06,174.0117645263672,396.8900146484375,110.55982971191406,176.52888591983762,402.1499938964844,115.3393888375433,172.31169022063378,392.67999267578125,110.209863429875,172.35364986457097,394.2799987792969,113.51955654224739,19082400.0,23304600,321181900
2025-03-07,175.5500030517578,393.30999755859375,112.67964172363281,176.69868829805844,394.79998779296875,113.46957000648335,172.05398592128185,385.5400085449219,107.5501084934214,173.0448614517929,392.32000732421875,111.2397716760376,16395300.0,22034100,341755500
2025-03-10,167.80999755859375,380.1600036621094,106.97016143798828,170.4499969482422,386.3999938964844,111.83970852661247,165.56500244140625,377.2200012207031,105.45029700249104,170.16000366210938,385.8399963378906,109.88989097369002,28990700.0,32840100,366487400
2025-03-11,165.97999572753906,380.45001220703125,108.75,168.65499877929688,386.0,112.22967568900775,163.24000549316406,376.9100036621094,104.76036144852146,166.67999267578125,379.0,106.98015850635034,23705900.0,30380200,354865700
2025-03-12,169.0,383.2699890136719,115.73999786376953,169.52999877929688,385.2200012207031,116.76000213623047,165.47999572753906,378.95001220703125,112.87999725341797,168.47000122070312,382.95001220703125,114.12000274658203,19880100.0,24253600,323857500
2025-03-13,164.72999572753906,378.7699890136719,115.58000183105469,168.1199951171875,385.32000732421875,117.76000213623047,164.07000732421875,377.45001220703125,113.79000091552734,167.97999572753906,383.1600036621094,117.02999877929688,15206200.0,20473000,299033100
2025-03-14,167.6199951171875,388.55999755859375,121.66999816894531,168.25,390.2300109863281,121.87999725341797,164.50999450683594,379.510009765625,118.1500015258789,165.31500244140625,379.7799987792969,118.61000061035156,18611100.0,19952800,277593500
2025-03-17,166.57000732421875,388.70001220703125,119.52999877929688,168.4600067138672,392.7099914550781,122.88999938964844,165.80999755859375,385.57000732421875,118.02999877929688,167.3249969482422,386.70001220703125,122.73999786376953,17839100.0,22474300,255501500
2025-03-18,162.6699981689453,383.5199890136719,115.43000030517578,166.44000244140625,387.3699951171875,119.0199966430664,158.8000030517578,381.1000061035156,114.54000091552734,165.9600067138672,387.07000732421875,118.0,24616800.0,19486900,299686900
2025-03-19,166.27999877929688,387.82000732421875,117.5199966430664,168.13299560546875,389.67999267578125,120.44999694824219,163.0500030517578,384.0,115.68000030517578,163.9149932861328,385.5299987792969,117.2699966430664,24955700.0,19185500,273426200
2025-03-20,165.0500030517578,386.8399963378906,118.52999877929688,167.02999877929688,391.7900085449219,120.19999694824219,163.13999938964844,383.2799987792969,116.47000122070312,163.8249969482422,385.739990234375,116.55000305175781,19981500.0,18470500,248829700
2025-03-21,166.25,391.260009765625,117.69999694824219,166.47000122070312,391.739990234375,117.98999786376953,163.02999877929688,382.79998779296875,115.41999816894531,163.3800048828125,383.2200012207031,116.94000244140625,29882100.0,39675900,266498500
2025-03-24,169.92999267578125,393.0799865722656,121.41000366210938,170.5,395.3999938964844,122.22000122070312,167.44000244140625,389.80999755859375,119.33999633789062,169.26499938964844,395.3999938964844,119.87999725341797,18742800.0,21004500,228452500
2025-03-25,172.7899932861328,395.1600036621094,120.69000244140625,172.91000366210938,396.3599853515625,121.29000091552734,170.5500030517578,392.6400146484375,118.91999816894531,171.17999267578125,393.9200134277344,120.55000305175781,13841600.0,15775000,167447200
2025-03-26,167.13999938964844,389.9700012207031,113.76000213623047,171.94000244140625,395.30999755859375,118.83999633789062,166.86099243164062,388.57000732421875,112.70999908447266,171.3000030517578,395.0,118.7300033569336,22498000.0,16108400,293463300
2025-03-27,164.0800018310547,390.5799865722656,111.43000030517578,167.44000244140625,392.239990234375,114.44999694824219,163.85000610351562,387.3999938964844,110.66000366210938,166.7100067138672,390.1300048828125,111.3499984741211,21571200.0,13766800,236902100
2025-03-28,156.05999755859375,378.79998779296875,109.66999816894531,163.80999755859375,389.1300048828125,112.87000274658203,155.33900451660156,376.92999267578125,109.06999969482422,162.36000061035156,388.0799865722656,111.48999786376953,34866500.0,21632000,229872500
2025-03-31,156.22999572753906,375.3900146484375,108.37999725341797,157.1300048828125,377.07000732421875,110.95999908447266,152.2100067138672,367.239990234375,103.6500015258789,154.80999755859375,372.5400085449219,105.12999725341797,33591600.0,35184700,299212700
2025-04-01,158.8800048828125,382.19000244140625,110.1500015258789,160.0800018310547,382.8500061035156,110.19999694824219,155.2550048828125,373.2300109863281,106.47000122070312,155.3000030517578,374.6499938964844,108.5199966430664,20111400.0,19689500,222614000
2025-04-02,158.86000061035156,382.1400146484375,110.41999816894531,160.27499389648438,385.0799865722656,111.9800033569336,156.52999877929688,376.6199951171875,106.79000091552734,156.9600067138672,377.9700012207031,107.29000091552734,17113300.0,16092600,220601200
2025-04-03,152.6300048828125,373.1099853515625,101.80000305175781,154.68699645996094,377.4800109863281,105.62999725341797,152.17999267578125,369.3500061035156,101.5999984741211,152.8350067138672,374.7900085449219,103.51000213623047,28416100.0,30198000,338769400
2025-04-04,147.74000549316406,359.8399963378906,94.30999755859375,153.08999633789062,374.5899963378906,100.12999725341797,147.5399932861328,359.4800109863281,92.11000061035156,149.89999389648438,364.1300048828125,98.91000366210938,39786000.0,49138700,529707700
2025-04-07,,356.07000732421875,97.28050231933594,,370.9999084472656,101.73999786376953,,344.7900085449219,86.62999725341797,,350.3599853515625,87.52999877929688,,38982383,548509929
